,smiles,density
0,*C*,0.9362
1,*CC(*)C,0.9031
2,*CC(*)CC,0.9
3,*CC(*)CCC,0.9
4,*CC(*)C(C)C,0.906
5,*CC(*)CCCC,0.854
6,*CC(*)CC(C)C,0.832
7,*CC(*)CCCCC,0.8354
8,*CC(*)CCC(C)C,0.855
9,*CC(*)CCC(C)CC,0.9
10,*CC(*)CCCCCCC,0.8418
11,*CC(*)CCCCCCCC,0.857
12,*CC(*)(C)C,0.912
13,*CCC(*)(C)C,0.8718
14,*CC(*)C1CC1,0.9805
15,*CC(*)C1CCCC1,0.97
16,*CC(*)CC1CCCC1,0.924
17,*CC(*)C1CCCCC1,0.944
18,*CC(*)CC1CCCCC1,0.926
19,*CC(*)Cc1ccccc1,1.051
20,*CC(*)CCc1ccccc1,1.045
21,*CC1CCC(*)C1,1.111
22,*CC(*)CCCCCC,0.85
23,*CC(*)CCCCCCCCCCCCCCCC,0.8969
24,*CC(*)C(C)CC,0.922
25,*CC(*)C(CC)CC,0.89
26,*CC(*)CC(CC)CC,0.86
27,*CC(*)CC(C)CC,0.9
28,*CC(*)CC(C)(C)C,0.85
29,*/C=C/CCC*,0.89
30,*/C=C/CC*,0.89
31,*C(*)C,0.9195
32,*/C=C/*,1.16
33,*CCC(C)C(*)C,0.9
34,*CCC1CCCC1*,1.01
35,*/C=C/CCCCCCCCCC*,0.995
36,*/C=C/CCCCCC*,1.0
37,*CC(*)CCCCCCCCCCC,0.8532
38,*CC(*)CCCCCCCCC,0.8489
39,*CC(*)C1CCCC(C)C1,0.9237
40,*CC(*)C1CCC(C)CC1,0.9249
41,*CC(*)C1CC=CCC1,1.128
42,*C1CCC1*,1.0475
43,*/C=C/CCCCC*,1.0295
44,*/C=C/C1CCC(*)C1,1.3
45,*CC/C=C(/*)CCC,0.935
46,*CC(*)c1ccccc1,1.048
47,*CC(*)c1ccccc1C,1.032
48,*CC(*)c1ccccc1F,1.29
49,*CC(*)c1cccc(C)c1,1.0285
50,*CC(*)c1ccc(C)cc1,1.016
51,*CC(*)c1ccc(C(C)(C)C)cc1,0.9479
52,*CC(*)c1ccc(Cl)cc1,1.2175
53,*CC(*)c1ccc(Br)cc1,1.408
54,*CC(*)c1ccc(F)cc1,1.2
55,*CC(*)c1ccc(OC)cc1,1.0635
56,*CC(*)c1c(C)cc(C)cc1C,1.168
57,*CC(*)c1cc(C)c(C)cc1C,0.996
58,*CC(*)(C)c1ccccc1,1.065
59,*CC(*)c1cccc2ccccc12,1.12
60,*CC(*)c1ccc(B(O[Si](C)(C)C)O[Si](C)(C)C)cc1,0.9748
61,*CC(*)c1ccc2ccccc2c1,1.108
62,*CC(*)c1ccncc1,1.1884
63,*CC(*)c1ccc(C)nc1,1.103
64,*CC(*)n1cc2ccccc2n1,1.23
65,*CC(*)c1ccc(O)cc1,1.18
66,*C([2H])([2H])C(*)([2H])c1c([2H])c([2H])c([2H])c([2H])c1[2H],1.116
67,*CC(*)O,1.3
68,*CC(*)OC(=O)CCCCCCCCCCC,0.897
69,*CC(*)OC(=O)CCCCCCCCCCCCCCC,0.891
70,*CC(*)C(C)=O,1.195
71,*CC(*)(C)C(C)=O,1.15
72,*CC(*)C#N,1.18
73,*CC(*)(C)C#N,1.13895
74,*CC(*)c1ccccn1,1.151
75,*CC(*)n1c2ccccc2c2ccccc21,1.18915
76,*CC(*)C[Si](C)(C)C,0.876
77,*CC(*)OC,1.05
78,*CC(*)OCC,0.968
79,*CC(*)OCCCC,0.9285
80,*CC(*)OCCCCC,0.918
81,*CC(*)OCCCCCC,0.9135
82,*CC(*)OCCCCCCCCCC,0.8815
83,*CC(*)OC(C)=O,1.185
84,*CC(*)OC(=O)CC,1.048
85,*CC(*)OC(=O)c1ccccc1,1.214
86,*CC(*)OCC(C)C,0.93
87,*CC(*)CCCN(C(C)C)C(C)C,0.889
88,*CC(*)CCCN(CC(C)C)CC(C)C,0.867
89,*CC(*)O[N+](=O)[O-],1.586
90,*C#C/C(COS(=O)(=O)c1ccc(C)cc1)=C(/*)COS(=O)(=O)c1ccc(C)cc1,1.4965
91,*CC(*)CC[Si](C)(C)C,0.898
92,*CC(*)OC=O,1.42
93,*CC(*)OC(C)(C)C,0.971
94,*CC(*)OC(C)C,0.93
95,*CC(*)(C)OC,1.0355
96,*CC(*)OCC(C)(C)C,0.91
97,*CC(*)OC(C)CC,0.9395
98,*CC(*)OC(=O)C(F)(F)F,1.55
99,*CC(*)OCCCCCCCCCCCC,0.892
100,*C1CC(*)(C#N)C1,1.1
101,*CC(*)Cc1cccc(C)c1,1.039
102,*CC(*)Cc1ccccc1C,1.031
103,*CC(*)Cc1ccc(C)cc1,1.035
104,*CC(*)OC(=O)c1ccc(C(C)(C)C)cc1,1.112
105,*CC/C=C(/*)c1ccccc1,1.063
106,*CC(*)OCC(CC)CCCC,0.9005
107,*CC(*)SCCCC,0.984
108,*CC(*)SC,1.184
109,*CC(*)OCCCCCCCC,0.9035
110,*CC(*)OCCC,0.94
111,*CC(*)OC(=O)CCCC(=O)c1ccccc1,0.851
112,*CC(*)OC(=O)C1CCCCC1,1.119
113,*CC(*)OC(=O)c1ccc(CC)cc1,1.145
114,*CC(*)OC(=O)c1ccncc1,1.288
115,*CC(*)OC(=O)c1ccc(C(C)C)cc1,1.198
116,*CC(*)OC(=O)c1ccc(C)cc1,1.163
117,*CC(*)OC(=O)c1cccnc1,1.296
118,*CC(*)OC(=O)CCCCCCC,0.939
119,*CC(*)OC(=O)CCl,1.46
120,*CC(*)[SiH2]CC,0.98
121,*CC(*)OC(=O)CCCCCCCCC,0.916
122,*CC(*)OC(=O)CCCCC,0.975
123,*C1Cc2ccccc2C1*,0.63
124,*CCC/C=C(/*)c1ccc(OC)cc1,1.083
125,*CCC/C=C(/*)c1ccccc1,1.04
126,*CCC/C=C(/*)c1ccc(Cl)cc1,1.173
127,*/C(C)=C(/*)[Si](C)(C)C,0.77
128,*CC(*)n1ccnc1,1.07
129,*CC(*)N1CCCC1=O,1.2
130,*CC(*)C(=O)O,1.42
131,*CC(*)C(=O)OC,1.214
132,*CC(*)C(=O)OCC,1.133
133,*CC(*)C(=O)OC(C)C,1.13
134,*CC(*)C(=O)OCCCC,1.074
135,*CC(*)C(=O)OCC(C)C,1.05
136,*CC(*)C(=O)OC(C)CC,1.413
137,*CC(*)C(=O)OC(C)(C)C,1.18
138,*CC(*)C(=O)OCCCCCCCCCCCCCCCCCC,0.9754
139,*CC(*)C(=O)OCCCCCCCCCCCCCCCCCCCCCC,0.9752
140,*CC(*)(C)C(=O)OC,1.19
141,*CC(*)(C)C(=O)OCC,1.11
142,*CC(*)(C)C(=O)OCCC,1.088
143,*CC(*)(C)C(=O)OC(C)C,1.0315
144,*CC(*)(C)C(=O)OCCCC,1.0562
145,*CC(*)(C)C(=O)OC(C)CC,1.052
146,*CC(*)(C)C(=O)OCC(C)C,1.04885
147,*CC(*)(C)C(=O)OC(C)(C)C,1.0215
148,*CC(*)(C)C(=O)OCCCCCC,1.028
149,*CC(*)(C)C(=O)OCCCCCCCC,0.998
150,*CC(*)(C)C(=O)OCCCCCCCCCCCC,0.984
151,*CC(*)(C)C(=O)OCCCCCCCCCCCCCCCCCC,0.9686
152,*CC(*)(C)C(=O)OC1CCCCC1,1.1075
153,*CC(*)(C)C(=O)Oc1ccccc1,1.24
154,*CC(*)(C)C(=O)OCc1ccccc1,1.1875
155,*CC(*)(C)C(=O)OCCCl,1.32
156,*CC(*)(C)C(=O)OCC(F)(F)F,1.4531
157,*CC(*)(C)C(=O)OCC(F)(F)C(F)F,1.496
158,*CC(*)(C)C(=O)OC(C)C(F)(F)F,1.34
159,*CC(*)(C)C(=O)OCc1ccccc1Cl,1.23
160,*CC(*)(C)C(=O)OCCO,1.285
161,*CC(*)(C)C(=O)OCCOCC,1.169
162,*CC(*)(Cl)C(=O)OC,1.49
163,*CC(*)(Cl)C(=O)OCC,1.39
164,*CC(*)(Cl)C(=O)OC(C)CC,1.24
165,*CC(*)(Cl)C(=O)OC1CCCCC1,1.25
166,*CC(*)C(N)=O,1.21
167,*CC(*)C(=O)NC(C)C,1.159
168,*CC(*)C(=O)N(CCCC)CCCC,1.02
169,*CC(*)C(=O)OC1CCCCC1,1.104
170,*CC(*)(C)C(=O)OCCCCCCCCCC,0.9696
171,*CC(*)(Cl)C(=O)OCCC,1.3
172,*CC(*)(Cl)C(=O)OCCCC,1.24
173,*CC(*)C(=O)OC12CC3CC(C)(CC(C)(C3)C1)C2,1.043
174,*CC(*)C(=O)N1CCCCC1,0.99
175,*CC(*)C(=O)N1CCOCC1,1.238
176,*CC(*)C(=O)Oc1ccc(-c2ccccc2)cc1,1.236
177,*CC(*)(C)C(=O)OCCCCC,1.042
178,*CC(*)(C)C(=O)OCCC(C)(C)C,1.0
179,*CC(*)(C)C(=O)OC(C)C(C)(C)C,0.99
180,*CC(*)(C)C(=O)OCCOC,1.19
181,*CC(*)(C)C(=O)OCCOCCO,1.26
182,*CC(*)(C)C(=O)OCC(C)O,1.215
183,*CC(*)(C)C(=O)OCCC#N,1.24
184,*CC(*)(C)C(=O)OCC[N+](=O)[O-],1.354
185,*CC(*)(C)C(=O)OCCO[N+](=O)[O-],1.418
186,*CC(*)(C)C(=O)OCC(F)(F)C(F)(F)C(F)(F)C(F)F,1.6382
187,*CC(*)(C)C(=O)OC12CC3CC(C)(CC(C)(C3)C1)C2,1.052
188,*CC(*)(CC(=O)OCC)C(=O)OCC,1.23
189,*CC(*)(CC(=O)OCCCC)C(=O)OCCCC,1.1
190,*CC(*)(Cl)C(=O)OC(C)C,1.27
191,*CC(*)(CC(=O)OC1CCCCC1)C(=O)OC1CCCCC1,1.157
192,*CC(*)(CC(=O)OCC1CCCCC1)C(=O)OCC1CCCCC1,1.126
193,*CC(*)(CC(=O)OCCC1CCCCC1)C(=O)OCCC1CCCCC1,1.1
194,*CC(*)(CC(=O)OCCCC1CCCCC1)C(=O)OCCCC1CCCCC1,1.075
195,*CC(*)(CC(=O)Oc1ccccc1)C(=O)Oc1ccccc1,1.24
196,*CC(*)(CC(=O)OCc1ccccc1)C(=O)OCc1ccccc1,1.21
197,*CC(*)(CC(=O)OCCc1ccccc1)C(=O)OCCc1ccccc1,1.186
198,*CC(*)(CC(=O)OCCCc1ccccc1)C(=O)OCCCc1ccccc1,1.155
199,*CC(*)C(=O)OCCC(C)OC,1.1587
200,*CC(*)(CC(=O)OC)C(=O)OC,1.26
201,*C(*)C(=O)OCC,1.221
202,*C(*)C(=O)OC,1.295
203,*C(*)C(=O)OCCC,1.161
204,*CC(*)(CC(=O)OCCC)C(=O)OCCC,1.18
205,*CC(*)(CC(=O)Oc1ccccc1C)C(=O)Oc1ccccc1C,1.135
206,*CC(*)(CC(=O)Oc1cccc(C)c1)C(=O)Oc1cccc(C)c1,1.11
207,*CC(*)(CC(=O)Oc1ccc(C)cc1)C(=O)Oc1ccc(C)cc1,1.07
208,*CC(*)C(=O)OCCO,1.2785
209,*CC(*)(C)C(=O)OCCOCCOCCO,1.24
210,*CC(*)C(=O)O[Na],1.48
211,*CC(*)(C)C(=O)OCC#C,1.17
212,*CC(*)C(=O)OC1CCCCCCCCCCC1,1.05
213,*CC(*)F,1.38
214,*CC(*)Cl,1.394
215,*CC(*)(F)F,1.7704
216,*CC(*)(Cl)Cl,1.8715
217,*C(F)C(*)(F)F,2.04
218,*C(*)(F)F,2.171
219,*C(F)(F)C(*)(F)Cl,2.12
220,*CC/C=C(/*)Cl,1.2585
221,*C(F)(F)C(*)(F)C(F)(F)F,2.005
222,*CC(*)Br,2.17
223,*C(=C(F)F)C(*)(F)F,1.99
224,*CCC(F)(F)C(*)(F)Cl,1.67
225,*CCC(F)(F)C(*)(F)F,1.7585
226,*CC(*)(Br)Br,3.0275
227,*CC(F)(F)CC(*)(C(F)(F)F)C(F)(F)F,1.88
228,*CCCCCCCCC(Cl)C(*)Cl,1.14
229,*CCCCCCCCCCC(Cl)C(*)Cl,1.1
230,*CCCC(Cl)C(*)Cl,1.4
231,*CCC(Cl)C(*)Cl,1.46
232,*CC/C=C(/*)C,1.12
233,*/C=C/C(C)C*,1.015
234,*/C=C/C(C*)CC,0.985
235,*CC(*)=C,1.07
236,*CC(*)C=C,0.901
237,*CC(*)C=C(C)C,0.88
238,*CC/C=C(/*)C(C)(C)C,0.893
239,*CC/C(C)=C(/*)C,0.905
240,*/C=C/C(C(=O)OC(C)C)C(*)C(=O)OC(C)C,1.06
241,*CC(C)/C=C(/*)C,0.88
242,*CO*,1.425
243,*OC(*)C,1.1055
244,*OC(*)C(Cl)(Cl)Cl,2.012
245,*OC(*)CC,1.05
246,*OC(*)CCC,1.0
247,*OC(*)CCC#N,1.22
248,*CCO*,1.203
249,*CC(C)O*,1.0031
250,*CC(CCl)O*,1.367
251,*CC(O*)C(F)(F)F,1.64
252,*CC(CC)O*,0.968
253,*CC(COC)O*,1.095
254,*CC(C)(C)O*,1.0865
255,*CC(CCCC)O*,0.9475
256,*CC(O*)C(C)(C)C,0.995
257,*CC(COCC)O*,1.025
258,*CC(COCC=C)O*,1.048
259,*CC(COCCCC)O*,0.982
260,*CC(CCCCCC)O*,0.959
261,*CC(COCCCCCC)O*,0.966
262,*CC(O*)c1ccccc1,1.151
263,*CC(COc1ccccc1)O*,1.272
264,*CC(COc1ccccc1Cl)O*,1.384
265,*OC(C)C(*)C,1.055
266,*CCCO*,1.14
267,*CC(C)(C)CO*,0.985
268,*CC(CO)(CO)CO*,1.28
269,*CC(CO*)(COCC)COCC,1.165
270,*CC(CCl)(CCl)CO*,1.41
271,*CCCCO*,1.02
272,*CCCCCCO*,1.06
273,*CCCCCCCCO*,1.03
274,*CCCCCCCCCO*,1.025
275,*CCCCCCCCCCO*,1.03
276,*CCCCCCCCCCCCO*,1.025
277,*Oc1ccc(*)cc1,1.4165
278,*Oc1c(C)cc(*)cc1C,1.061
279,*Oc1c(-c2ccccc2)cc(*)cc1-c1ccccc1,1.1915
280,*OC1C(C)(C)C(*)C1(C)C,1.06
281,*CCOCO*,1.41
282,*CCCCOCO*,1.185
283,*CCCCCOCO*,1.14
284,*CCCCCCOCO*,1.08
285,*CCOCCOC(=O)CCCCCCCCC(=O)O*,1.128
286,*C(=O)OCCOC(=O)c1ccc(*)o1,1.433
287,*CCOCCOC(=O)c1cccc(C(=O)O*)c1,1.3165
288,*CCOC(=O)c1ccc(O*)cc1,1.39
289,*CCOc1ccc(C(=O)OCCOC(=O)c2ccc(O*)cc2)cc1,1.3631
290,*CCCCOc1ccc(C(=O)OCCOC(=O)c2ccc(O*)cc2)cc1,1.2973
291,*CCCCC(=O)NCc1ccc(CNC(=O)CCCCO*)cc1,1.178
292,*Oc1ccc(NC(=O)c2cccc(C(=O)Nc3ccc(*)cc3)c2)cc1,1.26
293,*Oc1ccc(NC(=O)c2ccc(C(=O)Nc3ccc(*)cc3)cc2)cc1,1.37
294,*CCCCOc1ccc(C(=O)OC(=O)c2ccc(O*)cc2)cc1,1.2835
295,*CCCCCCOc1ccc(C(=O)OC(=O)c2ccc(O*)cc2)cc1,1.233
296,*Oc1ccc(S(=O)(=O)c2ccc(*)cc2)cc1,1.3658
297,*Oc1ccc(S(=O)(=O)c2ccc(Oc3ccc(C(C)(C)c4ccc(*)cc4)cc3)cc2)cc1,1.24
298,*OC(*)CCCCCC,0.995
299,*CCOCCOC(=O)CCCCC(=O)O*,1.1918
300,*CCOC(=O)c1ccc(C(C)(CC)c2ccc(C(=O)O*)cc2)cc1,1.2
301,*c1ccc(C(=O)Nc2ccc(Oc3ccc(NC(=O)c4ccc(C5(*)OC(=O)c6ccccc65)cc4)cc3)cc2)cc1,1.287
302,*Oc1ccc(S(=O)(=O)c2ccc(Oc3ccc(Cc4ccc(*)cc4)cc3)cc2)cc1,1.282
303,*CC(O)COc1ccc(C(C)(C)c2ccc(O*)cc2)cc1,1.2
304,*CC(O)COc1ccc(S(=O)(=O)c2ccc(O*)cc2)cc1,1.38
305,*OC(F)(F)C(F)(F)C(F)(F)C(*)(F)F,1.775
306,*CC(CCCCCCCCCC)O*,0.862
307,*CC1CC(*)OC(CCC)O1,1.1
308,*OC1CCCCC1*,1.067
309,*CCCCCCCCc1nnc(*)o1,1.21
310,*CCCCCCCCCc1nnc(*)o1,1.28
311,*CCCCCCCCCCc1nnc(*)o1,1.22
312,*c1ccc(Oc2ccc(-c3nnc(*)o3)cc2)cc1,1.3075
313,*c1ccc(C2(c3ccc(-c4nnc(*)o4)cc3)OC(=O)c3ccccc32)cc1,1.3195
314,*Oc1ccc(Oc2ccc(C(=O)c3ccc(*)cc3)cc2)cc1,1.2967
315,*Oc1cccc(S(=O)(=O)c2ccc(*)cc2)c1,1.3858
316,*Oc1ccc(S(=O)(=O)c2ccc(Oc3ccc(C(c4ccc(*)cc4)(C(F)(F)F)C(F)(F)F)cc3)cc2)cc1,1.43
317,*Oc1ccc(S(=O)(=O)c2ccc(Oc3c(C)cc(C(C)(C)c4cc(C)c(*)c(C)c4)cc3C)cc2)cc1,1.1655
318,*Oc1ccc(S(=O)(=O)c2ccc(Oc3ccc(C(C)(c4ccccc4)c4ccc(*)cc4)cc3)cc2)cc1,1.239
319,*Oc1ccc(S(=O)(=O)c2ccc(-c3ccc(S(=O)(=O)c4ccc(Oc5ccc(C(C)(C)c6ccc(*)cc6)cc5)cc4)cc3)cc2)cc1,1.26
320,*Oc1ccc(S(=O)(=O)c2ccc(Oc3ccc(-c4ccc(*)cc4)cc3)cc2)cc1,1.238
321,*Oc1ccc(Oc2ccc(S(=O)(=O)c3ccc(*)cc3)cc2)cc1,1.329
322,*Oc1ccc(Oc2ccc(Oc3ccc(S(=O)(=O)c4ccc(*)cc4)cc3)cc2)cc1,1.33
323,*Oc1ccc(S(=O)(=O)c2ccc(Oc3ccc(C(=O)c4ccc(*)cc4)cc3)cc2)cc1,1.317
324,*CC(CC)(CC)CO*,1.04
325,*CC(O*)C(C)C,1.025
326,*CCOCCOCCOC(=O)c1ccc(-c2ccc(C(=O)O*)cc2)cc1,1.3
327,*c1ccc(-c2nc3cc4nc(*)oc4cc3o2)cc1,1.66
328,*CCOCCOC(=O)c1ccc(-c2ccc(C(=O)O*)cc2)cc1,1.32
329,*CCOCCOC(=O)c1ccc(C(=O)O*)cc1,1.5
330,*c1ccc(Oc2ccc(-c3cc(-c4ccccc4)c4cc(Oc5ccc6nc(*)cc(-c7ccccc7)c6c5)ccc4n3)cc2)cc1,1.174
331,*ON(C(F)(F)F)C(F)(F)C(*)(F)F,1.938
332,*CC(C)(CC)CO*,0.966
333,*CC(C)(CO)CO*,1.144
334,*c1ccc2oc(*)nc2c1,1.638
335,*Oc1ccc(C(=O)c2ccc(C(=O)c3ccc(*)cc3)cc2)cc1,1.395
336,*Oc1ccc(-c2ccc(Oc3ccc(C(=O)c4cccc(C(=O)c5ccc(*)cc5)c4)cc3)cc2)cc1,1.374
337,*Oc1ccc(S(=O)(=O)c2ccc(Oc3ccc(C(=O)c4cccc(C(=O)c5ccc(*)cc5)c4)cc3)cc2)cc1,1.32
338,*/C=C/c1sc(*)c(OCCCC)c1OCCCC,1.36
339,*Oc1ccc(C(c2ccc(Oc3ccc(C(=O)c4ccccc4-c4ccccc4C(=O)c4ccc(*)cc4)cc3)cc2)(C(F)(F)F)C(F)(F)F)cc1,1.307
340,*Oc1ccc(Oc2ccc(C(=O)c3ccc(*)cc3)cc2)cc1C(C)(C)C,1.1365
341,*Oc1ccc(Oc2ccc(C(=O)c3ccc(*)cc3)cc2)cc1C,1.267
342,*c1c(C)cc(Cc2cc(C)c(N3C(=O)c4ccc(Oc5cccc6c(Oc7ccc8c(c7)C(=O)N(*)C8=O)cccc56)cc4C3=O)c(C)c2)cc1C,1.225
343,*c1cccc(Oc2ccc(-c3ccc(Oc4cccc(-n5c(=O)c6cc7c(=O)n(*)c(=O)c7cc6c5=O)c4)cc3)cc2)c1,1.47
344,*Oc1ccc(S(=O)(=O)c2ccc(Oc3ccc(C4(c5ccc(*)cc5)c5ccccc5-c5ccccc54)cc3)cc2)cc1,1.245
345,*Oc1ccc(NC(=O)c2cccc(C(=O)Nc3ccc(Oc4ccc(C(c5ccc(*)cc5)(C(F)(F)F)C(F)(F)F)cc4)cc3)c2)cc1,1.63
346,*Oc1ccc(NC(=O)c2cc(C(=O)Nc3ccc(Oc4ccc(C(c5ccc(*)cc5)(C(F)(F)F)C(F)(F)F)cc4)cc3)cc(C(C)(C)C)c2)cc1,1.55
347,*CC(C[N-][N+]#N)O*,1.29
348,*CS*,1.5765
349,*CCS*,1.41
350,*CCSSSS*,1.46405
351,*CC(C)S*,1.2
352,*CC(S*)C(C)(C)C,1.09
353,*CC(CC)S*,1.093
354,*CC(COCC=C)S*,1.123
355,*CCCS*,1.16
356,*CC(C)(C)CS*,1.098
357,*CCCCS*,1.2
358,*CCCCCS*,1.1725
359,*CCCCCCS*,1.0795
360,*Sc1ccc(*)cc1,1.35
361,*CCCCC(=O)NCc1ccc(CNC(=O)CCCCS*)cc1,1.2005
362,*CCCCCC(=O)NCc1ccc(CNC(=O)CCCCCS*)cc1,1.175
363,*CCCCCCC(=O)NCc1ccc(CNC(=O)CCCCCCS*)cc1,1.157
364,*CCCCCCCCC(=O)NCc1ccc(CNC(=O)CCCCCCCCS*)cc1,1.127
365,*CCCCCCCCCCC(=O)NCc1ccc(CNC(=O)CCCCCCCCCCS*)cc1,1.094
366,*CCCCC(=O)NCCc1ccc(CCNC(=O)CCCCS*)cc1,1.174
367,*CCCCCC(=O)NCCc1ccc(CCNC(=O)CCCCCS*)cc1,1.148
368,*CCCCCCC(=O)NCCc1ccc(CCNC(=O)CCCCCCS*)cc1,1.132
369,*CCCCCCCCC(=O)NCCc1ccc(CCNC(=O)CCCCCCCCS*)cc1,1.106
370,*CCCCCCCCCCC(=O)NCCc1ccc(CCNC(=O)CCCCCCCCCCS*)cc1,1.067
371,*Oc1ccc(Sc2ccc(OC(*)=O)cc2)cc1,1.4275
372,*c1ccc2nc(*)sc2c1,1.628
373,*c1ccc(-c2nc3cc4sc(*)nc4cc3s2)cc1,1.71
374,*CCOC(=O)C(=O)O*,1.59
375,*CCOC(=O)CCC(=O)O*,1.384
376,*CCCCOC(=O)CCC(=O)O*,1.2969
377,*CCCOC(=O)CCCC(=O)O*,1.301
378,*CCOC(=O)CCCCC(=O)O*,1.25
379,*CCCOC(=O)CCCCC(=O)O*,1.271
380,*CCCCCCCCCCOC(=O)CCCCC(=O)O*,1.087
381,*CCOC(=O)CCCCCCC(=O)O*,1.237
382,*CCOC(=O)CCCCCCCC(=O)O*,1.172
383,*CCCCCCCCCOC(=O)CCCCCCCC(=O)O*,0.9524
384,*CCCCCCCCCCOC(=O)CCCCCCCC(=O)O*,0.9381
385,*CCOC(=O)CCCCCCCCC(=O)O*,1.169
386,*CCCOC(=O)CCCCCCCCC(=O)O*,1.31
387,*CCCCCCOC(=O)CCCCCCCCC(=O)O*,1.1115
388,*CCCCCCCCCCOC(=O)CCCCCCCCC(=O)O*,1.056
389,*CCOC(=O)c1ccc(C(=O)O*)cc1,1.38
390,*CCOC(=O)c1cccc(C(=O)O*)c1,1.3596
391,*CCCCOC(=O)c1ccc(C(=O)O*)cc1,1.2938
392,*CCCCOC(=O)c1cccc(C(=O)O*)c1,1.309
393,*CCCCCOC(=O)c1ccc(C(=O)O*)cc1,1.2995
394,*CCCCCCOC(=O)c1ccc(C(=O)O*)cc1,1.262
395,*CCCCCCCCCCOC(=O)c1ccc(C(=O)O*)cc1,1.046
396,*CC1CCC(COC(=O)c2ccc(C(=O)O*)cc2)CC1,1.23
397,*Oc1ccc(C(C)(C)c2ccc(OC(=O)c3ccc(C(*)=O)cc3)cc2)cc1,1.24
398,*Oc1ccc(C(C)(C)c2ccc(OC(=O)c3cccc(C(*)=O)c3)cc2)cc1,1.236
399,*CCOC(=O)c1ccc2ccc(C(=O)O*)cc2c1,1.35
400,*CCOC(=O)c1ccc2cc(C(=O)O*)ccc2c1,1.35
401,*CCCCOC(=O)CCCCC(=O)O*,1.13
402,*OC1CCC(OC(=O)CCCCC(*)=O)CC1,1.218
403,*CCOC(=O)c1ccccc1C(=O)O*,1.37925
404,*Oc1cccc(OC(=O)c2cccc(C(*)=O)c2)c1,1.34
405,*Oc1ccc(C(C)(C)c2ccc(OC(=O)c3ccc(C(*)=O)cc3)c(C)c2)cc1C,1.167
406,*Oc1ccc(C2(c3ccc(OC(=O)c4cccc(C(*)=O)c4)cc3)c3ccccc3-c3ccccc32)cc1,1.211
407,*c1ccc(OC(=O)c2ccc(C(=O)Oc3ccc(C4(*)OC(=O)c5ccccc54)cc3)cc2)cc1,1.315
408,*CCOC(=O)c1cccc2c(C(=O)O*)cccc12,1.38
409,*CCOC(=O)c1ccc(C(=O)O*)c2ccccc12,1.36
410,*CC(=O)O*,1.563
411,*CCCCCC(=O)O*,1.135
412,*CCCCCCC(=O)O*,1.076
413,*CCCCCCCCCC(=O)O*,1.06775
414,*CCCCCOC(=O)CCCCCC(=O)O*,1.151
415,*CCCCCCOC(=O)CCCCC(=O)O*,1.222
416,*CCCCCCCCCCOC(=O)CCCCCCCCCCCCCCCCC(=O)O*,1.047
417,*OC(C)CCC(C)OC(=O)CCCCC(*)=O,1.076
418,*CCOC(=O)/C=C/C(=O)O*,1.353
419,*CCCOC(=O)c1ccc(C(=O)O*)cc1,1.3327
420,*CCCCCCCCCCOC(=O)c1cccc(C(=O)O*)c1,1.034
421,*Oc1ccc(OC(=O)c2ccc(C(*)=O)cc2)cc1-c1ccccc1,1.3065
422,*Oc1ccc(-c2ccc(OC(=O)CCCCCC(*)=O)cc2)cc1,1.262
423,*Oc1ccc(-c2ccc(OC(=O)CCCCCCC(*)=O)cc2)cc1,1.253
424,*Oc1ccc(-c2ccc(OC(=O)CCCCCCCC(*)=O)cc2)cc1,1.224
425,*Oc1ccc(-c2ccc(OC(=O)CCCCCCCCC(*)=O)cc2)cc1,1.239
426,*Oc1ccc(-c2ccc(OC(=O)CCCCCCCCCC(*)=O)cc2)cc1,1.204
427,*CCCCCCOC(=O)c1cccc(C(=O)O*)c1,1.109
428,*Oc1ccc(-c2ccc(OC(=O)CCCCCCCCCCC(*)=O)cc2)cc1,1.208
429,*Oc1ccc(-c2ccc(OC(=O)CCCCCCCCCCCC(*)=O)cc2)cc1,1.176
430,*Oc1ccc(-c2ccc(OC(=O)CCCCCCCCCCCCC(*)=O)cc2)cc1,1.185
431,*CC1CCC(COC(=O)CCCCC(=O)O*)CC1,1.1655
432,*CC1CCC(COC(=O)CCC(=O)O*)CC1,1.259
433,*CCOC(=O)CCCCCC(=O)O*,1.278
434,*Oc1ccc(C(*)=O)cc1,1.48
435,*OC(C)CC(*)=O,1.237
436,*OC(C)C(*)=O,1.256
437,*CCC(=O)O*,1.422
438,*OC(CC(*)=O)C(Cl)Cl,1.675
439,*CC(CC)(CC)C(=O)O*,1.05
440,*CC(C)(C)C(=O)O*,1.21
441,*OC(CC)CC(*)=O,1.24
442,*CC(C)(CC)C(=O)O*,1.1
443,*OC(CC(*)=O)C(C)C,1.155
444,*CC(C)(CCC)C(=O)O*,1.07
445,*OC(CC(*)=O)C(Cl)(Cl)Cl,1.81
446,*Oc1ccc(OC(=O)CCCCC(*)=O)cc1,1.287
447,*CCCOC(=O)CCCCCCCCCCCCCCCCC(=O)O*,1.0595
448,*OC(=C)CC(*)=O,1.38
449,*Sc1ccc(-c2ccc(SC(=O)c3cccc(C(*)=O)c3)cc2)cc1,1.335
450,*CC1CCC(COC(=O)C2CCC(C(=O)O*)CC2)CC1,1.14
451,*CCOC(=O)C1CCC(C(=O)O*)CC1,1.2187
452,*CCOC(=O)c1ccc(-c2ccc(C(=O)O*)cc2)cc1,1.32
453,*CCCCCCCCCCCCOC(=O)c1ccc(C(=O)NCCCCCCCCCCCCNC(=O)c2ccc(C(=O)O*)cc2)cc1,1.176
454,*CCOC(=O)c1ccc(C(=O)NCCCCCCCCCCCCNC(=O)c2ccc(C(=O)O*)cc2)cc1,1.213
455,*CCCCCC(=O)NCCCCCCNC(=O)CCCCCOC(=O)CCCCC(=O)O*,1.135
456,*CCCCCCOC(=O)c1ccc(C(=O)NCCCCCCCCCCCCNC(=O)c2ccc(C(=O)O*)cc2)cc1,1.2155
457,*CCCCCCOC(=O)c1ccc(C(=O)NCCCCCCNC(=O)c2ccc(C(=O)O*)cc2)cc1,1.2775
458,*CCCCCCOC(=O)CCCCCCCC(=O)O*,1.0312
459,*CCCCCCOC(=O)c1ccc(-c2ccc(C(=O)O*)cc2)cc1,1.284
460,*CCCCCCOC(=O)CCCCCC(=O)O*,1.021
461,*CCc1ccc(CCOC(=O)c2ccc(C(=O)O*)cc2)cc1,1.51
462,*CCCCCc1ccc(CCCCCOC(=O)c2ccc(C(=O)O*)cc2)cc1,1.24
463,*CCCCc1ccc(CCCCOC(=O)c2ccc(C(=O)O*)cc2)cc1,1.35
464,*CCCc1ccc(CCCOC(=O)c2ccc(C(=O)O*)cc2)cc1,1.31
465,*Oc1ccc(OC(=O)c2ccc(C(*)=O)cc2)cc1,1.39
466,*CCCCOC(=O)CCCCCCCC(=O)O*,1.1087
467,*CCCOC(=O)c1cccc(C(=O)O*)c1,1.207
468,*CC(C)(C)COC(=O)CCC(=O)O*,1.17
469,*Cc1ccc(COC(=O)c2ccc(C(=O)O*)cc2)cc1,1.4
470,*Oc1ccc(-c2ccc(OC(=O)c3cccc(C(*)=O)c3)cc2)cc1,1.39
471,*Oc1ccc(C(C)(C)c2ccc(OC(=O)c3cccc(C(*)=O)c3)c(C)c2)cc1C,1.198
472,*Oc1c(C)cc(C(C)(C)c2cc(C)c(OC(=O)c3cccc(C(*)=O)c3)c(C)c2)cc1C,1.1215
473,*CCCOC(=O)c1ccc2cc(C(=O)O*)ccc2c1,1.329
474,*Oc1ccc(C(C)(C)c2ccc(OC(=O)c3ccc(C(C)(CC)c4ccc(C(*)=O)cc4)cc3)cc2)cc1,1.14
475,*Oc1c(C)cc(C(C)(C)c2cc(C)c(OC(=O)c3ccc(C(*)=O)cc3)c(C)c2)cc1C,1.1135
476,*Oc1ccc(C2(c3ccc(OC(=O)c4ccc(C(*)=O)cc4)cc3)c3ccccc3-c3ccccc32)cc1,1.376
477,*Oc1ccc(C(c2ccc(OC(=O)c3ccc(C(*)=O)cc3)cc2)(C(F)(F)F)C(F)(F)F)cc1,1.4041
478,*CCCCCCCCCCCCOC(=O)c1cccc(C(=O)O*)c1,1.008
479,*OC1CCC(OC(=O)CCCCCCCCC(*)=O)CC1,1.136
480,*CCOC(=O)c1ccc(C2(C)CC(C)(C)c3ccc(C(=O)O*)cc32)cc1,1.19
481,*Oc1ccc(OC(=O)CCCCCCCCC(*)=O)cc1,1.1888
482,*CCC(=O)N*,1.36
483,*CCCCNC(=O)CCCCC(=O)N*,1.231
484,*CCCCCNC(=O)CCCCC(=O)N*,1.14
485,*CCCCCC(=O)N*,1.14
486,*CCCCCCNC(=O)CCCCC(=O)N*,1.1422
487,*CCCCCCNC(=O)CCCCCC(=O)N*,1.135
488,*CCCCCCNC(=O)CCCCCCC(=O)N*,1.143
489,*CCCCCCNC(=O)CCCCCCCC(=O)N*,1.1035
490,*CCCCCCNC(=O)CCCCCCCCC(=O)N*,1.09
491,*CCCCCCNC(=O)CCCCCCCCCCC(=O)N*,1.06
492,*CCCCCCC(=O)N*,1.118
493,*CCCCCCCNC(=O)CCCCC(=O)N*,1.1135
494,*CCCCCCCNC(=O)CCCCCC(=O)N*,1.108
495,*CCCCCCCC(=O)N*,1.079
496,*CCCCCCCCNC(=O)CCCCCCCCC(=O)N*,1.07255
497,*CCCCCCCCNC(=O)CCCCCCCCCCC(=O)N*,1.062
498,*CCCCCCCCNC(=O)CCCCCCCCCCCCCCCCCCCCC(=O)N*,1.021
499,*CCCCCCCCC(=O)N*,1.066
500,*CCCCCCCCCC(=O)N*,1.0535
501,*CCCCCCCCCCNC(=O)CCCCCCCCCCC(=O)N*,1.35
502,*CCCCCCCCCCC(=O)N*,1.04
503,*CCCCCCCCCCCC(=O)N*,1.02
504,*CCCCCCCCCCCCNC(=O)CCCCCCCCCCCCCCCCC(=O)N*,1.01
505,*CCCCCCCCCCCCC(=O)N*,1.029
506,*CCCCCCCCCCCCCCNC(=O)CCCCCCCCCCCCCCCCC(=O)N*,1.013
507,*CCCCCCCCCCCCCCCCCCNC(=O)CCCCCCCCCCCCCCCCC(=O)N*,0.998
508,*CCCCCCCCCCNC(=O)CCCCCCCCC(=O)N*,1.0665
509,*CCCNC(=O)CCCCC(=O)NCCCN(*)C,1.12
510,*CCCCP(C)(=O)CCCNC(=O)CCCCC(=O)N*,1.15
511,*CCCP(C)(=O)CCCNC(=O)CCCCC(=O)N*,1.2
512,*CCCP(CCCNC(=O)CCCCC(=O)N*)c1ccccc1,1.16
513,*NC1CCC(CC2CCC(NC(=O)CCCCCCCCCCC(*)=O)CC2)CC1,1.05
514,*CCc1ccc(CCNC(=O)CCCCCCCCCCCCCCC(=O)N*)cc1,1.077
515,*CCc1ccc(CCNC(=O)CCCCCCCCCCCCCCCCC(=O)N*)cc1,1.055
516,*CCc1ccc(CCNC(=O)CCCCCCCCCCCCC(=O)N*)cc1,1.091
517,*CCc1ccc(CCNC(=O)CCCCCCCCCC(=O)N*)cc1,1.108
518,*CCc1ccc(CCNC(=O)CCCCCCCCC(=O)N*)cc1,1.139
519,*Nc1ccc(-c2ccc(NC(=O)c3cccc(C(*)=O)c3)cc2)cc1,1.52
520,*Nc1ccc(Cc2ccc(NC(=O)c3cccc(C(*)=O)c3)cc2)cc1,1.28
521,*CCCCCCNC(=O)CCC(C)CC(=O)N*,1.094
522,*CCCCCCCCNC(=O)Cc1ccc(CC(=O)N*)cc1,1.152
523,*NC1CC(C)(C)CC(C)(CNC(=O)CCCCC(*)=O)C1,1.08
524,*Cc1cccc(CNC(=O)CCCCC(=O)N*)c1,1.22
525,*Cc1ccc(CNC(=O)CCCCCCCCCCC(=O)N*)cc1,1.129
526,*Cc1ccc(CNC(=O)CCCCCCCCCCCCCCCCC(=O)N*)cc1,1.075
527,*Cc1ccc(CNC(=O)CCCCCCCCCCCCCC(=O)N*)cc1,1.09
528,*Cc1ccc(CNC(=O)CCCCCCCCC(=O)N*)cc1,1.1605
529,*Cc1ccc(CNC(=O)CCCCCCCCCCCC(=O)N*)cc1,1.108
530,*Cc1ccc(CNC(=O)CCCCCCCCCC(=O)N*)cc1,1.13
531,*NC(C)(C)CC(*)=O,1.11
532,*Nc1cccc2c(NC(=O)c3cccc(C(*)=O)c3)cccc12,1.34
533,*Nc1cccc2c(NC(=O)c3ccc(C(*)=O)cc3)cccc12,1.38
534,*CCCCCCCCCCCCCCCCCCNC(=O)Cc1ccc(CC(=O)N*)cc1,1.036
535,*CCCCCCCCCCCCNC(=O)CCc1ccc(CCC(=O)N*)cc1,1.08
536,*CCCCCCCCCCCCCCCCCCNC(=O)CCc1ccc(CCC(=O)N*)cc1,1.034
537,*Nc1cccc(NC(=O)c2cccc(C(*)=O)c2)c1,1.38
538,*Nc1ccc(NC(=O)c2cccc(C(*)=O)c2)cc1,1.331
539,*Nc1cccc(NC(=O)c2ccc(C(*)=O)cc2)c1,1.36
540,*Nc1ccc(NC(=O)c2ccc(C(*)=O)cc2)cc1,1.45
541,*Nc1ccc(-c2ccc(NC(=O)c3ccc(C(*)=O)cc3)cc2)cc1,1.46
542,*CCCCCCCCCCCCNC(=O)c1ccc(C(=O)N*)cc1,1.152
543,*CCCCCCCCCNC(=O)c1ccc(C(=O)N*)cc1,1.154
544,*Nc1ccc(Cc2ccc(NC(=O)c3ccc(C(*)=O)cc3)cc2)cc1,1.19
545,*CCCCCCCCCNC(=O)CCCCCCCC(=O)N*,1.051
546,*CCCCCCCCNC(=O)CCCCCCC(=O)N*,1.109
547,*CC(=O)N*,1.605
548,*NC(CCC(=O)OC)C(*)=O,1.31
549,*C(=O)CCCCCCCCC(=O)N1CCN(*)CC1,0.9261
550,*CCCCCCCCCCN1CCN(C(=O)CCCCCCCCC(=O)N2CCN(*)CC2)CC1,0.9709
551,*CCCCCCCCCCNC(=O)CCCCCCCC(=O)N*,0.9867
552,*C(=O)N(*)CCCC,1.035
553,*CC(C)(C)C(=O)N*,1.224
554,*NC(C)CC(*)=O,1.2285
555,*CCCC(=O)N*,1.3135
556,*CCCC(C)CC(=O)N*,1.085
557,*CCCCC(=O)N*,1.2
558,*CNC(=O)CCCCC(=O)N*,1.31
559,*CNC(=O)CCCCCCCCC(=O)N*,1.19
560,*CCCCNC(=O)CCC(=O)N*,1.28
561,*CCCCNC(=O)CCCCCCC(=O)N*,1.147
562,*CCCCNC(=O)CCCCCCCC(=O)N*,1.127
563,*CCCCNC(=O)CCCCCCCCC(=O)N*,1.1045
564,*CCCCCNC(=O)CC(=O)N*,1.233
565,*CCCCCNC(=O)CCCC(=O)N*,1.19
566,*CCCCCNC(=O)CCCCCC(=O)N*,1.1795
567,*CCCCCCNC(=O)CCCC(=O)N*,1.2
568,*CCCCCCNC(=O)CCCCCCCCCCCCCCCCC(=O)N*,1.04
569,*CCCCCCCNC(=O)CCCCCCCC(=O)N*,1.0855
570,*CCCCCCCNC(=O)CCCCCCCCC(=O)N*,1.082
571,*CCCCCCCCNC(=O)CCCCCCCC(=O)N*,1.079
572,*CCCCCCCCNC(=O)CCCCCCCCCCCCCCCCC(=O)N*,1.03
573,*CCCCCCCCCCNC(=O)CCCCCCCCCCCCCCCCC(=O)N*,1.024
574,*CCCCCCCCCCNC(=O)CCCCCCCCCCCCCCCCCCCCC(=O)N*,1.01
575,*CCCCCCCCCCCNC(=O)CCCCC(=O)N*,1.066
576,*CCCCCCCCCCCCNC(=O)CCCCCCCCC(=O)N*,1.14
577,*CCCCCCCCCCCCNC(=O)CCCCCCCCCCC(=O)N*,1.156
578,*CCCCCCCCCCCCNC(=O)CCCCCCCCCCCCCCCCCCCCC(=O)N*,1.006
579,*CCCCCCCCCCCCCCNC(=O)CCCCCCCCC(=O)N*,1.042
580,*CCCCCCCCCCCCCCNC(=O)CCCCCCCCCCC(=O)N*,1.027
581,*CCCCCCCCCCCCCCNC(=O)CCCCCCCCCCCCCCCCCCCCC(=O)N*,0.999
582,*CCCCCCCCCCCCCCCCCCNC(=O)CCCCCCCCC(=O)N*,1.024
583,*CCCCCCCCCCCCCCCCCCNC(=O)CCCCCCCCCCC(=O)N*,1.015
584,*CCCCCCCCCCCCCCCCCCNC(=O)CCCCCCCCCCCCCCCCCCCCC(=O)N*,0.99
585,*Nc1ccc(C(*)=O)cc1,1.515
586,*CCCCCCNC(=O)CCC(=O)N*,1.26
587,*CCCCCCNC(=O)Cc1ccc(CC(=O)N*)cc1,1.182
588,*CCCCCCCCNC(=O)CCc1ccc(CCC(=O)N*)cc1,1.151
589,*CCCCCCCCCCNC(=O)Cc1ccc(CC(=O)N*)cc1,1.13
590,*CCCCCCCCCCNC(=O)CCc1ccc(CCC(=O)N*)cc1,1.12
591,*CCCCCCCCCCCCNC(=O)Cc1ccc(CC(=O)N*)cc1,1.095
592,*CCCCCCCCCCCCCCNC(=O)c1ccc(C(=O)N*)cc1,1.115
593,*CCCCCCCCCCCCCCNC(=O)Cc1ccc(CC(=O)N*)cc1,1.075
594,*CCCCCCCCCCCCCCNC(=O)CCc1ccc(CCC(=O)N*)cc1,1.077
595,*CCCCCCCCCCCCCCCCCCNC(=O)c1ccc(C(=O)N*)cc1,1.067
596,*CC1CCC(CNC(=O)CCCCC(=O)N*)CC1,1.137
597,*Cc1ccc(CNC(=O)CCCCCCCC(=O)N*)cc1,1.152
598,*CCc1ccc(CCNC(=O)CCCCCCCC(=O)N*)cc1,1.14
599,*CCc1ccc(CCNC(=O)CCCCCCCCCCC(=O)N*)cc1,1.108
600,*CCc1ccc(CCNC(=O)CCCCCCCCCCCC(=O)N*)cc1,1.095
601,*Cc1ccc(CNC(=O)CCCCCCCCCCCCC(=O)N*)cc1,1.11
602,*CCc1ccc(CCNC(=O)CCCCCCCCCCCCCCCCCCCCC(=O)N*)cc1,1.05
603,*CCCCCCCCCCC(=O)N(*)C,1.005
604,*C(=O)C1CC(O)CN1*,1.415
605,*C(=O)C1CCCN1*,1.32
606,*NC(CCCNC(=O)OCc1ccccc1)C(*)=O,1.26
607,*NC(CCCCN)C(*)=O,1.26
608,*C(=O)CNC(=O)C1CCCN1C(=O)C1CCCN1*,1.32
609,*C(=O)CNC(=O)CNC(=O)C1CCCN1*,1.35
610,*NC(CCC(=O)OCc1ccccc1)C(*)=O,1.272
611,*NC(CCC(=O)O)C(*)=O,1.42
612,*NC(CCNC(=O)OCc1ccccc1)C(*)=O,1.1875
613,*NC(CC(=O)OCCC)C(*)=O,1.2635
614,*NC(CC(=O)OCc1ccc(Cl)cc1)C(*)=O,1.43
615,*C(=O)C(C)NC(=O)CNC(=O)C1CCCN1*,1.41
616,*NC(C)C(*)=O,1.305
617,*C(=O)NCCCCCCNC(=O)c1ccc(*)nc1,1.266
618,*CCCCCCNC(=O)C(=O)N*,1.278
619,*c1ccc(C(=O)Nc2ccc(NC(=O)c3ccc(C4(*)OC(=O)c5ccccc54)cc3)cc2)cc1,1.3
620,*c1ccc(C(=O)Nc2ccc(-c3ccc(NC(=O)c4ccc(C5(*)OC(=O)c6ccccc65)cc4)cc3)cc2)cc1,1.27
621,*c1ccc(NC(=O)c2ccc(C3(c4ccc(C(=O)Nc5ccc(C6(*)OC(=O)c7ccccc76)cc5)cc4)OC(=O)c4ccccc43)cc2)cc1,1.28
622,*c1ccc(NC(=O)c2ccc(C3(c4ccc(C(=O)Nc5ccc(C6(*)NC(=O)c7ccccc76)cc5)cc4)OC(=O)c4ccccc43)cc2)cc1,1.278
623,*NC(C)C(=O)NC(C)C(=O)NC(C)C(=O)NC(C(*)=O)C(C)C,1.265
624,*NC(C)C(=O)NC(C)C(=O)NC(C(=O)NC(C(*)=O)C(C)C)C(C)C,1.24
625,*NC(C)C(=O)NCCCC(*)=O,1.215
626,*NC(C)C(=O)NCCCCCC(*)=O,1.16
627,*NC(C)C(=O)NCCC(*)=O,1.275
628,*NC(C)C(=O)NCCCCC(*)=O,1.145
629,*NC(C)C(=O)NC(C(*)=O)C(C)C,1.265
630,*NC(CCC(=O)NCCCCO)C(*)=O,1.21
631,*NC(CCC(=O)NCCO)C(*)=O,1.325
632,*NC(CCC(=O)NCCCO)C(*)=O,1.19
633,*CCC(=O)NCC(=O)N*,1.435
634,*CCC(=O)NCCC(=O)NCC(=O)N*,1.42
635,*C(=O)C(NC(=O)C1CCCN1C(=O)C1CCCN1*)c1ccccc1,1.24
636,*NC(C(*)=O)C(Cc1ccccc1)c1c[nH]cn1,1.175
637,*NC(CC(C)C)C(*)=O,1.07
638,*NC(CCSC)C(*)=O,0.88
639,*NC(Cc1ccc(OC(=O)OCc2ccccc2)cc1)C(*)=O,1.205
640,*NC(C(*)=O)C(C)C,1.135
641,*NC1CCCC1C(*)=O,1.232
642,*CC(C)(CCCC)C(=O)N*,1.039
643,*CC(C)(CC)C(=O)N*,1.133
644,*CC(C)(CCC)C(=O)N*,1.067
645,*C(=O)NC1CCCC(*)O1,1.26
646,*CC1CCCC(CNC(=O)CCCCC(=O)N*)C1,1.16
647,*CC1CCCC(CNC(=O)CCCCCCCCCCC(=O)N*)C1,1.095
648,*CC1CCCC(CNC(=O)CCCCCCC(=O)N*)C1,1.12
649,*CCCCCCCNC(=O)CCCCCCC(=O)N*,1.112
650,*NC1CCC(CC2CCC(NC(=O)CCCCCCCCCCCCC(*)=O)CC2)CC1,0.917
651,*CNC(=O)CC(=O)N*,1.555
652,*NC(CC(=O)OCc1ccccc1)C(*)=O,1.31
653,*NC(CC(=O)OCCc1ccccc1)C(*)=O,1.315
654,*NC(CCC(=O)OCCCCC)C(*)=O,1.12
655,*NC(CCC(=O)OCCCC)C(*)=O,1.13
656,*NC(CCC(=O)OCc1ccc(Cl)cc1)C(*)=O,1.3665
657,*NC(CCC(=O)OCc1cccc(Cl)c1)C(*)=O,1.3495
658,*NC(CCC(=O)OCc1ccccc1Cl)C(*)=O,1.3745
659,*NC(CCC(=O)OCCCCCC)C(*)=O,1.09
660,*NC(CCC(=O)OCCc1ccccc1)C(*)=O,1.25
661,*NC(CCC(=O)OCC)C(*)=O,1.23
662,*NC(CCC(=O)OCCCCCCCC)C(*)=O,1.05
663,*NC(CCC(=O)OCCC)C(*)=O,1.19
664,*NC(CCC(=O)OCCCc1ccccc1)C(*)=O,1.08
665,*NC(C)CCCCC(*)=O,1.08
666,*CCCCCCCCCCNC(=O)C(CCCCCCCCCCCC)C(=O)N*,0.975
667,*CCCCCCNC(=O)CCCCCCCCCCCCCCCCCCCCC(=O)N*,1.032
668,*CCCCCCNC(=O)C(CCCC)C(=O)N*,1.052
669,*CCCCCCNC(=O)C(CCCCCCCCCC)C(=O)N*,1.0003
670,*CCCCCCNC(=O)C(CCCCCCCCCCCC)C(=O)N*,0.998
671,*CCCCCCNC(=O)C(CCCCCCCCCCCCCCCCC)C(=O)N*,0.985
672,*CCCCCCNC(=O)C(CCCCCCC)C(=O)N*,1.021
673,*CCCCCCNC(=O)C(CCCCCCCCCCCCCCCC)C(=O)N*,0.99
674,*CCCCCCNC(=O)C(CCCCCC)C(=O)N*,1.026
675,*CCCCCCNC(=O)C(CCCCCCCCC)C(=O)N*,1.008
676,*CCCCCCNC(=O)C(CCCCCCCCCCCCCCCCCC)C(=O)N*,0.975
677,*CCCCCCNC(=O)C(CCCCCCCC)C(=O)N*,1.02
678,*CCCCCCNC(=O)C(CCCCCCCCCCCCCCC)C(=O)N*,0.995
679,*CCCCCCNC(=O)C(CCCCC)C(=O)N*,1.039
680,*CCCCCCNC(=O)C(CCC)C(=O)N*,1.061
681,*CCCCCCNC(=O)C(CCCCCCCCCCCCCC)C(=O)N*,0.993
682,*CCCCCCNC(=O)C(CCCCCCCCCCCCC)C(=O)N*,0.993
683,*CCCCCCNC(=O)C(CCCCCCCCCCC)C(=O)N*,1.004
684,*CCCCCCCCCNC(=O)C(CCCCCCCCCCCC)C(=O)N*,0.977
685,*CCCCCCCCNC(=O)C(CCCCCCCCCCCC)C(=O)N*,0.996
686,*CCCCCNC(=O)C(CCCCCCCCCCCC)C(=O)N*,0.996
687,*CCc1ccc(CCNC(=O)CCCCCCCCCCCCCCCC(=O)N*)cc1,1.067
688,*CCc1ccc(CCNC(=O)CCCCCCCCCCCCCC(=O)N*)cc1,1.075
689,*CCCCNC(=O)C(CCCCCCCCCCCC)C(=O)N*,1.005
690,*Cc1ccc(CNC(=O)CCCCCCCCCCCCCCCCCCCCC(=O)N*)cc1,1.056
691,*Cc1ccc(CNC(=O)CCCCCCCCCCCCCCCC(=O)N*)cc1,1.08
692,*Cc1ccc(CNC(=O)CCCCCCCCCCCCCCC(=O)N*)cc1,1.092
693,*NC(CCCCNC(=O)OCc1ccccc1)C(*)=O,1.27
694,*C(=O)C1C(c2ccccc2)C(C(=O)N2CCN(*)CC2)C1c1ccccc1,1.2085
695,*NNC(=O)c1ccc(NC(=O)c2ccc(C(=O)Nc3ccc(C(=O)NNC(=O)c4ccc(C(*)=O)cc4)cc3)cc2)cc1,1.51
696,*CCCCCCCCCCCCCCCCCC(=O)N*,1.02
697,*CCCCCCCNC(=O)C(CCCCCCCCCCCC)C(=O)N*,0.987
698,*NC(Cc1ccccc1)C(*)=O,1.3
699,*Nc1cccc(/C=C/C(=O)/C=C/c2cccc(NC(=O)CCCCC(*)=O)c2)c1,1.19
700,*Nc1ccc(NC(=O)c2cccc(C(=O)c3ccc(C(*)=O)cc3)c2)cc1,1.31
701,*CCN(C)C(=O)CCCCCCCCC(=O)N(*)C,1.278
702,*CCCCCCNC(=O)c1ccc(C2(C)CC(C)(C)c3ccc(C(=O)N*)cc32)cc1,1.121
703,*CCOC(=O)NCCCCCCNC(=O)O*,1.3
704,*CCOC(=O)NCCCCCCCCCNC(=O)O*,1.175
705,*CCOC(=O)NCCCCCCCCCCNC(=O)O*,1.175
706,*CCCOC(=O)NCCCCCCNC(=O)O*,1.265
707,*CCCCOC(=O)NCCCNC(=O)O*,1.285
708,*CCCCOC(=O)NCCCCCCNC(=O)O*,1.23
709,*CCCCCOC(=O)NCCCCCCNC(=O)O*,1.245
710,*CCCCCCOC(=O)NCCCNC(=O)O*,1.23
711,*CCCCCCOC(=O)NCCCCCCNC(=O)O*,1.195
712,*CCOC(=O)Nc1ccc(Cc2ccc(NC(=O)O*)cc2)cc1,1.3233
713,*CCCCOC(=O)Nc1ccc(Cc2ccc(NC(=O)O*)cc2)cc1,1.453
714,*CCCCCCOC(=O)Nc1ccc(Cc2ccc(NC(=O)O*)cc2)cc1,1.423
715,*CCOC(=O)Nc1ccc(CCc2ccc(NC(=O)O*)cc2)cc1,1.3055
716,*C(=O)OCCOC(=O)N1CCN(*)CC1,1.35
717,*OC1CCC(OC(=O)Nc2ccc(Cc3ccc(NC(*)=O)cc3)cc2)CC1,1.1111
718,*CC1CCC(COC(=O)Nc2ccc(Cc3ccc(NC(=O)O*)cc3)cc2)CC1,1.18735
719,*CCCCCCOC(=O)NCCCCNC(=O)O*,1.2355
720,*CCCCCCCCCCCCCNC(=O)CCCCCCCCCCCC(=O)N*,1.04
721,*Nc1ccc(Cc2ccc(NC(*)=O)cc2)cc1,1.29
722,*CCCC1CC(=O)N(*)C(=O)C1,1.3
723,*c1ccc(Oc2ccc(-n3c(=O)c4cc5c(=O)n(*)c(=O)c5cc4c3=O)cc2)cc1,1.42
724,*c1ccc(Oc2ccc(Oc3ccc(-n4c(=O)c5cc6c(=O)n(*)c(=O)c6cc5c4=O)cc3)cc2)cc1,1.55
725,*C(=O)Oc1ccc(OC(=O)c2ccc3c(c2)C(=O)N(c2ccc(Oc4ccc(N5C(=O)c6ccc(*)cc6C5=O)cc4)cc2)C3=O)cc1,1.51
726,*C(=O)Oc1ccc(OC(=O)c2ccc3c(c2)C(=O)N(c2ccc(Oc4ccc(Oc5ccc(N6C(=O)c7ccc(*)cc7C6=O)cc5)cc4)cc2)C3=O)cc1,1.48
727,*c1ccc(Sc2ccc(-n3c(=O)c4cc5c(=O)n(*)c(=O)c5cc4c3=O)cc2)cc1,1.425
728,*c1ccc2c(c1)Cc1cc(-n3c(=O)c4cc5c(=O)n(*)c(=O)c5cc4c3=O)ccc1-2,1.46373
729,*c1ccc(Oc2ccc(N3C(=O)c4ccc(Oc5ccc6c(c5)C(=O)N(*)C6=O)cc4C3=O)cc2)cc1,1.38
730,*c1ccc2c(c1)C(=O)N(c1ccc(Cc3ccc(N4C(=O)c5ccc(C(F)(F)C(F)(F)C(*)(F)F)cc5C4=O)cc3)cc1)C2=O,1.433
731,*c1ccc2c(c1)C(=O)N(c1ccc(Oc3ccc(N4C(=O)c5ccc(C(F)(F)C(F)(F)C(*)(F)F)cc5C4=O)cc3)cc1)C2=O,1.48
732,*CCCCCCCCCCCCn1c(=O)c2cc3c(=O)n(*)c(=O)c3cc2c1=O,1.291
733,*c1ccc(Cc2ccc(-n3c(=O)c4cc5c(=O)n(*)c(=O)c5cc4c3=O)cc2)cc1,1.352
734,*c1ccc(C(=O)c2ccc(-n3c(=O)c4cc5c(=O)n(*)c(=O)c5cc4c3=O)cc2)cc1,1.52
735,*c1ccc(-c2ccc(-c3ccc(-n4c(=O)c5cc6c(=O)n(*)c(=O)c6cc5c4=O)cc3)cc2)cc1,1.48
736,*c1ccc(Cc2ccc(-n3c(=O)c4cc5c(=O)n(*)c(=O)c5cc4c3=O)c(C)c2)cc1C,1.32124
737,*c1ccc(-n2c(=O)c3cc4c(=O)n(*)c(=O)c4cc3c2=O)cc1,1.53954
738,*c1ccc(-c2ccc(-n3c(=O)c4cc5c(=O)n(*)c(=O)c5cc4c3=O)cc2)cc1,1.46772
739,*c1ccc(-c2ccc(-n3c(=O)c4cc5c(=O)n(*)c(=O)c5cc4c3=O)c(C)c2)cc1C,1.3468
740,*c1cccc(-n2c(=O)c3cc4c(=O)n(*)c(=O)c4cc3c2=O)c1,1.43717
741,*c1ccc(-n2c(=O)c3cc4c(=O)n(*)c(=O)c4cc3c2=O)c(C)c1,1.414845
742,*c1c(C)c(C)c(-n2c(=O)c3cc4c(=O)n(*)c(=O)c4cc3c2=O)c(C)c1C,1.3819
743,*c1ccc(Oc2ccc(Oc3ccc(Oc4ccc(Oc5ccc(-n6c(=O)c7cc8c(=O)n(*)c(=O)c8cc7c6=O)cc5)cc4)cc3)cc2)cc1,1.46
744,*c1ccc(Oc2ccc(Oc3ccc(Oc4ccc(-n5c(=O)c6cc7c(=O)n(*)c(=O)c7cc6c5=O)cc4)cc3)cc2)cc1,1.49
745,*c1ccc(Oc2cccc(Oc3ccc(-n4c(=O)c5cc6c(=O)n(*)c(=O)c6cc5c4=O)cc3)c2)cc1,1.51
746,*c1ccc(Oc2ccc(-c3ccc(Oc4ccc(-n5c(=O)c6cc7c(=O)n(*)c(=O)c7cc6c5=O)cc4)cc3)cc2)cc1,1.37205
747,*c1cccc(Oc2ccc(S(=O)(=O)c3ccc(Oc4cccc(-n5c(=O)c6cc7c(=O)n(*)c(=O)c7cc6c5=O)c4)cc3)cc2)c1,1.377045
748,*c1ccc(Oc2ccc(C(c3ccc(Oc4ccc(-n5c(=O)c6cc7c(=O)n(*)c(=O)c7cc6c5=O)cc4)cc3)(C(F)(F)F)C(F)(F)F)cc2)cc1,1.4505
749,*c1ccc(Oc2ccc(C(C)(C)c3ccc(Oc4ccc(-n5c(=O)c6cc7c(=O)n(*)c(=O)c7cc6c5=O)cc4)cc3)cc2)cc1,1.34236
750,*c1ccc(Oc2ccc(N3C(=O)c4ccc(-c5ccc6c(c5)C(=O)N(*)C6=O)cc4C3=O)cc2)cc1,1.3869
751,*c1ccc(Oc2ccc(N3C(=O)c4ccc(-c5cccc6c5C(=O)N(*)C6=O)cc4C3=O)cc2)cc1,1.332
752,*c1ccc(Sc2ccc(N3C(=O)c4ccc(-c5ccc6c(c5)C(=O)N(*)C6=O)cc4C3=O)cc2)cc1,1.36821
753,*c1ccc(Cc2ccc(N3C(=O)c4ccc(-c5ccc6c(c5)C(=O)N(*)C6=O)cc4C3=O)cc2)cc1,1.34757
754,*c1ccc2c(c1)Cc1cc(N3C(=O)c4ccc(-c5ccc6c(c5)C(=O)N(*)C6=O)cc4C3=O)ccc1-2,1.42332
755,*c1ccc(-c2ccc(N3C(=O)c4ccc(-c5ccc6c(c5)C(=O)N(*)C6=O)cc4C3=O)cc2)cc1,1.41893
756,*c1ccc(N2C(=O)c3ccc(-c4ccc5c(c4)C(=O)N(*)C5=O)cc3C2=O)cc1,1.452
757,*c1cccc(N2C(=O)c3ccc(-c4ccc5c(c4)C(=O)N(*)C5=O)cc3C2=O)c1,1.39085
758,*c1ccc(C)c(N2C(=O)c3ccc(-c4ccc5c(c4)C(=O)N(*)C5=O)cc3C2=O)c1,1.4086
759,*c1ccc(N2C(=O)c3ccc(-c4ccc5c(c4)C(=O)N(*)C5=O)cc3C2=O)c(C)c1,1.38374
760,*c1ccc(-c2ccc(N3C(=O)c4ccc(-c5ccc6c(c5)C(=O)N(*)C6=O)cc4C3=O)c(C)c2)cc1C,1.39
761,*c1ccc(-c2ccc(-c3ccc(N4C(=O)c5ccc(-c6ccc7c(c6)C(=O)N(*)C7=O)cc5C4=O)cc3)cc2)cc1,1.39557
762,*c1ccc(Cc2ccc(N3C(=O)c4ccc(-c5ccc6c(c5)C(=O)N(*)C6=O)cc4C3=O)c(C)c2)cc1C,1.29704
763,*c1ccc(Oc2ccc(-c3ccc(Oc4ccc(N5C(=O)c6ccc(-c7ccc8c(c7)C(=O)N(*)C8=O)cc6C5=O)cc4)cc3)cc2)cc1,1.36032
764,*c1ccc(Oc2ccc(C(C)(C)c3ccc(Oc4ccc(N5C(=O)c6ccc(-c7ccc8c(c7)C(=O)N(*)C8=O)cc6C5=O)cc4)cc3)cc2)cc1,1.28424
765,*c1ccc(Oc2ccc(C(c3ccc(Oc4ccc(N5C(=O)c6ccc(-c7ccc8c(c7)C(=O)N(*)C8=O)cc6C5=O)cc4)cc3)(C(F)(F)F)C(F)(F)F)cc2)cc1,1.387
766,*c1cccc(Oc2ccc(S(=O)(=O)c3ccc(Oc4cccc(N5C(=O)c6ccc(-c7ccc8c(c7)C(=O)N(*)C8=O)cc6C5=O)c4)cc3)cc2)c1,1.36742
767,*CCCCN1C(=O)c2ccc(Oc3ccc4c(c3)C(=O)N(*)C4=O)cc2C1=O,1.42
768,*CCCCCCN1C(=O)c2ccc(Oc3ccc4c(c3)C(=O)N(*)C4=O)cc2C1=O,1.39
769,*CCCCCCCCN1C(=O)c2ccc(Oc3ccc4c(c3)C(=O)N(*)C4=O)cc2C1=O,1.355
770,*c1ccc(N2C(=O)c3ccc(Oc4ccc5c(c4)C(=O)N(*)C5=O)cc3C2=O)cc1,1.414
771,*c1ccc(-c2ccc(N3C(=O)c4ccc(Oc5ccc6c(c5)C(=O)N(*)C6=O)cc4C3=O)cc2)cc1,1.354
772,*c1ccc(Oc2ccc(Oc3ccc(N4C(=O)c5ccc(Oc6ccc7c(c6)C(=O)N(*)C7=O)cc5C4=O)cc3)cc2)cc1,1.4175
773,*c1ccc2c(c1)C(=O)N(c1cccc(Oc3cccc(N4C(=O)c5ccc(C(*)(C(F)(F)F)C(F)(F)F)cc5C4=O)c3)c1)C2=O,1.435
774,*c1ccc2c(c1)C(=O)N(c1cccc(Oc3ccc(N4C(=O)c5ccc(C(*)(C(F)(F)F)C(F)(F)F)cc5C4=O)cc3)c1)C2=O,1.443
775,*c1ccc2c(c1)C(=O)N(c1ccc(Oc3ccc(N4C(=O)c5ccc(C(*)(C(F)(F)F)C(F)(F)F)cc5C4=O)cc3)cc1)C2=O,1.432
776,*c1ccc2c(c1)C(=O)N(c1ccc(Oc3ccc(Oc4ccc(N5C(=O)c6ccc(C(*)(C(F)(F)F)C(F)(F)F)cc6C5=O)cc4)cc3)cc1)C2=O,1.414
777,*c1ccc2c(c1)C(=O)N(c1ccc(Oc3cccc(Oc4ccc(N5C(=O)c6ccc(C(*)(C(F)(F)F)C(F)(F)F)cc6C5=O)cc4)c3)cc1)C2=O,1.418
778,*c1ccc2c(c1)C(=O)N(c1cccc(Oc3cccc(Oc4cccc(N5C(=O)c6ccc(C(*)(C(F)(F)F)C(F)(F)F)cc6C5=O)c4)c3)c1)C2=O,1.434
779,*C(=O)c1ccc2c(c1)C(=O)N(c1cccc(C(=O)c3cccc(N4C(=O)c5ccc(*)cc5C4=O)c3)c1)C2=O,1.3745
780,*C(=O)c1ccc2c(c1)C(=O)N(c1ccc(Oc3ccc(C(=O)c4cccc(C(=O)c5ccc(Oc6ccc(N7C(=O)c8ccc(*)cc8C7=O)cc6)cc5)c4)cc3)cc1)C2=O,1.4225
781,*C(=O)c1ccc2c(c1)C(=O)N(c1cccc(N3C(=O)c4ccc(*)cc4C3=O)c1)C2=O,1.406745
782,*C(=O)c1ccc2c(c1)C(=O)N(c1ccc(C)c(N3C(=O)c4ccc(*)cc4C3=O)c1)C2=O,1.363025
783,*C(=O)c1ccc2c(c1)C(=O)N(c1ccc(N3C(=O)c4ccc(*)cc4C3=O)c(C)c1)C2=O,1.39635
784,*C(=O)c1ccc2c(c1)C(=O)N(c1c(C)c(C)c(N3C(=O)c4ccc(*)cc4C3=O)c(C)c1C)C2=O,1.243
785,*C(=O)c1ccc2c(c1)C(=O)N(c1ccc(-c3ccc(N4C(=O)c5ccc(*)cc5C4=O)c(C)c3)cc1C)C2=O,1.33126
786,*C(=O)c1ccc2c(c1)C(=O)N(c1ccc(-c3ccc(-c4ccc(N5C(=O)c6ccc(*)cc6C5=O)cc4)cc3)cc1)C2=O,1.4
787,*C(=O)c1ccc2c(c1)C(=O)N(c1ccc3c(c1)Cc1cc(N4C(=O)c5ccc(*)cc5C4=O)ccc1-3)C2=O,1.42636
788,*C(=O)c1ccc2c(c1)C(=O)N(c1ccc(Oc3ccc(N4C(=O)c5ccc(*)cc5C4=O)cc3)cc1)C2=O,1.375
789,*C(=O)c1ccc2c(c1)C(=O)N(c1ccc(Sc3ccc(N4C(=O)c5ccc(*)cc5C4=O)cc3)cc1)C2=O,1.37755
790,*C(=O)c1ccc2c(c1)C(=O)N(c1ccc(Cc3ccc(N4C(=O)c5ccc(*)cc5C4=O)cc3)cc1)C2=O,1.34
791,*C(=O)c1ccc2c(c1)C(=O)N(c1ccc(Cc3ccc(N4C(=O)c5ccc(*)cc5C4=O)c(C)c3)cc1C)C2=O,1.29699
792,*C(=O)c1ccc2c(c1)C(=O)N(c1ccc(-c3ccc(N4C(=O)c5ccc(*)cc5C4=O)cc3)cc1)C2=O,1.389025
793,*C(=O)c1ccc2c(c1)C(=O)N(c1ccc(N3C(=O)c4ccc(*)cc4C3=O)cc1)C2=O,1.34
794,*C(=O)c1ccc2c(c1)C(=O)N(c1ccc(Oc3ccc(-c4ccc(Oc5ccc(N6C(=O)c7ccc(*)cc7C6=O)cc5)cc4)cc3)cc1)C2=O,1.38022
795,*C(=O)c1ccc2c(c1)C(=O)N(c1ccc(Oc3ccc(C(C)(C)c4ccc(Oc5ccc(N6C(=O)c7ccc(*)cc7C6=O)cc5)cc4)cc3)cc1)C2=O,1.28
796,*C(=O)c1ccc2c(c1)C(=O)N(c1ccc(Oc3ccc(C(c4ccc(Oc5ccc(N6C(=O)c7ccc(*)cc7C6=O)cc5)cc4)(C(F)(F)F)C(F)(F)F)cc3)cc1)C2=O,1.401
797,*CCCCCCCCCCCCn1c(=O)c2ccc3c(=O)n(*)c(=O)c4ccc(c1=O)c2c34,1.27
798,*c1cccc(S(=O)(=O)c2cccc(N3C(=O)c4ccc(Oc5ccc(Sc6ccc(Oc7ccc8c(c7)C(=O)N(*)C8=O)cc6)cc5)cc4C3=O)c2)c1,1.38
799,*c1cccc(S(=O)(=O)c2cccc(N3C(=O)c4ccc(Oc5ccc(S(=O)(=O)c6ccc(Oc7ccc8c(c7)C(=O)N(*)C8=O)cc6)cc5)cc4C3=O)c2)c1,1.37
800,*c1cccc(N2C(=O)c3ccc(Oc4ccc(C(C)(C)c5ccc(Oc6ccc7c(c6)C(=O)N(*)C7=O)cc5)cc4)cc3C2=O)c1,1.27
801,*c1ccc(Oc2ccc(N3C(=O)c4ccc(Oc5ccc(C(C)(C)c6ccc(Oc7ccc8c(c7)C(=O)N(*)C8=O)cc6)cc5)cc4C3=O)cc2)cc1,1.303
802,*c1ccc(C(C)(C)c2ccc(-n3c(=O)c4cc5c(=O)n(*)c(=O)c5cc4c3=O)cc2)cc1,1.3
803,*c1ccc2c(c1)C(=O)N(c1ccc(Cc3ccc(N4C(=O)c5ccc(C(*)(C(F)(F)F)C(F)(F)F)cc5C4=O)cc3)cc1)C2=O,1.4
804,*c1ccc2c(c1)C(=O)N(c1ccc(C(C)(C)c3ccc(N4C(=O)c5ccc(C(*)(C(F)(F)F)C(F)(F)F)cc5C4=O)cc3)cc1)C2=O,1.3565
805,*c1ccc(Oc2ccc(N3C(=O)c4ccc(Oc5ccc(Oc6ccc7c(c6)C(=O)N(*)C7=O)cc5)cc4C3=O)cc2)cc1,1.37
806,*C(=O)NCCNC(=O)c1ccc(N2C(=O)c3ccc(*)cc3C2=O)cc1,1.195
807,*C(=O)NCCCCCCNC(=O)c1ccc(N2C(=O)c3ccc(*)cc3C2=O)cc1,1.165
808,*C(=O)Nc1ccc(Cc2ccc(NC(=O)c3ccc(N4C(=O)c5ccc(*)cc5C4=O)cc3)cc2)cc1,1.3205
809,*C(=O)NC1CCC(CC2CCC(NC(=O)c3ccc(N4C(=O)c5ccc(*)cc5C4=O)cc3)CC2)CC1,1.22
810,*c1ccc(Cc2ccc(N3C(=O)c4ccc(Oc5ccc6c(c5)C(=O)N(*)C6=O)cc4C3=O)cc2)cc1,1.333
811,*c1ccc(Oc2ccc(N3C(=O)c4ccc(Oc5ccc(C(c6ccc(Oc7ccc8c(c7)C(=O)N(*)C8=O)cc6)(C(F)(F)F)C(F)(F)F)cc5)cc4C3=O)cc2)cc1,1.3915
812,*c1ccc(NC(=O)c2cccc(C(=O)Nc3ccc(N4C(=O)c5ccc(Oc6ccc7c(c6)C(=O)N(*)C7=O)cc5C4=O)cc3)c2)cc1,1.405
813,*c1ccc(Oc2cccc(N3C(=O)c4ccc(-c5ccc6c(c5)C(=O)N(*)C6=O)cc4C3=O)c2)cc1,1.445
814,*C(=O)Oc1ccc(OC(=O)c2ccc3c(c2)C(=O)N(c2ccc(Oc4ccc(Oc5ccc(Oc6ccc(N7C(=O)c8ccc(*)cc8C7=O)cc6)cc5)cc4)cc2)C3=O)cc1,1.455
815,*C(=O)Oc1ccc(OC(=O)c2ccc3c(c2)C(=O)N(c2ccc(Oc4ccc(Oc5ccc(Oc6ccc(Oc7ccc(N8C(=O)c9ccc(*)cc9C8=O)cc7)cc6)cc5)cc4)cc2)C3=O)cc1,1.43
816,*c1ccc(NC(=O)c2ccc(C(=O)Nc3ccc(-n4c(=O)c5cc6c(=O)n(*)c(=O)c6cc5c4=O)cc3)cc2)cc1,1.525
817,*C(=O)Oc1ccc(OC(=O)c2ccc3c(c2)C(=O)N(c2ccc(Sc4ccc(N5C(=O)c6ccc(*)cc6C5=O)cc4)cc2)C3=O)cc1,1.465
818,*CCCCCCCCCCn1c(=O)c2cc3c(=O)n(*)c(=O)c3cc2c1=O,1.35
819,*CCCCCCCCn1c(=O)c2cc3c(=O)n(*)c(=O)c3cc2c1=O,1.335
820,*C(=O)Nc1ccccc1NC(=O)c1ccc(N2C(=O)c3ccc(*)cc3C2=O)cc1,1.155
821,*C(=O)Nc1ccc(S(=O)(=O)c2ccc(NC(=O)c3ccc(N4C(=O)c5ccc(*)cc5C4=O)cc3)cc2)cc1,1.394
822,*C(=O)Nc1cccc(NC(=O)/C=C/c2cccc(N3C(=O)c4ccc(*)cc4C3=O)c2)c1,1.25
823,*c1ccc2c(c1)C(=O)N(c1ccc(Oc3ccc(C(c4ccc(Oc5ccc(N6C(=O)c7ccc(C(*)(C(F)(F)F)C(F)(F)F)cc7C6=O)cc5)cc4)(C(F)(F)F)C(F)(F)F)cc3)cc1)C2=O,1.439
824,*C(=O)c1ccc2c(c1)C(=O)N(c1ccc(C(c3ccc(N4C(=O)c5ccc(*)cc5C4=O)cc3)(C(F)(F)F)C(F)(F)F)cc1)C2=O,1.437
825,*c1ccc2c(c1)C(=O)N(c1ccc(N3C(=O)c4ccc(C(*)(C(F)(F)F)C(F)(F)F)cc4C3=O)cc1)C2=O,1.479
826,*c1ccc(C(c2ccc(N3C(=O)c4ccc(-c5ccc6c(c5)C(=O)N(*)C6=O)cc4C3=O)cc2)(C(F)(F)F)C(F)(F)F)cc1,1.424
827,*c1ccc2c(c1)C(=O)N(c1ccc(C(c3ccc(N4C(=O)c5ccc(C(*)(C(F)(F)F)C(F)(F)F)cc5C4=O)cc3)(C(F)(F)F)C(F)(F)F)cc1)C2=O,1.478
828,*c1ccc2c(c1)C(=O)N(c1cc(C)c(N3C(=O)c4ccc(C(*)(C(F)(F)F)C(F)(F)F)cc4C3=O)cc1C)C2=O,1.39
829,*C(=O)c1ccc2c(c1)C(=O)N(c1c(C)cc(C)c(N3C(=O)c4ccc(*)cc4C3=O)c1C)C2=O,1.293
830,*c1ccc2c(c1)C(=O)N(c1c(C)cc(C)c(N3C(=O)c4ccc(C(*)(C(F)(F)F)C(F)(F)F)cc4C3=O)c1C)C2=O,1.352
831,*c1ccc2c(c1)C(=O)N(c1c(C)c(C)c(N3C(=O)c4ccc(C(*)(C(F)(F)F)C(F)(F)F)cc4C3=O)c(C)c1C)C2=O,1.328
832,*c1cc2c(cc1C)-c1cc(C)c(N3C(=O)c4ccc(-c5ccc6c(c5)C(=O)N(*)C6=O)cc4C3=O)cc1S2(=O)=O,1.372
833,*c1ccc(C(c2ccccc2)(c2ccc(-n3c(=O)c4cc5c(=O)n(*)c(=O)c5cc4c3=O)cc2)C(F)(F)F)cc1,1.345
834,*c1ccc(N2C(=O)c3ccc(-c4cccc5c4C(=O)N(*)C5=O)cc3C2=O)cc1,1.3665
835,*C(=O)c1ccc2c(c1)C(=O)N(c1ccc(C3(C)CC(C)(C)c4ccc(N5C(=O)c6ccc(*)cc6C5=O)cc43)cc1)C2=O,1.239
836,*OC(=O)CS(=O)(=O)CCS(=O)(=O)CC(*)=O,1.251
837,*OC(=O)CCS(=O)(=O)CCS(=O)(=O)CCC(*)=O,1.471
838,*OC(=O)CCS(=O)(=O)CCC(*)=O,1.372
839,*OC(=O)CS(=O)(=O)Cc1ccc(CS(=O)(=O)CC(*)=O)cc1,1.415
840,*OC(=O)CCS(=O)(=O)Cc1ccc(CS(=O)(=O)CCC(*)=O)cc1,1.529
841,*CC1(C)CC(*)(C)C(=O)OC1=O,1.256
842,*OC1C(C)(C)C(OC(*)=O)C1(C)C,1.094
843,*Oc1ccc(Cc2ccc(OC(*)=O)cc2)cc1,1.2915
844,*Oc1ccc(Cc2ccc(OC(*)=O)c(C)c2)cc1C,1.25
845,*Oc1ccc(C(C)c2ccc(OC(*)=O)cc2)cc1,1.22
846,*Oc1ccc(C(CCC)c2ccc(OC(*)=O)cc2)cc1,1.17
847,*Oc1ccc(C(c2ccc(OC(*)=O)cc2)C(C)C)cc1,1.18
848,*Oc1ccc(C(c2ccccc2)c2ccc(OC(*)=O)cc2)cc1,1.24
849,*Oc1ccc(C(C)(C)c2ccc(OC(*)=O)cc2)cc1,1.2
850,*Oc1ccc(C(c2ccccc2)c2ccc(OC(*)=O)cc2C)c(C)c1,1.26
851,*Oc1ccc(C(C)(CC)c2ccc(OC(*)=O)cc2)cc1,1.18
852,*Oc1ccc(C(C)(CCC)c2ccc(OC(*)=O)cc2)cc1,1.1445
853,*Oc1ccc(C(C)(CC(C)C)c2ccc(OC(*)=O)cc2)cc1,1.14
854,*Oc1ccc(C(C)(C)c2ccc(OC(*)=O)c(C)c2)cc1C,1.167
855,*Oc1ccc(C(C)(C)c2ccc(OC(*)=O)c(Cl)c2)cc1Cl,1.295
856,*Oc1c(Cl)cc(C(C)(C)c2cc(Cl)c(OC(*)=O)c(Cl)c2)cc1Cl,1.415
857,*Oc1c(Br)cc(C(C)(C)c2cc(Br)c(OC(*)=O)c(Br)c2)cc1Br,1.95
858,*Oc1ccc(C(C)(c2ccccc2)c2ccc(OC(*)=O)cc2)cc1,1.21
859,*Oc1ccc(C(CCC)(CCC)c2ccc(OC(*)=O)cc2)cc1,1.138
860,*Oc1ccc(C2(c3ccc(OC(*)=O)cc3)CCCC2)cc1,1.21
861,*Oc1ccc(C2(c3ccc(OC(*)=O)cc3)CCCCC2)cc1,1.2
862,*Oc1ccc(C2(c3ccc(OC(*)=O)c(C)c3)CCCCC2)cc1C,1.202
863,*Oc1c(Cl)cc(C2(c3cc(Cl)c(OC(*)=O)c(Cl)c3)CCCCC2)cc1Cl,1.38
864,*Oc1ccc(C2(c3ccc(OC(*)=O)c(Cl)c3)CCCCC2)cc1Cl,1.29
865,*Oc1ccc(C2(c3ccc(OC(*)=O)cc3)c3ccccc3-c3ccccc32)cc1,1.219
866,*Oc1ccc(C(c2ccccc2)(c2ccccc2)c2ccc(OC(*)=O)cc2)cc1,1.27
867,*Oc1ccc(C(c2ccc(OC(*)=O)cc2)(C(F)(F)F)C(F)(F)F)cc1,1.479
868,*Oc1c(C)cc(C(C)(C)c2cc(C)c(OC(*)=O)c(C)c2)cc1C,1.0824
869,*Oc1ccc(C(C)(C)c2ccc(OC(*)=O)c(C(C)C)c2)cc1C(C)C,1.081
870,*Oc1ccc(C(=C(Cl)Cl)c2ccc(OC(*)=O)cc2)cc1,1.39
871,*Oc1ccc(C2(c3ccc(OC(*)=O)cc3)CC3CCC2C3)cc1,1.21
872,*Oc1c(C)cc(C(C)(C)c2cc(C)c(OC(*)=O)c(Cl)c2)cc1Cl,1.24
873,*CCN*,1.14
874,*CCN(*)C(=O)CCCC,1.0475
875,*CCN(*)C(=O)CC(C)C,1.07
876,*CCN(*)C(=O)CCCCC,1.0425
877,*CCN(*)C(=O)CCCCCC,1.025
878,*CCN(*)C(=O)CCCCCCC,1.025
879,*CCN(*)C(=O)c1ccc(C)cc1,1.16
880,*CCN(*)C(=O)c1ccc(Cl)cc1,1.32
881,*c1ccc(-c2nc3cc(-c4ccc5nc(-c6ccccc6)c(*)nc5c4)ccc3nc2-c2ccccc2)cc1,1.32
882,*c1ccc(-c2nc3cc(-c4ccc5nc(*)c(-c6ccccc6)nc5c4)ccc3nc2-c2ccccc2)cc1,1.315
883,*c1ccc(-c2nnc(-c3cccc(-c4nnc(*)n4-c4ccccc4)c3)n2-c2ccccc2)cc1,1.2315
884,*C[Si](*)(C)C,0.9185
885,*O[Si](*)(CC)CC,1.02
886,*O[Si](*)(CCC)CCC,0.9925
887,*O[Si](C)(CCC(F)(F)F)CCC(F)(F)C(F)(F)C(F)(F)C(F)(F)C(F)(F)C(F)(F)CC[Si](*)(C)CCC(F)(F)F,1.59
888,*O[Si](C)(CCC(F)(F)F)CCC(F)(F)C(F)(F)C(F)(F)C(F)(F)C(F)(F)C(F)(F)C(F)(F)C(F)(F)C(F)(F)C(F)(F)CC[Si](*)(C)CCC(F)(F)F,1.69
889,*O[Si](C)(CCC(F)(F)F)CCC(F)(F)C(F)(F)C(F)(F)C(F)(F)C(F)(F)C(F)(F)C(F)(F)C(F)(F)CC[Si](*)(C)CCC(F)(F)F,1.63
890,*O[Si](C)(CCC(F)(F)F)CCC(F)(F)C(F)(F)C(F)(F)C(F)(F)CC[Si](*)(C)CCC(F)(F)F,1.54
891,*O[Si](C)(CCC(F)(F)F)CCC(F)(F)CC[Si](*)(C)CCC(F)(F)F,1.4
892,*O[Si](C)(CCC(F)(F)F)CCC(F)(F)C(F)(F)CC[Si](*)(C)CCC(F)(F)F,1.45
893,*O[Si](*)(C)C,0.97302
894,*O[Si](*)(C)CCC(F)(F)F,1.4
895,*O[Si](C)(C)c1ccc([Si](*)(C)C)cc1,1.102
896,*[Si](*)(CCCCCC)CCCCCC,1.004
897,*[Si](*)(c1ccccc1)c1ccccc1,1.31
898,*[Si](*)(C)C,0.971
899,*O[Si](O[Si](O[Si](*)(c1ccccc1)c1ccccc1)(c1ccccc1)c1ccccc1)(c1ccccc1)c1ccc(C)cc1,1.145
900,*O[Si](*)(C)CCC,0.916
901,*O[Si](*)(C)CCCCCCCC,0.906
902,*O[Si](*)(C)CC,0.978
903,*N=P(*)(Oc1ccccc1)Oc1ccccc1,1.385
904,*N=P(*)(Oc1ccc(-c2ccccc2)cc1)Oc1ccc(-c2ccccc2)cc1,1.3
905,*N=P(*)(OCC(F)(F)F)OCC(F)(F)F,1.48
906,*N=P(*)(OCC(F)(F)C(F)(F)F)OCC(F)(F)C(F)(F)F,2.02
907,*N=P(*)(Oc1ccc(F)cc1)Oc1ccc(F)cc1,1.446
908,*N=P(*)(Cl)Cl,2.15
909,*N=P(*)(Oc1ccc(Cl)cc1)Oc1ccc(Cl)cc1,1.536
910,*N=P(*)(Oc1ccc(C)c(C)c1)Oc1ccc(C)c(C)c1,1.245
911,*N=P(*)(Oc1ccc(C(C)C)cc1)Oc1ccc(C(C)C)cc1,1.195
912,*N=P(*)(Oc1ccc(C)cc1)Oc1ccc(C)cc1,1.287
913,*N=P(*)(F)F,2.13
914,*N=P(*)(C)C,1.267
915,*CCC(*)=O,1.3
916,*C(=O)C(*)(C)C,1.3
917,*Oc1ccc(C(=O)c2ccc(*)cc2)cc1,1.398
918,*CCCCCCS(*)(=O)=O,1.29
919,*c1ccc(*)cc1,1.33
920,*c1ccc(C(*)C)cc1,1.155
921,*CCc1ccc(*)cc1,1.14
922,*=C=C=C(Cn1c2ccccc2c2ccccc21)C(=*)Cn1c2ccccc2c2ccccc21,1.31
923,*=C=C=C(CO)C(=*)CO,1.23075
924,*=C=C=C(COC(=O)NCC)C(=*)COC(=O)NCC,1.295
925,*c1ccc(C(F)(F)C(*)(F)F)cc1,1.597
926,*c1ccc2cc(C3C(C(=O)Oc4ccc(Cl)cc4Cl)C(*)C3C(=O)Oc3ccc(Cl)cc3Cl)ccc2c1,1.397
927,*c1ccc(C2C(c3ccccn3)C(*)C2c2ccccn2)cc1,1.282
928,*=C=C=C(CCCCOS(=O)(=O)c1ccc(C)cc1)C(=*)CCCCOS(=O)(=O)c1ccc(C)cc1,1.405
929,*=C=C=C(CCCCOC(=O)NCC)C(=*)CCCCOC(=O)NCC,1.18
930,*=C=C=C(CCCCOC(=O)Nc1ccccc1)C(=*)CCCCOC(=O)Nc1ccccc1,1.26
931,*CC(*)C1CCCCCC1,0.926
932,*CC(*)C1CCCCC1C,0.9402
933,*CC(*)C1CCC(C(C)(C)C)CC1,0.914
934,*C1CCC(*)C1,1.08
935,*C1C2CC(C)C(C2)C1*,1.0
936,*C1CC2CC1C(*)C2CCCC,0.985
937,*C1CC2CC1C(*)C2CCCCCC,0.954
938,*CCC1CC(*)C2C3CC(CC)C(C3)C12,1.01
939,*CC(*)(C)c1ccc2ccccc2c1,1.105
940,*CC(*)(OC(C)=O)c1ccc(OC(=O)OC)cc1,1.31
941,*CC(*)(OC(C)=O)c1ccc(OC(=O)CC)cc1,1.238
942,*CC(*)(OC(C)=O)c1ccc(OC(=O)CCC)cc1,1.223
943,*CC(CC(*)(C#N)C#N)(OC(C)=O)c1ccc(OC(C)=O)cc1,1.22
944,*CC(CC(*)(C#N)C#N)(OC(C)=O)c1ccc(OC(=O)OC)cc1,1.23
945,*CC(CC(*)(C#N)C#N)(OC(C)=O)c1ccc(OC(=O)CC)cc1,1.21
946,*CC(CC(*)(C#N)C#N)(OC(C)=O)c1ccc(OC(=O)CCC)cc1,1.2
947,*CC(CC(*)(C#N)C#N)c1ccc(OC(C)=O)cc1,1.21
948,*CC(CC(*)(C#N)C#N)c1ccc(F)cc1,1.2
949,*CC(CC(*)(C#N)C#N)c1ccc(Cl)cc1,1.215
950,*CC(CC(*)(C#N)C#N)c1ccc(CCl)cc1,1.18
951,*CC(*)c1cc(OC)c(O)c(OC)c1,0.98
952,*CC(*)c1ccc(Cl)c([N+](=O)[O-])c1,1.45
953,*CC(*)c1ccccc1Br,1.565
954,*CC(*)c1cccc(Br)c1,1.551
955,*CC(*)c1ccc(O)c(OC)c1,1.0
956,*CCC(c1ccccc1)C(*)c1ccccc1,1.0085
957,*CCC1CC(*)C2C3CC(c4ccc(COC(C)CC)cc4)C(C3)C12,1.01
958,*CC(*)[Si](C)(C)C,0.89
959,*/C=C/C(CN)C(*)C(=O)O,1.835
960,*CC/C(Cl)=C(/*)Cl,1.57
961,*=C=C=C(CCOS(=O)(=O)c1ccc(C)cc1)C(=*)CCOS(=O)(=O)c1ccc(C)cc1,1.39
962,*=C=C=C(COC(=O)Nc1ccccc1)C(=*)COC(=O)Nc1ccccc1,1.37
963,*/C(=C(/*)c1ccccc1)c1ccccc1,1.04
964,*=C=C=C(CCCCOC(=O)NC(C)C)C(=*)CCCCOC(=O)NC(C)C,1.165
965,*/C=C(/*)c1ccc(C#C)cc1,1.097
966,*/C=C(/*)c1cccc(C#C)c1,1.13
967,*/C=C/C1CC(*)C([Si](C)(C)C)C1,0.919
968,*/C=C/C1CC(*)C([Si](C)(C)C[Si](C)(C)C)C1,0.93
969,*/C=C(/*)c1ccc(-n2c(=O)c3cc4c(=O)n(-c5ccc(C#C)cc5)c(=O)c4cc3c2=O)cc1,1.25
970,*/C=C/CC(C*)(C(=O)OC12CC3CC(CC(C3)C1)C2)C(=O)OC12CC3CC(CC(C3)C1)C2,1.128
971,*CC(*)S(=O)c1ccccc1,1.382
972,*CC(*)S(=O)(=O)c1ccccc1,1.244
973,*/C(=C(/*)c1ccc([Si](C)(C)C)cc1)c1ccccc1,0.91
974,*/C=C/C1CC(*)C(F)(F)C1(F)OC(F)(F)C(F)(F)C(F)(F)F,1.626
975,*CC(*)CO,1.269
976,*/C(=C(/*)c1ccc([Si](C(C)C)(C(C)C)C(C)C)cc1)c1ccccc1,0.99
977,*CC(*)[Si](C)(C)O[SiH](C)C,0.90732
978,*CC(*)n1cncn1,1.132
979,*/C(C)=C(/*)[Ge](C)(C)C,1.15
980,*/C=C/C(C(=O)OCc1ccc(Br)cc1)C(*)C(=O)OCc1ccc(Br)cc1,1.719
981,*/C=C/C(C(=O)OCc1ccc(Cl)cc1)C(*)C(=O)OCc1ccc(Cl)cc1,1.466
982,*C1C2CC(C1*)C([Si](C)(C)C)C2,0.883
983,*c1ccc2c(c1)C(c1ccc(OCC(CC)CCCC)cc1)(c1ccc(OCC(CC)CCCC)cc1)c1cc(-c3ccc4c(c3)C(c3ccccc3)(c3ccc5ccc6cccc7ccc3c5c67)c3cc(*)ccc3-4)ccc1-2,1.04
984,*CC(*)C(=O)SCCC,1.273
985,*CC(*)C(=O)SC(C)C,1.3905
986,*CC(*)C(=O)SC(C)CC,1.3095
987,*CC(*)C(=O)SCC(C)C,1.2295
988,*CC(*)(C)C(=O)OC1CCCC1,1.113
989,*CC(*)C(=O)OCC(C)O,1.2115
990,*CC(*)C(=O)n1c2ccccc2c2ccccc21,1.3335
991,*CC(*)(C)C(=O)OCCCCCCOc1ccc(C(=O)Oc2ccc(OC)cc2)cc1,1.17
992,*CC(*)C(=O)OCCCCCCOc1ccc(C(=O)Oc2ccc(OC)cc2)cc1,1.189
993,*CC(*)(C)C(=O)OCC(F)(F)C(F)(F)F,1.5204
994,*CC(*)(C)C(=O)OCCC(F)(F)C(F)(F)C(F)(F)C(F)(F)C(F)(F)C(F)(F)C(F)(F)C(F)(F)F,1.7427
995,*CC(*)(C)C(=O)Oc1c(C)cccc1C,1.146
996,*CC(*)(C)C(=O)Oc1cccc(C)c1C,1.156
997,*CC(*)(C)C(=O)OCCCCCCN(C)c1ccc(/N=N/c2ccc(S(C)(=O)=O)cc2)cc1,1.28
998,*CC(*)C(=O)OCCCCCOc1ccc(C(=O)Oc2ccc(OC)cc2)cc1,1.193
999,*CC(*)(C)C(=O)OCCCCOc1ccc(C(=O)Oc2ccc(OC)cc2)cc1,1.18
1000,*CC(*)C(=O)N(O)c1ccccc1,1.41
1001,*CC(*)C(=O)N(O)c1ccc(C)cc1,1.37
1002,*CC(*)C(=O)N(O)c1cccc(C)c1,1.4
1003,*CC(*)C(=O)N(O)c1ccccc1C,1.26
1004,*CC(*)C(=O)N(O)c1ccc(Cl)cc1,1.33
1005,*CC(*)C(=O)N(O)c1cccc(Cl)c1,1.41
1006,*CC(*)C(=O)N(O)c1ccc(Br)cc1,1.48
1007,*CC(*)C(=O)N(O)c1ccc(I)cc1,1.55
1008,*CC(*)C(=O)OCCCCCCOc1ccc(/C=N/c2ccc(OCCCCC)cc2)c(O)c1,1.11
1009,*CC(*)(C)C(=O)OCC1COC(c2ccccc2)O1,1.252
1010,*C(*)C(=O)OC(C)C,1.126
1011,*CC(*)(C)C(=O)Oc1c(C(C)C)cccc1C(C)C,1.08
1012,*CC(*)(C)C(=O)OCCC[Si](OC)(OC)OC,1.2331
1013,*CC(*)(C)C(=O)OCCC[Si](O[Si](C)(C)C)(O[Si](C)(C)C)O[Si](C)(C)C,1.1015
1014,*CC(*)(C)C(=O)OCC(O)C1CC(C)(c2ccccc2)C1,1.053
1015,*CC(*)(C)C(=O)OCC(=O)c1ccccc1,1.35
1016,*CC(*)(C)C(=O)OCc1ccc(Cl)c(Cl)c1,1.423
1017,*C(C)C(*)C(=O)OCC,1.1
1018,*C(C)C(*)C(=O)OCCC,1.07
1019,*C(C)C(*)C(=O)OC(C)C,1.05
1020,*C(C)C(*)C(=O)OCCCC,1.05
1021,*CCC1CC(*)C2C3CC(C12)C(C)(C(=O)OC)C3,1.18
1022,*CC(*)(C)C(=O)OCc1cccc(Cl)c1,1.264
1023,*CC(*)(C)C(=O)OCc1ccc(Cl)cc1,1.216
1024,*CC(*)(C)C(=O)OCc1cccc(Cl)c1Cl,1.451
1025,*CC(*)(C)C(=O)OCc1ccc(Cl)cc1Cl,1.543
1026,*CC(*)(C)C(=O)OCc1cc(Cl)ccc1Cl,1.45
1027,*CC(*)(C)C(=O)OCc1c(Cl)cccc1Cl,1.463
1028,*CC(*)(C)C(=O)OCc1cc(Cl)cc(Cl)c1,1.44
1029,*CC(*)(C)C(=O)Oc1ccc(/C=C/c2ccccc2)cc1,1.283
1030,*CC(*)(C)C(=O)Oc1c(OC)cc(/C=C/c2ccccc2)cc1OC,1.253
1031,*CCCC(*)(C)Cl,1.1975
1032,*CCCCCCC(Cl)C(*)Cl,1.23
1033,*CCC(Cl)C(*)C,1.161
1034,*/C=C/CCCCCCCC*,0.99
1035,*/C=C(/*)C(C)(C)C,0.9298
1036,*C1C(*)C2CC1C1C=CCC12,1.03
1037,*c1ccc2c(c1)C(CCCCCCCC)(CCCCCCCC)c1cc(*)ccc1-2,0.88
1038,*/C(C)=C(/*)C(C)C,1.005
1039,*OC(=O)Oc1ccc(C(C)(C)c2ccc(OC(=O)OC3CC4CC(*)CC(C3)O4)cc2)cc1,1.245
1040,*OC(=O)Oc1cccc(OC(=O)OC2CC3CC(*)CC(C2)O3)c1,1.273
1041,*OC(=O)Oc1ccc(S(=O)(=O)c2ccc(OC(=O)OC3CC4CC(*)CC(C3)O4)cc2)cc1,1.368
1042,*OC(=O)Oc1ccc(OC(=O)OC2CC3CC(*)CC(C2)O3)cc1,1.251
1043,*OC(=O)OC1CC2CC(*)CC(C1)O2,1.31
1044,*OC(=O)NC1CCC(CC2CCC(NC(=O)OC3CC4CC(*)CC(C3)O4)CC2)CC1,1.259
1045,*C(=O)OC1CC2CC(OC(=O)N3CCN(*)CC3)CC(C1)O2,1.206
1046,*OC(=O)Nc1ccc(Cc2ccc(NC(=O)OC3CC4CC(*)CC(C3)O4)cc2)cc1,1.33
1047,*OC(=O)OCCOC(=O)c1ccc(C(=O)OCCOC(=O)OC2CC3CC(*)CC(C2)O3)cc1,1.18
1048,*CC(O)COc1ccc(S(=O)(=O)c2ccc(OCC(O)COc3ccc(S(=O)(=O)c4ccc(O*)c(C)c4)cc3C)cc2)cc1,1.35
1049,*CC(O)COc1ccc(S(=O)(=O)c2ccc(OCC(O)COc3c(C)cc(S(=O)(=O)c4cc(C)c(O*)c(C)c4)cc3C)cc2)cc1,1.27
1050,*CC(O)COc1ccc(S(=O)(=O)c2ccc(O*)c(C)c2)cc1C,1.3
1051,*CC(O)COc1c(C)cc(S(=O)(=O)c2cc(C)c(O*)c(C)c2)cc1C,1.274
1052,*CC(O)COc1ccc(C(C)(C)c2ccc(OCC(O)COc3c(C)cc(C(C)(C)c4cc(C)c(O*)c(C)c4)cc3C)cc2)cc1,1.154
1053,*CC(O)COc1c(C)cc(C(C)(C)c2cc(C)c(OCC(O)COc3ccc(S(=O)(=O)c4ccc(O*)cc4)cc3)c(C)c2)cc1C,1.277
1054,*CC(O)COc1c(C)cc(C(C)(C)c2cc(C)c(O*)c(C)c2)cc1C,1.13
1055,*Oc1ccc(Oc2ccc(C(=O)c3ccc(C(=O)c4ccc(*)cc4)cc3)cc2)cc1,1.327
1056,*Oc1ccc(C(=O)c2ccc(Oc3ccc(C(=O)c4ccc(C(=O)c5ccc(*)cc5)cc4)cc3)cc2)cc1,1.403
1057,*OC(*)CCl,1.804
1058,*OC(*)C(Cl)Cl,2.072
1059,*CCCCCCCC(=O)OC1COC(*)OC1,1.439
1060,*CC(C[N-][N+]#N)(C[N-][N+]#N)CO*,1.29
1061,*c1ccc(Oc2ccc(-c3cc(-c4ccc(Oc5ccc(-c6cc(*)nc7ccccc67)cc5)cc4)c4ccccc4n3)cc2)cc1,1.26
1062,*OC1C(COCC)OC(*)C(OCC)C1OCC,1.15
1063,*OC1C(CO)OC(*)C(O)C1O,0.94
1064,*OC(F)(C(*)(F)F)C(F)(F)F,1.887
1065,*Oc1cc(C)c(*)c(C)c1Br,1.505
1066,*c1ccc(-c2nnc(*)o2)cc1,1.54
1067,*Oc1ccc2[nH]c(-c3ccc4sc5ccc(-c6nc7cc(*)ccc7[nH]6)cc5c4c3)nc2c1,1.208
1068,*OC(F)(F)C(F)(F)C(*)(F)F,1.86245
1069,*c1ccc(Oc2ccc(C(=O)c3ccc(Oc4ccc(C5(*)OC(=O)c6ccccc65)cc4)cc3)cc2)cc1,1.249
1070,*c1ccc(Oc2ccc(S(=O)(=O)c3ccc(Oc4ccc(C5(*)OC(=O)c6ccccc65)cc4)cc3)cc2)cc1,1.307
1071,*Oc1ccc(S(=O)(=O)c2ccc(Oc3ccc(C(C)(C)c4ccc(Oc5ccc(C(=O)c6ccc(*)cc6)cc5)cc4)cc3)cc2)cc1,1.34
1072,*Oc1ccc(Oc2ccc(S(=O)(=O)c3ccc(Oc4ccc(C(=O)c5ccc(*)cc5)cc4)cc3)cc2)cc1,1.34
1073,*Oc1cccc(Oc2ccc(S(=O)(=O)c3ccc(Oc4ccc(C(=O)c5ccc(*)cc5)cc4)cc3)cc2)c1,1.34
1074,*Oc1ccc(S(=O)(=O)c2ccc(Oc3ccc(-c4ccc(Oc5ccc(C(=O)c6ccc(*)cc6)cc5)cc4)cc3)cc2)cc1,1.34
1075,*Oc1ccc2cc(Oc3ccc(S(=O)(=O)c4ccc(Oc5ccc(C(=O)c6ccc(*)cc6)cc5)cc4)cc3)ccc2c1,1.34
1076,*Oc1cccc(Oc2cccc(*)c2)c1C#N,1.38
1077,*Oc1ccc(S(=O)(=O)c2ccc(Oc3ccc(C(C)(C)c4ccc(*)c(C)c4)cc3C)cc2)cc1,1.213
1078,*Oc1ccc(S(=O)(=O)c2ccc(Oc3c(C(C)C)cc(C(C)(C)c4cc(C(C)C)c(*)c(C(C)C)c4)cc3C(C)C)cc2)cc1,1.05
1079,*c1ccc2oc(-c3ccc(C(c4ccc(-c5nc6cc(C(*)(C(F)(F)F)C(F)(F)F)ccc6o5)cc4)(C(F)(F)F)C(F)(F)F)cc3)nc2c1,1.4205
1080,*Oc1cccc(C(=O)c2ccc(*)cc2)c1,1.29
1081,*CCOCCOCCOCCOC(=O)c1ccc(-c2ccc(C(=O)O*)cc2)cc1,1.25
1082,*Oc1ccc(Oc2ccc(C(=O)c3ccc(Oc4ccc(C(=O)c5ccc(*)cc5)cc4)cc3)cc2)cc1,1.396
1083,*Oc1ccc(Oc2ccc(C(=O)C(=O)c3ccc(*)cc3)cc2)cc1,1.345
1084,*CCCCCOc1ccc(CCc2ccc(O*)cc2C)cc1,1.35
1085,*CCCCCCCOc1ccc(CCc2ccc(O*)cc2C)cc1,1.35
1086,*CCCCCCCCCOc1ccc(CCc2ccc(O*)cc2C)cc1,1.35
1087,*CCCCCCCCCCCOc1ccc(CCc2ccc(O*)cc2C)cc1,1.35
1088,*C(=O)Oc1ccc(C(C)(C)c2ccc(OC(=O)c3ccc4c(c3)C(=O)n3c-4nc4ccc(Oc5ccc6c(c5)nc5n6C(=O)c6ccc(*)cc6-5)cc43)cc2)cc1,1.315
1089,*Oc1cc(C)c(C(c2cc(C(C)C)c(Oc3ccc(C(=O)c4ccc(*)cc4)cc3)cc2C)c2ccccc2C(=O)O)cc1C(C)C,1.128
1090,*Oc1ccc(NC(=O)c2ccc3cc(C(=O)Nc4ccc(Oc5ccc(C(c6ccc(*)cc6)(C(F)(F)F)C(F)(F)F)cc5)cc4)ccc3c2)cc1,1.63
1091,*Oc1ccc(C(C)(C)c2ccc(Oc3nc(*)nc(OC)n3)cc2)cc1,1.048
1092,*Oc1ccc(NC(=O)c2ccc(C(c3ccc(C(=O)O)c(C(=O)Nc4cc(*)ccc4N)c3)(C(F)(F)F)C(F)(F)F)cc2C(=O)O)c(N)c1,1.413
1093,*c1ccc2c(c1)-c1nc3cc(Oc4ccc5c(c4)nc4n5C(=O)c5cc(C(*)(C(F)(F)F)C(F)(F)F)ccc5-4)ccc3n1C2=O,1.405
1094,*CC(CS(C)(=O)=O)O*,1.442
1095,*CC(CS(=O)(=O)CC)O*,1.361
1096,*CC(CS(=O)(=O)CCC)O*,1.292
1097,*CC(CS(=O)(=O)C(C)C)O*,1.291
1098,*CC(CS(=O)(=O)CCCC)O*,1.265
1099,*CC(CS(=O)(=O)CCCCC)O*,1.249
1100,*CC(CO*)(CS(C)(=O)=O)CS(C)(=O)=O,1.48
1101,*CCCCCCCCCCOc1ccc(/N=C/c2ccc(/C=N/c3ccc(O*)cc3C)cc2)c(C)c1,1.144
1102,*Oc1ccc(S(=O)(=O)c2ccc(Oc3ccc(C(C)(C)c4ccc(*)cc4)cc3[N+](=O)[O-])cc2)cc1,1.306
1103,*Oc1ccc(S(=O)(=O)c2ccc(Oc3ccc(C(C)(C)c4ccc(*)cc4)cc3)c([N+](=O)[O-])c2)cc1[N+](=O)[O-],1.353
1104,*Oc1ccc(S(=O)(=O)c2ccc(Oc3ccc(C4(c5ccc(*)c(C)c5)CCCCC4)cc3C)cc2)cc1,1.227
1105,*Oc1ccc(S(=O)(=O)c2ccc(Oc3c(C)cc(Cc4cc(C)c(*)c(C)c4)cc3C)cc2)cc1,1.184
1106,*Oc1ccc(S(=O)(=O)c2ccc(Oc3c(C)cc(C(c4cc(C)c(*)c(C)c4)(C(F)(F)F)C(F)(F)F)cc3C)cc2)cc1,1.32
1107,*Oc1ccc(C(C)(C)c2ccc(Oc3ccc(C(=O)c4ccc(C(C)(C)c5ccc(C(=O)c6ccc(*)cc6)cc5)cc4)cc3)cc2)cc1,1.166
1108,*Oc1ccc(C(c2ccc(Oc3ccc(C(=O)c4ccc(C(C)(C)c5ccc(C(=O)c6ccc(*)cc6)cc5)cc4)cc3)cc2)(C(F)(F)F)C(F)(F)F)cc1,1.287
1109,*Oc1ccc(C(C)(C)c2ccc(Oc3ccc(C(=O)c4ccc(C(c5ccc(C(=O)c6ccc(*)cc6)cc5)(C(F)(F)F)C(F)(F)F)cc4)cc3)cc2)cc1,1.284
1110,*Oc1ccc(C(c2ccc(Oc3ccc(C(=O)c4ccc(C(c5ccc(C(=O)c6ccc(*)cc6)cc5)(C(F)(F)F)C(F)(F)F)cc4)cc3)cc2)(C(F)(F)F)C(F)(F)F)cc1,1.401
1111,*CC(=C)COCC(=C)COC(=O)O*,1.332
1112,*OC1C(COC(C)=O)OC(*)C(OC(C)=O)C1OC(C)=O,1.155
1113,*Oc1ccc(S(=O)(=O)c2ccc(Oc3ccc(C45CC6CC(CC(c7ccc(*)cc7)(C6)C4)C5)cc3)cc2)cc1,1.238
1114,*Oc1ccc(S(=O)(=O)c2ccc(Oc3ccc(C4(c5ccc(*)cc5)C5CC6CC(C5)CC4C6)cc3)cc2)cc1,1.231
1115,*Oc1ccc(S(=O)(=O)c2ccc(Oc3c(C)cc(C4CCC(C(C)(C)c5cc(C)c(*)c(C)c5)CC4C)cc3C)cc2)cc1,1.1
1116,*Oc1ccc(SC(=O)Sc2ccc(*)cc2)cc1,1.309
1117,*Oc1ccc(SC(=O)Oc2ccc(C(C)(C)c3ccc(OC(=O)Sc4ccc(*)cc4)cc3)cc2)cc1,1.26
1118,*Oc1cccc(Oc2ccc(S(=O)(=O)c3ccc(*)cc3)cc2)c1,1.345
1119,*Oc1ccccc1Oc1ccc(S(=O)(=O)c2ccc(*)cc2)cc1,1.338
1120,*Oc1ccc(S(=O)(=O)c2ccc(Oc3ccc(S(=O)(=O)c4ccc(-c5ccc(S(=O)(=O)c6ccc(*)cc6)cc5)cc4)cc3)cc2)cc1,1.345
1121,*Oc1ccc(Oc2ccc(S(=O)(=O)c3ccc(-c4ccc(S(=O)(=O)c5ccc(*)cc5)cc4)cc3)cc2)cc1,1.322
1122,*Oc1c(C)cc(-c2cc(C)c(Oc3ccc(C(=O)c4ccc(*)cc4)cc3)c(C)c2)cc1C,1.136
1123,*Oc1ccc(NC(=O)c2cc(C(=O)Nc3ccc(Oc4ccc(C(C)(C)c5ccc(*)cc5)cc4)cc3)cc(C(C)(C)C)c2)cc1,1.44
1124,*Oc1ccc(Oc2ccc(C(=O)c3ccc(*)cc3)cc2)cc1-c1ccccc1,1.17
1125,*Oc1ccc(C2(c3ccc(Oc4ccc(C(=O)c5ccccc5-c5ccccc5C(=O)c5ccc(*)cc5)cc4)cc3)c3ccccc3-c3ccccc32)cc1,1.219
1126,*Oc1ccc(C(c2ccc(Oc3ccc(C(=O)c4cccc(-c5cccc(C(=O)c6ccc(*)cc6)c5)c4)cc3)cc2)(C(F)(F)F)C(F)(F)F)cc1,1.334
1127,*Oc1ccc(C2(c3ccc(Oc4ccc(C(=O)c5cccc(-c6cccc(C(=O)c7ccc(*)cc7)c6)c5)cc4)cc3)c3ccccc3-c3ccccc32)cc1,1.22
1128,*Oc1c(C)cc(-c2cc(C)c(Oc3ccc(C(=O)c4ccccc4-c4ccccc4C(=O)c4ccc(*)cc4)cc3)c(C)c2)cc1C,1.161
1129,*Oc1ccc(C(=O)c2ccc(Oc3ccc(C(c4ccc(*)cc4)(C(F)(F)F)C(F)(F)F)cc3)cc2)c2ccccc12,1.121
1130,*Oc1ccc(C(=O)c2ccc(Oc3ccc(C4(c5ccc(*)cc5)c5ccccc5-c5ccccc54)cc3)cc2)c2ccccc12,1.356
1131,*Oc1cc(C(=O)c2ccccc2)c(Oc2ccc(*)cc2)cc1C(=O)c1ccccc1,1.294
1132,*OC([2H])([2H])C(*)([2H])[2H],1.227
1133,*c1sc(*)c2c1OCC(CCCCCC)O2,1.68
1134,*/C=C/c1sc(*)c2c1OC(CCCCCC)CO2,1.24
1135,*c1sc(*)c2c1OCCO2,1.69
1136,*OC1C(CO)OC(*)C(N)C1O,1.128
1137,*CCC(O*)(C(F)(F)F)C(F)(F)F,1.835
1138,*COC1OC(*)C(O)C(O)C1O,0.98
1139,*Oc1ccc(S(=O)(=O)c2ccc(Oc3ccc(C(=O)c4cc(Br)cc(C(=O)c5ccc(*)cc5)c4)cc3)cc2)cc1,1.417
1140,*Oc1ccc(S(=O)(=O)c2ccc(Oc3ccc(C(=O)c4cc(I)cc(C(=O)c5ccc(*)cc5)c4)cc3)cc2)cc1,1.504
1141,*Oc1ccc(S(=O)(=O)c2ccc(Oc3ccc(C(=O)c4cc(C(=O)c5ccc(*)cc5)cc(C(C)(C)C)c4)cc3)cc2)cc1,1.24
1142,*Oc1ccc(C(c2ccc(Oc3ccc(C(=O)c4cccc(C(=O)c5ccc(*)cc5)c4)cc3)cc2)(C(F)(F)F)C(F)(F)F)cc1,1.359
1143,*Oc1ccc(C(c2ccc(Oc3ccc(C(=O)c4cc(C(=O)c5ccc(*)cc5)cc(C(C)(C)C)c4)cc3)cc2)(C(F)(F)F)C(F)(F)F)cc1,1.268
1144,*c1ccc(Oc2ccc(S(=O)(=O)c3ccc(Oc4ccc(C5(*)OC(=O)c6ccccc65)cc4C)cc3)cc2)c(C)c1,1.291
1145,*c1cc(C)c(Oc2ccc(S(=O)(=O)c3ccc(Oc4cc(C)c(C5(*)OC(=O)c6ccccc65)cc4C)cc3)cc2)cc1C,1.23
1146,*c1cc(C(C)C)c(Oc2ccc(S(=O)(=O)c3ccc(Oc4cc(C)c(C5(*)OC(=O)c6ccccc65)cc4C(C)C)cc3)cc2)cc1C,1.172
1147,*Oc1ccc(S(=O)(=O)c2ccc(Oc3cc(C)c(C(c4cc(C(C)C)c(*)cc4C)c4ccccc4C(=O)O)cc3C(C)C)cc2)cc1,1.17
1148,*Oc1ccc(S(=O)(=O)c2ccc(Oc3ccc(C(c4ccc(*)cc4)c4ccccc4C(=O)O)cc3)cc2)cc1,1.314
1149,*Oc1ccccc1C(=O)Oc1ccc(C(C)(C)c2ccc(OC(=O)c3ccccc3Oc3nc(*)nc(N4CCOCC4)n3)cc2)cc1,1.19
1150,*Oc1ccccc1C(=O)Oc1ccc(C2(c3ccc(OC(=O)c4ccccc4Oc4nc(*)nc(N5CCOCC5)n4)cc3)CCCCC2)cc1,1.188
1151,*Oc1ccccc1C(=O)Oc1ccc(S(=O)(=O)c2ccc(OC(=O)c3ccccc3Oc3nc(*)nc(N4CCOCC4)n3)cc2)cc1,1.294
1152,*Oc1ccccc1C(=O)Oc1ccc(C2(c3ccc(OC(=O)c4ccccc4Oc4nc(*)nc(N5CCOCC5)n4)cc3)OC(=O)c3ccccc32)cc1,1.233
1153,*Oc1ccc(SSc2ccc(*)cc2)cc1,1.38
1154,*Oc1c(C(=O)Oc2ccc(C(C)(C)c3ccc(OC(=O)c4ccc5ccccc5c4Oc4nc(*)nc(N5CCCCC5)n4)cc3)cc2)ccc2ccccc12,1.155
1155,*Oc1c(C(=O)Oc2ccc(C3(c4ccc(OC(=O)c5ccc6ccccc6c5Oc5nc(*)nc(N6CCCCC6)n5)cc4)CCCCC3)cc2)ccc2ccccc12,1.143
1156,*Oc1c(C(=O)Oc2ccc(C3(c4ccc(OC(=O)c5ccc6ccccc6c5Oc5nc(*)nc(N6CCCCC6)n5)cc4)OC(=O)c4ccccc43)cc2)ccc2ccccc12,1.215
1157,*Oc1c(C(=O)Oc2cccc3c2C(=O)c2cccc(OC(=O)c4ccc5ccccc5c4Oc4nc(*)nc(N5CCCCC5)n4)c2C3=O)ccc2ccccc12,1.176
1158,*Oc1c(C(=O)Oc2ccc(OC(=O)c3ccc4ccccc4c3Oc3nc(*)nc(N4CCCCC4)n3)c3c2C(=O)c2ccccc2C3=O)ccc2ccccc12,1.172
1159,*Oc1c(C(=O)Oc2cccc(OC(=O)c3ccc4ccccc4c3Oc3nc(*)nc(N4CCCCC4)n3)c2)ccc2ccccc12,1.191
1160,*Oc1c(C(=O)Oc2ccc(OC(=O)c3ccc4ccccc4c3Oc3nc(*)nc(N4CCCCC4)n3)cc2)ccc2ccccc12,1.185
1161,*Oc1c(C(=O)Oc2ccccc2OC(=O)c2ccc3ccccc3c2Oc2nc(*)nc(N3CCCCC3)n2)ccc2ccccc12,1.2
1162,*Oc1c(C(=O)OCCOC(=O)c2ccc3ccccc3c2Oc2nc(*)nc(N3CCCCC3)n2)ccc2ccccc12,1.119
1163,*Oc1c(C(=O)OCCOCCOC(=O)c2ccc3ccccc3c2Oc2nc(*)nc(N3CCCCC3)n2)ccc2ccccc12,1.124
1164,*Oc1c(C(=O)OCCOCCOCCOC(=O)c2ccc3ccccc3c2Oc2nc(*)nc(N3CCCCC3)n2)ccc2ccccc12,1.127
1165,*Oc1ccc(S(=O)(=O)c2ccc(Oc3ccc(C(c4ccc(*)c([Si](C)(C)C)c4)(C(F)(F)F)C(F)(F)F)cc3[Si](C)(C)C)cc2)cc1,1.25
1166,*Oc1ccc(S(=O)(=O)c2ccc(Oc3ccc(C(c4ccc(*)cc4)(C(F)(F)F)C(F)(F)F)cc3)cc2[Si](C)(C)C)c([Si](C)(C)C)c1,1.27
1167,*Oc1ccc(S(=O)(=O)c2ccc(Oc3ccc(C(c4ccc(*)c([Si](C)(C)C)c4)(C(F)(F)F)C(F)(F)F)cc3[Si](C)(C)C)cc2[Si](C)(C)C)c([Si](C)(C)C)c1,1.16
1168,*Oc1ccc(S(=O)(=O)c2ccc(Oc3c(C)cc(C(c4cc(C)c(*)c(C)c4)(C(F)(F)F)C(F)(F)F)cc3C)cc2[Si](C)(C)C)c([Si](C)(C)C)c1,1.2
1169,*C(F)(F)C1(*)OC(F)(F)C(F)(C(F)(F)F)O1,2.04
1170,*Oc1ccccc1C(=O)Oc1ccc(C(C)(C)c2ccc(OC(=O)c3ccccc3Oc3nc(*)nc(N(CC)c4ccccc4)n3)cc2)cc1,1.15
1171,*Oc1ccccc1C(=O)Oc1ccc(C2(c3ccc(OC(=O)c4ccccc4Oc4nc(*)nc(N(CC)c5ccccc5)n4)cc3)OC(=O)c3ccccc32)cc1,1.21
1172,*Oc1ccccc1C(=O)Oc1ccc(OC(=O)c2ccccc2Oc2nc(*)nc(N(CC)c3ccccc3)n2)c2c1C(=O)c1ccccc1C2=O,1.17
1173,*Oc1ccccc1C(=O)Oc1cccc2c1C(=O)c1c(OC(=O)c3ccccc3Oc3nc(*)nc(N(CC)c4ccccc4)n3)cccc1C2=O,1.174
1174,*Oc1ccccc1C(=O)Oc1ccccc1OC(=O)c1ccccc1Oc1nc(*)nc(N(CC)c2ccccc2)n1,1.2
1175,*Oc1ccccc1C(=O)Oc1cccc(OC(=O)c2ccccc2Oc2nc(*)nc(N(CC)c3ccccc3)n2)c1,1.192
1176,*Oc1cc(C(C)(C)C)c(Oc2ccc(C(=O)Nc3ccc(C(C)(C)c4ccc(NC(=O)c5ccc(*)cc5)cc4)cc3)cc2)cc1C(C)(C)C,1.112
1177,*Oc1cc(C(C)(C)C)c(Oc2ccc(C(=O)Nc3ccc(C(C)(C)c4ccc(NC(=O)c5ccc(*)cc5)c(C)c4)cc3C)cc2)cc1C(C)(C)C,1.098
1178,*Oc1cc(C(C)(C)C)c(Oc2ccc(C(=O)Nc3c(C)cc(C(C)(C)c4cc(C)c(NC(=O)c5ccc(*)cc5)c(C)c4)cc3C)cc2)cc1C(C)(C)C,1.073
1179,*Oc1cc(C(C)(C)C)c(Oc2ccc(C(=O)Nc3c(C)cc(Cc4cc(C)c(NC(=O)c5ccc(*)cc5)c(C(C)C)c4)cc3C(C)C)cc2)cc1C(C)(C)C,1.063
1180,*Oc1cc(C(C)(C)C)c(Oc2ccc(C(=O)Nc3ccc(C(c4ccc(NC(=O)c5ccc(*)cc5)cc4)(C(F)(F)F)C(F)(F)F)cc3)cc2)cc1C(C)(C)C,1.2
1181,*Oc1ccccc1C(=O)Oc1ccc(C(=C(Cl)Cl)c2ccc(OC(=O)c3ccccc3Oc3nc(*)nc(N(CC)c4ccccc4)n3)cc2)cc1,1.141
1182,*Oc1ccccc1C(=O)Oc1ccc(OC(=O)c2ccccc2Oc2nc(*)nc(N(CC)c3ccccc3)n2)cc1,1.182
1183,*Oc1ccccc1C(=O)OCCOC(=O)c1ccccc1Oc1nc(*)nc(N(CC)c2ccccc2)n1,1.116
1184,*Oc1ccccc1C(=O)OCCOCCOC(=O)c1ccccc1Oc1nc(*)nc(N(CC)c2ccccc2)n1,1.122
1185,*Oc1ccccc1C(=O)OCCOCCOCCOC(=O)c1ccccc1Oc1nc(*)nc(N(CC)c2ccccc2)n1,1.125
1186,*Oc1ccc(C(C)(C)c2ccc(Oc3nc(*)nc(Oc4ccc([N+](=O)[O-])cc4)n3)cc2)cc1,1.133
1187,*Oc1ccc(Oc2ccc(C(=O)c3ccc(C(=O)c4ccc(*)cc4)c4ccccc34)cc2)cc1,1.3
1188,*/C=C/c1ccc(N(C)CCOC(=O)Nc2ccc(C)c(NC(=O)OCCN(C)c3ccc(/C=C/C4=CC(=C(C#N)C#N)C=C(*)O4)s3)c2)s1,1.29
1189,*OC(=O)Nc1ccc(C)c(NC(=O)OC2CCN(c3ccc(/C=C/C4=CC(=C(C#N)C#N)C=C(/C=C/c5ccc(N6CCC(*)CC6)s5)O4)s3)CC2)c1,1.28
1190,*/C=C/c1ccc(/N=N/c2ccc(N(C)CCOC(=O)Nc3ccc(C)c(NC(=O)OCCN(C)c4ccc(/N=N/c5ccc(/C=C/C6=CC(=C(C#N)C#N)C=C(*)O6)cc5)cc4)c3)cc2)cc1,1.27
1191,*Oc1cc2ccccc2cc1C(=O)Nc1ccc(C(=O)Nc2ccc(NC(=O)c3cc4ccccc4cc3Oc3nc(*)nc(Nc4ccc5ccccc5c4)n3)cc2)cc1,1.19
1192,*Oc1cc2ccccc2cc1C(=O)Nc1ccc(S(=O)(=O)c2ccc(NC(=O)c3cc4ccccc4cc3Oc3nc(*)nc(Nc4ccc5ccccc5c4)n3)cc2)cc1,1.22
1193,*Oc1cc2ccccc2cc1C(=O)Nc1ccc(NS(=O)(=O)c2ccc(NC(=O)c3cc4ccccc4cc3Oc3nc(*)nc(Nc4ccc5ccccc5c4)n3)cc2)cc1,1.21
1194,*Oc1cc2ccccc2cc1C(=O)Nc1ccc(-c2ccc(NC(=O)c3cc4ccccc4cc3Oc3nc(*)nc(Nc4ccc5ccccc5c4)n3)cc2)cc1,1.19
1195,*Oc1cc2ccccc2cc1C(=O)Nc1ccc(C)c(NC(=O)c2cc3ccccc3cc2Oc2nc(*)nc(Nc3ccc4ccccc4c3)n2)c1,1.15
1196,*Oc1cc2ccccc2cc1C(=O)Nc1ccc(Cc2ccc(NC(=O)c3cc4ccccc4cc3Oc3nc(*)nc(Nc4ccc5ccccc5c4)n3)cc2)cc1,1.16
1197,*Oc1cc2ccccc2cc1C(=O)Nc1ccc(NC(=O)c2cc3ccccc3cc2Oc2nc(*)nc(Nc3ccc4ccccc4c3)n2)cc1,1.19
1198,*Oc1ccc(S(=O)(=O)c2ccc(Oc3ccc(C(C)(C)c4ccc(*)c(C(O)(C(F)(F)F)C(F)(F)F)c4)cc3C(O)(C(F)(F)F)C(F)(F)F)cc2)cc1,1.46
1199,*Oc1ccc(S(=O)(=O)c2ccc(Oc3ccc(C(C)(C)c4ccc(*)c(C(OC)(C(F)(F)F)C(F)(F)F)c4)cc3C(OC)(C(F)(F)F)C(F)(F)F)cc2)cc1,1.39
1200,*Oc1ccc(S(=O)(=O)c2ccc(Oc3c(C)cc(C(C)(C)c4cc(C)c(*)c(C)c4)cc3C)cc2C(O)(C(F)(F)F)C(F)(F)F)c(C(O)(C(F)(F)F)C(F)(F)F)c1,1.32
1201,*Oc1ccc2cc(Oc3ccc(S(=O)(=O)c4ccc(*)cc4)cc3)ccc2c1,1.23
1202,*Oc1ccc2cc(C(=O)Oc3ccc(C(C)(C)c4ccc(OC(=O)c5ccc6cc(Oc7nc(*)nc(N8CCN(C)CC8)n7)ccc6c5)cc4)cc3)ccc2c1,1.144
1203,*Oc1ccc2cc(C(=O)Oc3ccc(S(=O)(=O)c4ccc(OC(=O)c5ccc6cc(Oc7nc(*)nc(N8CCN(C)CC8)n7)ccc6c5)cc4)cc3)ccc2c1,1.195
1204,*Oc1ccc2cc(C(=O)Oc3ccc(OC(=O)c4ccc5cc(Oc6nc(*)nc(N7CCN(C)CC7)n6)ccc5c4)c4c3C(=O)c3ccccc3C4=O)ccc2c1,1.184
1205,*Oc1ccc2cc(C(=O)Oc3ccc(C4(c5ccc(OC(=O)c6ccc7cc(Oc8nc(*)nc(N9CCN(C)CC9)n8)ccc7c6)cc5)OC(=O)c5ccccc54)cc3)ccc2c1,1.204
1206,*Oc1ccc2cc(C(=O)Oc3ccccc3OC(=O)c3ccc4cc(Oc5nc(*)nc(N6CCN(C)CC6)n5)ccc4c3)ccc2c1,1.191
1207,*Oc1ccc2cc(C(=O)Oc3cccc(OC(=O)c4ccc5cc(Oc6nc(*)nc(N7CCN(C)CC7)n6)ccc5c4)c3)ccc2c1,1.189
1208,*Oc1ccc2cc(C(=O)OCCOC(=O)c3ccc4cc(Oc5nc(*)nc(N6CCN(C)CC6)n5)ccc4c3)ccc2c1,1.124
1209,*Oc1ccc2cc(C(=O)Oc3ccc(C(C)(C)c4ccc(OC(=O)c5ccc6cc(Oc7nc(*)nc(N8CCN(C)CC8)n7)ccc6c5)c(C)c4)cc3C)ccc2c1,1.135
1210,*Oc1ccc2cc(C(=O)Oc3cccc4c3C(=O)c3c(OC(=O)c5ccc6cc(Oc7nc(*)nc(N8CCN(C)CC8)n7)ccc6c5)cccc3C4=O)ccc2c1,1.188
1211,*Oc1ccc2cc(C(=O)OCCOCCOC(=O)c3ccc4cc(Oc5nc(*)nc(N6CCN(C)CC6)n5)ccc4c3)ccc2c1,1.127
1212,*Oc1ccc(-c2ccc(Oc3c(F)c(F)c(COC(c4cccc(C(OCc5c(F)c(F)c(*)c(F)c5F)(C(F)(F)F)C(F)(F)F)c4)(C(F)(F)F)C(F)(F)F)c(F)c3F)cc2)cc1,1.552
1213,*Oc1c(F)c(F)c(COC(c2cccc(C(OCc3c(F)c(F)c(Oc4ccc(Cc5ccc(*)cc5)cc4)c(F)c3F)(C(F)(F)F)C(F)(F)F)c2)(C(F)(F)F)C(F)(F)F)c(F)c1F,1.548
1214,*Oc1ccc(C(C)(C)c2ccc(Oc3c(F)c(F)c(COC(c4cccc(C(OCc5c(F)c(F)c(*)c(F)c5F)(C(F)(F)F)C(F)(F)F)c4)(C(F)(F)F)C(F)(F)F)c(F)c3F)cc2)cc1,1.535
1215,*Oc1ccc(C(c2ccc(Oc3c(F)c(F)c(COC(c4cccc(C(OCc5c(F)c(F)c(*)c(F)c5F)(C(F)(F)F)C(F)(F)F)c4)(C(F)(F)F)C(F)(F)F)c(F)c3F)cc2)(C(F)(F)F)C(F)(F)F)cc1,1.594
1216,*/N=[SH]/*,2.3035
1217,*c1ccc(*)s1,1.5
1218,*c1cc(C)c(*)s1,1.45
1219,*c1ccc2c(c1)-c1cc(-c3nc4cc(-c5ccc6[nH]c(*)nc6c5)ccc4[nH]3)ccc1S2(=O)=O,1.018
1220,*Cc1ccc2[nH]c(-c3ccc4c(c3)-c3cc(-c5nc6cc(*)ccc6[nH]5)ccc3S4(=O)=O)nc2c1,1.124
1221,*c1ccc2sc3ccc(-c4nc5cc(-c6ccc7[nH]c(*)nc7c6)ccc5[nH]4)cc3c2c1,1.218
1222,*Cc1ccc2[nH]c(-c3ccc4sc5ccc(-c6nc7cc(*)ccc7[nH]6)cc5c4c3)nc2c1,1.236
1223,*c1cc(CCCCCCCCCCCC)c(*)s1,1.05
1224,*c1csc(*)c1,1.4
1225,*c1cc(CCCCCCCCCC)c(*)s1,1.02
1226,*c1cc(CCCCCC)c(*)s1,1.125
1227,*c1cc(CCCCCCCC)c(*)s1,1.055
1228,*c1sc(-c2cc(CCCCCCCC)c(*)s2)cc1CCCCCCCC,1.32
1229,*c1ccc(-c2sc(-c3cc(CCCCCCCC)c(*)s3)cc2CCCCCCCC)s1,1.09
1230,*c1cc(CCCC)c(*)s1,1.025
1231,*/C=C/c1cc(OCCCCCCCCCCCC)c(*)s1,1.17
1232,*/C=C/c1sc(*)c(OCCCCCCCCCCCC)c1OCCCCCCCCCCCC,1.28
1233,*c1ccc(-c2ccc(-c3ccc(*)s3)s2)[nH]1,1.55
1234,*NCc1cc(C(=O)O)cc(CNc2nc(-c3csc(*)n3)cs2)c1N,1.56
1235,*c1ccc(-c2ccc(*)n2C#Cc2ccc(CCCCCC)cc2)s1,1.23
1236,*c1ccc(Sc2ccc(S(*)(=O)=O)cc2S(=O)(=O)O[Na])c(S(=O)(=O)O[Na])c1,1.66
1237,*c1cc(OCCCCCCCCCC)c(-c2sc(-c3cc(/C=C/c4ccccc4)c(*)s3)cc2OCCCCCCCCCC)s1,0.23
1238,*NCc1cc(S(=O)(=O)O)cc(CNc2nc(-c3csc(*)n3)cs2)c1N,1.58
1239,*Oc1ccc(C2(c3ccc(OC(=O)c4cccc(C(*)=O)c4)cc3)c3ccccc3C(=O)c3ccccc32)cc1,1.267
1240,*Oc1ccc(C(C)(c2ccccc2)c2ccc(OC(=O)c3cccc(C(*)=O)c3)cc2)cc1,1.2289
1241,*Oc1ccc(C(c2ccccc2)(c2ccccc2)c2ccc(OC(=O)c3cccc(C(*)=O)c3)cc2)cc1,1.221
1242,*Oc1ccc(C(C)(C)c2ccc(OC(=O)c3ccc(C(=O)c4ccc(C(*)=O)cc4)cc3)cc2)cc1,1.231
1243,*CCCCCC(=O)NCCOC(=O)CCCCC(=O)O*,1.155
1244,*CCCCCC(=O)NCCOC(=O)c1ccc(C(=O)O*)cc1,1.1715
1245,*CCCCCC(=O)NCCNC(=O)CCCCCOC(=O)CCCCC(=O)O*,1.175
1246,*CCCCCC(=O)NCCNC(=O)CCCCCOC(=O)c1ccc(C(=O)O*)cc1,1.214
1247,*CCCCCC(=O)NCCCCCCNC(=O)CCCCCOC(=O)c1ccc(C(=O)O*)cc1,1.147
1248,*CCCCCC(=O)Nc1ccc(NC(=O)CCCCCOC(=O)c2ccc(C(=O)O*)cc2)cc1,1.1565
1249,*CCCCCC(=O)Nc1ccc(NC(=O)CCCCCOC(=O)CCCCC(=O)O*)cc1,1.12
1250,*CC(C)(CC)COC(=O)CCCCCCCCC(=O)O*,1.457
1251,*Oc1ccc(/C(C)=C/c2ccc(OC(=O)CCCCCCCCCCC(*)=O)cc2)cc1,1.19
1252,*Oc1ccc2cc(OC(=O)c3ccc(NC(=O)c4ccc(C(*)=O)cc4)cc3)ccc2c1,1.26
1253,*Oc1ccc(S(=O)(=O)c2ccc(OC(=O)c3ccc(NC(=O)c4ccc(C(*)=O)cc4)cc3)cc2)cc1,1.36
1254,*Oc1ccc(C(C)(C)c2ccc(OC(=O)c3ccc(NC(=O)c4ccc(C(*)=O)cc4)cc3)cc2)cc1,1.21
1255,*Oc1ccc(OC(=O)c2ccc(NC(=O)c3ccc(C(*)=O)cc3)cc2)cc1,1.26
1256,*Oc1cccc(OC(=O)c2ccc(NC(=O)c3ccc(C(*)=O)cc3)cc2)c1,1.13
1257,*Oc1ccc(-c2ccc(OC(=O)c3ccc(C(*)=O)cc3)cc2)cc1,1.4
1258,*CC(C)(CC)COC(=O)c1ccc(C(=O)O*)cc1,1.193
1259,*Oc1ccc(-c2ccc(OC(=O)c3ccc(-c4ccc(C(*)=O)cc4)cc3)cc2)cc1,1.42
1260,*Oc1ccc(C(=O)OCCCCCCCCCCOC(=O)c2ccc(OC(=O)c3ccc(C(*)=O)cc3)cc2)cc1,1.2505
1261,*Oc1ccc2cc(C(*)=O)ccc2c1,1.43
1262,*Oc1ccc(C(=O)OCCCCOC(=O)c2ccc(OC(=O)c3ccc(C(*)=O)cc3)cc2)cc1,1.29
1263,*Oc1ccc(-c2ccc(C(*)=O)cc2)cc1-c1ccccc1,1.429
1264,*Oc1ccc2cc(C(*)=O)ccc2c1-c1ccccc1,1.3
1265,*Oc1ccc(C(*)=O)cc1CCC,1.245
1266,*Oc1ccc(C(*)=O)cc1CCCCC,1.155
1267,*Oc1ccc(C(*)=O)cc1CCCCCC,1.155
1268,*Oc1ccc(C(*)=O)cc1CCCCCCCCCC,1.155
1269,*Oc1ccc(C(*)=O)cc1CCCCCCCCCCCC,1.155
1270,*Oc1ccc(C(*)=O)cc1CCCCCCCCCCCCCC,1.155
1271,*Oc1ccc(C(*)=O)cc1CCCCCCCCCCCCCCCC,1.155
1272,*Oc1ccc(C(*)=O)cc1CCCCCCCCCCCCCCCCCC,1.155
1273,*C(=O)OCCOC(=O)c1ccc(C(=O)OCCOC(=O)N2CCN(*)CC2)cc1,1.32
1274,*c1cc(Br)c(OC(=O)c2ccc(C(=O)Oc3c(Br)cc(C4(*)OC(=O)c5ccccc54)cc3Br)cc2)c(Br)c1,1.75
1275,*CCCCCCS(=O)(=O)c1ccc(/N=N/c2ccc(N(C)CCCCCC(=O)O*)cc2)cc1,1.18
1276,*CCCS(=O)(=O)c1ccc(/N=N/c2ccc(N(CCCC)CC(=O)O*)cc2)cc1,1.2
1277,*Cc1ccc(-c2ccc(CSC(=O)CCCCCCCCC(=O)S*)cc2)cc1,1.118
1278,*Cc1ccc(-c2ccc(CSC(=O)c3cccc(C(=O)S*)c3)cc2)cc1,1.26
1279,*Cc1ccc(-c2ccc(CSC(=O)c3ccc(C(=O)S*)cc3)cc2)cc1,1.273
1280,*Oc1c(C)cc(C2CCC(C(C)(C)c3cc(C)c(OC(=O)c4ccc(C(*)=O)cc4)c(C)c3)CC2C)cc1C,1.05
1281,*Sc1ccc(-c2ccc(SC(=O)CCCCCCCCC(*)=O)cc2)cc1,1.263
1282,*Oc1ccc2c(c1)C1(CC2(C)C)CC(C)(C)c2ccc(OC(=O)c3ccc(C(*)=O)cc3)cc21,1.126
1283,*Oc1ccc2c(c1)C1(CC2(C)C)CC(C)(C)c2ccc(OC(=O)c3cccc(C(*)=O)c3)cc21,1.132
1284,*c1ccc(OC(=O)c2ccc(C(=O)Oc3ccc(C4(*)OC(=O)c5ccccc54)cc3C)cc2)c(C)c1,1.251
1285,*Oc1ccc(-c2ccc(OC(=O)c3cc(C(=O)OCCCCCC)c(C(*)=O)cc3C(=O)OCCCCCC)cc2)cc1,1.19
1286,*Oc1ccc(-c2ccc(OC(=O)c3cc(C(=O)OCCCCCCCCCC)c(C(*)=O)cc3C(=O)OCCCCCCCCCC)cc2)cc1,1.13
1287,*Oc1ccc(-c2ccc(OC(=O)c3cc(C(=O)OCCCCCCCCCCCCCC)c(C(*)=O)cc3C(=O)OCCCCCCCCCCCCCC)cc2)cc1,1.09
1288,*Oc1ccc(-c2ccc(OC(=O)c3cc(C(=O)OCCCCCCCCCCCCCCCCCC)c(C(*)=O)cc3C(=O)OCCCCCCCCCCCCCCCCCC)cc2)cc1,1.07
1289,*Oc1ccc(OC(=O)c2cc(OCCCCCCCCCCC(F)(F)C(F)(F)C(F)(F)C(F)(F)C(F)(F)C(F)(F)C(F)(F)C(F)(F)C(F)(F)C(F)(F)F)cc(C(*)=O)c2)cc1,1.525
1290,*CCOC(=O)NCC1(C)CC(NC(=O)O*)CC(C)(C)C1,1.2
1291,*Oc1ccc(C(C)(C)c2ccc(OC(=O)c3ccccc3/C=C/c3ccc(/C=C/c4ccccc4C(*)=O)cc3)cc2)cc1,1.128
1292,*Oc1ccc(C(C)(C)c2ccc(OC(=O)c3ccccc3/C=C/c3ccc(/C=C/c4ccccc4C(*)=O)cc3)c(C)c2)cc1C,1.112
1293,*Oc1ccc(S(=O)(=O)c2ccc(OC(=O)c3ccccc3/C=C/c3ccc(/C=C/c4ccccc4C(*)=O)cc3)cc2)cc1,1.298
1294,*c1ccc(OC(=O)c2ccccc2/C=C/c2ccc(/C=C/c3ccccc3C(=O)Oc3ccc(C4(*)OC(=O)c5ccccc54)cc3)cc2)cc1,1.196
1295,*Oc1cccc2c(OC(=O)c3ccccc3/C=C/c3ccc(/C=C/c4ccccc4C(*)=O)cc3)cccc12,1.213
1296,*Oc1cccc2ccc(OC(=O)c3ccccc3/C=C/c3ccc(/C=C/c4ccccc4C(*)=O)cc3)cc12,1.216
1297,*Oc1ccc2ccc(OC(=O)c3ccccc3/C=C/c3ccc(/C=C/c4ccccc4C(*)=O)cc3)cc2c1,1.225
1298,*Oc1cccc(OC(=O)c2ccccc2/C=C/c2ccc(/C=C/c3ccccc3C(*)=O)cc2)c1,1.185
1299,*Oc1ccccc1OC(=O)c1ccccc1/C=C/c1ccc(/C=C/c2ccccc2C(*)=O)cc1,1.187
1300,*Oc1ccc(OC(=O)c2ccccc2/C=C/c2ccc(/C=C/c3ccccc3C(*)=O)cc2)cc1,1.184
1301,*CCN(CCOC(=O)c1ccc(C(=O)O*)c(OC)c1)c1ccc(/N=N/c2ccc(-c3nc4ccc([N+](=O)[O-])cc4n3CC)cc2)cc1,1.31
1302,*CCN(CCOC(=O)c1ccc(C(=O)O*)c(OC)c1)c1ccc(/N=N/c2ccc(/C=C/c3nc4ccc([N+](=O)[O-])cc4n3CC)cc2)cc1,1.29
1303,*NNC(=O)c1cccc(C(*)=O)c1,1.443
1304,*NNC(=O)c1cccc(C(=O)NNC(=O)c2ccc(C(*)=O)cc2)c1,1.45
1305,*CCCP(CCCCCCCC)CCCNC(=O)CCCCC(=O)N*,1.08
1306,*C(=O)CC/C=C/CCC(=O)N1CCN(*)CC1,1.255
1307,*Nc1ccc(Cc2ccc(NC(=O)c3cc(C(=O)O)c(C(*)=O)cc3C(=O)O)cc2)cc1,1.2705
1308,*NC(CC(*)=O)C(=O)OCC(C)C,1.175
1309,*NC(CCC(=O)O[Na])C(*)=O,1.36
1310,*NC(C)(C)C(*)=O,1.057
1311,*NC(CCC(=O)OCCCCCCCCCC)C(*)=O,1.03
1312,*NC(CCC(=O)OCCCCCCCCCCCC)C(*)=O,1.02
1313,*NC(CCC(=O)OCCCCCCCCCCCCCC)C(*)=O,1.0205
1314,*NC(CCC(=O)OCCCCCCCCCCCCCCCC)C(*)=O,1.048
1315,*NC(CCC(=O)OCCCCCCCCCCCCCCCCCC)C(*)=O,1.052
1316,*NC(Cc1c[nH]cn1)C(*)=O,1.495
1317,*NC(=O)c1ccc(C(=O)Nc2ccc3c(c2)[nH]c(=O)c2cc(*)ccc23)cc1,1.49
1318,*CCC(C)CCC(=O)N*,1.08
1319,*CCCP(CCCNC(=O)CCCCCCCCC(=O)N*)c1ccccc1,1.102
1320,*CCCP(CCCNC(=O)C(=O)N*)c1ccccc1,1.208
1321,*CCCP(CCCCCCCC)CCCNC(=O)C(=O)N*,1.086
1322,*C(=O)N(*)CCCCCC,1.005
1323,*NC(CCC(*)=O)C(=O)OCc1ccccc1,1.225
1324,*NC(CCC(*)=O)C(=O)OC,1.16
1325,*NC(CCCNC(=O)c1ccccc1)C(*)=O,1.26
1326,*NC(CCCNC(=O)c1ccc(F)cc1)C(*)=O,1.24
1327,*NC(CCCNC(=O)c1ccc(Cl)cc1)C(*)=O,1.325
1328,*NC(CCCNC(=O)c1ccc(Br)cc1)C(*)=O,1.53
1329,*Nc1cc(NC(=O)c2ccc(C(*)=O)cc2)ccc1C,1.304
1330,*CCCCC(=O)NCCCCCCC(=O)NCCC(=O)N*,1.23
1331,*CCCCCCC(=O)NCCCCC(=O)NCCC(=O)N*,1.24
1332,*NC(CC(=O)OCc1ccc(C)cc1)C(*)=O,1.29
1333,*CCCCCCCCCCCC(=O)NCC(=O)N*,1.109
1334,*CNC(=O)CCCCCC(=O)N*,1.235
1335,*CNC(=O)CCCC(=O)N*,1.335
1336,*CNC(=O)CCCCCCC(=O)N*,1.245
1337,*CNC(=O)CCCCCCCCCCC(=O)N*,1.14
1338,*CCCCNC(=O)CC(=O)N*,1.324
1339,*CCCCCCNC(=O)CC(=O)N*,1.1785
1340,*CCCCCCCCNC(=O)CC(=O)N*,1.152
1341,*CCCCCCCCCNC(=O)CC(=O)N*,1.159
1342,*CCCCCCCCCCCCNC(=O)CC(=O)N*,1.084
1343,*NC(CC(*)=O)C(=O)OC,1.36
1344,*NC(CC(*)=O)C(=O)OCC,1.26
1345,*NC(CC(*)=O)C(=O)OCCCC,1.175
1346,*NC(CC(*)=O)C(=O)OCCCCCC,1.07
1347,*NC(CC(*)=O)C(=O)OCCCCCCCC,1.06
1348,*NC(CC(*)=O)C(=O)OCCCCCCCCCCCC,0.99
1349,*NC(CC(*)=O)C(=O)OCCCCCCCCCCCCCCCCCC,1.03
1350,*NC(C)C(=O)NCCCCCCCCCCC(*)=O,1.0805
1351,*CCCCCCCCNC(=O)CCC(=O)N*,1.21
1352,*CCCCCCCCCCNC(=O)CCC(=O)N*,1.19
1353,*CCCCCCCCCCCCNC(=O)CCC(=O)N*,1.17
1354,*NC(CC(=O)OCCCc1ccccc1)C(*)=O,1.24
1355,*CCNC(=O)C(OC)C(OC)C(=O)N*,1.295
1356,*CCCCNC(=O)C(OC)C(OC)C(=O)N*,1.235
1357,*CCCCCCNC(=O)C(OC)C(OC)C(=O)N*,1.16
1358,*CCCCCCCCNC(=O)C(OC)C(OC)C(=O)N*,1.18
1359,*CCCCCCCCCCN(C)C(=O)CCCCCCCCC(=O)N(*)C,1.02
1360,*NC(CC(*)=O)C(=O)OCCCCCCCCCCCCCCCCCCCCCC,1.01
1361,*NC(CCCCSC)C(*)=O,1.26
1362,*Nc1cccc(/C=C/C(=O)/C=C/c2cccc(NC(=O)/C=C/C(*)=O)c2)c1,1.16
1363,*Nc1cccc(/C=C/C(=O)/C=C/c2cccc(NC(=O)c3cccc(C(*)=O)c3)c2)c1,1.21
1364,*Nc1cccc(/C=C/C(=O)/C=C/c2cccc(NC(=O)c3ccc(C(*)=O)cc3)c2)c1,1.22
1365,*CCCCCCCCCCCCNC(=O)CCCCCCCCCCCCC(=O)N*,1.02
1366,*Nc1ccc(C2(c3ccc(NC(=O)c4ccc(C(*)=O)cc4)cc3)c3ccccc3-c3ccccc32)cc1,1.2408
1367,*Nc1ccc(C2(c3ccc(NC(=O)c4cccc(C(*)=O)c4)cc3)c3ccccc3-c3ccccc32)cc1,1.2422
1368,*Nc1ccc(C2(c3ccc(NC(=O)c4cc(C(*)=O)cc(C(C)(C)C)c4)cc3)c3ccccc3-c3ccccc32)cc1,1.1756
1369,*Nc1ccc(C(c2ccc(NC(=O)c3ccc(C(*)=O)cc3)cc2)(C(F)(F)F)C(F)(F)F)cc1,1.4129
1370,*Nc1ccc(C(c2ccc(NC(=O)c3cccc(C(*)=O)c3)cc2)(C(F)(F)F)C(F)(F)F)cc1,1.4077
1371,*Nc1ccc(C(c2ccc(NC(=O)c3cc(C(*)=O)cc(C(C)(C)C)c3)cc2)(C(F)(F)F)C(F)(F)F)cc1,1.30065
1372,*Nc1ccc(C(=O)c2ccc(NC(=O)c3cccc(C(*)=O)c3)cc2)cc1,1.3225
1373,*Nc1ccc(C(=O)c2ccc(NC(=O)c3cc(C(*)=O)cc(C(C)(C)C)c3)cc2)cc1,1.2178
1374,*CCN(CCOC(=O)Nc1ccc(C)c(NC(=O)O*)c1)c1ccc(/N=N/c2ccc(-c3nc4ccc([N+](=O)[O-])cc4n3CC)cc2)cc1,1.24
1375,*CCN(CCOC(=O)Nc1ccc(C)c(NC(=O)O*)c1)c1ccc(/N=N/c2ccc(/C=C/c3nc4ccc([N+](=O)[O-])cc4n3CC)cc2)cc1,1.22
1376,*CCCP(CCCNC(=O)N*)c1ccccc1,1.174
1377,*OC(=O)OCCOC(=O)NC(=O)NNC(=O)NC(=O)OCCOC(=O)OC1CC2CC(*)CC(C1)O2,1.21
1378,*CCCCCCCCCN1C(=O)c2ccc(Oc3ccc4c(c3)C(=O)N(*)C4=O)cc2C1=O,1.27
1379,*CCCCCCCCCCN1C(=O)c2ccc(Oc3ccc4c(c3)C(=O)N(*)C4=O)cc2C1=O,1.25
1380,*CCCCCCCCCCCCN1C(=O)c2ccc(Oc3ccc4c(c3)C(=O)N(*)C4=O)cc2C1=O,1.23
1381,*C(=O)Oc1ccc(OC(=O)c2ccc3c(c2)C(=O)N(c2ccc(NC(=O)c4cccc(C(=O)Nc5ccc(N6C(=O)c7ccc(*)cc7C6=O)cc5)c4)cc2)C3=O)cc1,1.5
1382,*c1ccc(Oc2cccc(Oc3ccc(N4C(=O)c5ccc(-c6ccc7c(c6)C(=O)N(*)C7=O)cc5C4=O)cc3)c2)cc1,1.3885
1383,*c1ccc(Oc2ccc(N3C(=O)C4CC5C(=O)N(*)C(=O)C5C4C3=O)cc2)cc1,1.38
1384,*c1ccc2c(c1)C(=O)N(c1cccc3c(N4C(=O)c5ccc(C(*)(C(F)(F)F)C(F)(F)F)cc5C4=O)cccc13)C2=O,1.426
1385,*c1ccc2c(c1)C(=O)N(c1cccc(N3C(=O)c4ccc(C(*)(C(F)(F)F)C(F)(F)F)cc4C3=O)c1)C2=O,1.474
1386,*c1ccc2c(c1)C(=O)N(c1cccc(S(=O)(=O)c3cccc(N4C(=O)c5ccc(C(*)(C(F)(F)F)C(F)(F)F)cc5C4=O)c3)c1)C2=O,1.4865
1387,*C(=O)Nc1ccc(Oc2ccc(N3C(=O)c4ccc(*)cc4C3=O)cc2)cc1,1.413
1388,*c1ccc(S(=O)(=O)c2ccc(-n3c(=O)c4cc5c(=O)n(*)c(=O)c5cc4c3=O)cc2)cc1,1.43
1389,*CCCCCCCCCCCCCn1c(=O)c2cc3c(=O)n(*)c(=O)c3cc2c1=O,1.398
1390,*c1ccc(Oc2cccc(-n3c(=O)c4cc5c(=O)n(*)c(=O)c5cc4c3=O)c2)cc1,1.5
1391,*c1ccc(-c2ccc(N3C(=O)c4ccc(-c5ccc6c(c5)C(=O)N(*)C6=O)cc4C3=O)cc2C(F)(F)F)c(C(F)(F)F)c1,1.5
1392,*C(=O)c1ccc2c(c1)C(=O)N(c1ccc(OCC(C)(C)COc3ccc(N4C(=O)c5ccc(*)cc5C4=O)cc3)cc1)C2=O,1.4
1393,*C(=O)Oc1ccc(C(C)(C)c2ccc(OC(=O)c3ccc4c(c3)C(=O)N(c3ccc(-c5ccc(N6C(=O)c7ccc(*)cc7C6=O)c(C)c5)cc3C)C4=O)cc2)cc1,1.281
1394,*C(=O)Oc1ccc(C(C)(C)c2ccc(OC(=O)c3ccc4c(c3)C(=O)N(c3ccc(Oc5ccc(N6C(=O)c7ccc(*)cc7C6=O)cc5)cc3)C4=O)cc2)cc1,1.341
1395,*C(=O)Oc1ccc(C(C)(C)c2ccc(OC(=O)c3ccc4c(c3)C(=O)N(c3ccc(Cc5ccc(N6C(=O)c7ccc(*)cc7C6=O)cc5)cc3)C4=O)cc2)cc1,1.324
1396,*C(=O)Oc1ccc(C(C)(C)c2ccc(OC(=O)c3ccc4c(c3)C(=O)N(c3ccc(-c5ccc(N6C(=O)c7ccc(*)cc7C6=O)cc5)cc3)C4=O)cc2)cc1,1.355
1397,*c1ccc2c(c1)C(=O)N(c1ccc3c(c1)-c1cc(N4C(=O)c5ccc(C(*)(C(F)(F)F)C(F)(F)F)cc5C4=O)ccc1C3)C2=O,1.423
1398,*CC(=O)Nc1ccc(NC(=O)c2ccc3c(c2)C(=O)N(*)C3=O)cc1,1.397
1399,*CC(=O)Nc1ccc(Cc2ccc(NC(=O)c3ccc4c(c3)C(=O)N(*)C4=O)cc2)cc1,1.2891
1400,*CC(=O)Nc1ccc(S(=O)(=O)c2ccc(NC(=O)c3ccc4c(c3)C(=O)N(*)C4=O)cc2)cc1,1.329
1401,*CC(=O)Nc1ccc(Oc2ccc(NC(=O)c3ccc4c(c3)C(=O)N(*)C4=O)cc2)cc1,1.362
1402,*CC(=O)Nc1ccc(Oc2ccc(Oc3ccc(NC(=O)c4ccc5c(c4)C(=O)N(*)C5=O)cc3)cc2)cc1,1.33125
1403,*CC(=O)Nc1ccc(Oc2cccc(Oc3ccc(NC(=O)c4ccc5c(c4)C(=O)N(*)C5=O)cc3)c2)cc1,1.338
1404,*C(=O)Nc1ccc(NC(=O)c2ccc(N3C(=O)c4ccc(*)cc4C3=O)cc2)cc1,1.397
1405,*C(=O)Nc1ccc(Oc2ccc(NC(=O)c3ccc(N4C(=O)c5ccc(*)cc5C4=O)cc3)cc2)cc1,1.37
1406,*c1ccc(Oc2ccc(C(c3ccc(Oc4ccc(N5C(=O)c6ccc(Oc7ccc8c(c7)C(=O)N(*)C8=O)cc6C5=O)cc4)cc3)(C(F)(F)F)C(F)(F)F)cc2)cc1,1.385
1407,*c1ccc2c(c1)C(=O)N(c1ccc3c(c1)Cc1cc(N4C(=O)c5ccc(C(*)(C(F)(F)F)C(F)(F)F)cc5C4=O)ccc1-3)C2=O,1.423
1408,*c1ccc2c(c1)C(=O)N(c1cccc(C(c3cccc(N4C(=O)c5ccc(C(*)(C(F)(F)F)C(F)(F)F)cc5C4=O)c3)(C(F)(F)F)C(F)(F)F)c1)C2=O,1.463
1409,*C(=O)Nc1ccc(Cc2ccc(N3C(=O)c4ccc(*)cc4C3=O)cc2)cc1,1.344
1410,*c1ccc2c(c1)C(=O)N(c1ccc(OCCOc3ccc(N4C(=O)c5ccc(C(*)(C(F)(F)F)C(F)(F)F)cc5C4=O)cc3)cc1)C2=O,1.4034
1411,*c1ccc2c(c1)C(=O)N(c1ccc(OCCOCCOc3ccc(N4C(=O)c5ccc(C(*)(C(F)(F)F)C(F)(F)F)cc5C4=O)cc3)cc1)C2=O,1.4176
1412,*c1ccc2c(c1)C(=O)N(c1ccc(OCCOCCOCCOc3ccc(N4C(=O)c5ccc(C(*)(C(F)(F)F)C(F)(F)F)cc5C4=O)cc3)cc1)C2=O,1.4365
1413,*c1ccc(-c2ccc(-n3c(=O)c4cc5c(=O)n(*)c(=O)c5cc4c3=O)cc2C(F)(F)F)c(C(F)(F)F)c1,1.49
1414,*c1ccc(-c2ccc(-n3c(=O)c4cc5c(=O)n(*)c(=O)c5cc4c3=O)cc2C)c(C)c1,1.34
1415,*c1ccc2c(c1)C(=O)N(c1cccc(N3C(=O)c4ccc(C(*)(C(F)(F)F)C(F)(F)F)cc4C3=O)c1C)C2=O,1.418
1416,*c1c(C)cc(C)c(N2C(=O)c3ccc(-c4ccc5c(c4)C(=O)N(*)C5=O)cc3C2=O)c1C,1.241
1417,*C(=O)c1ccc2c(c1)C(=O)N(c1cc(C(=O)O)cc(N3C(=O)c4ccc(*)cc4C3=O)c1)C2=O,1.446
1418,*C(=O)c1ccc2c(c1)C(=O)N(c1cc(N3C(=O)c4ccc(*)cc4C3=O)cc(C(F)(F)F)c1)C2=O,1.458
1419,*c1ccc(S(=O)(=O)c2ccc(N3C(=O)c4ccc(-c5ccc6c(c5)C(=O)N(*)C6=O)cc4C3=O)cc2)cc1,1.4105
1420,*CCCCCCN1C(=O)c2ccc(C(c3ccc4c(c3)C(=O)N(*)C4=O)(C(F)(F)F)C(F)(F)F)cc2C1=O,1.424
1421,*c1ccc2c(c1)C(=O)N(c1ccc(Cc3ccc(N4C(=O)c5ccc(C(*)(C(F)(F)F)C(F)(F)F)cc5C4=O)c(C(C)(C)C)c3)cc1C(C)(C)C)C2=O,1.21
1422,*c1ccc2c(c1)C(=O)N(c1ccc(Cc3ccc(N4C(=O)c5ccc(C(*)(C(F)(F)F)C(F)(F)F)cc5C4=O)c(C(F)(F)F)c3)cc1C(F)(F)F)C2=O,1.37
1423,*c1ccc2c(c1)C(=O)N(c1c(C)cc(Cc3cc(C)c(N4C(=O)c5ccc(C(*)(C(F)(F)F)C(F)(F)F)cc5C4=O)c(C)c3)cc1C)C2=O,1.4
1424,*c1ccc2c(c1)C(=O)N(c1c(CC)cc(Cc3cc(CC)c(N4C(=O)c5ccc(C(*)(C(F)(F)F)C(F)(F)F)cc5C4=O)c(CC)c3)cc1CC)C2=O,1.29
1425,*c1ccc2c(c1)C(=O)N(c1c(C)cc(Cc3cc(C)c(N4C(=O)c5ccc(C(*)(C(F)(F)F)C(F)(F)F)cc5C4=O)c(C(C)C)c3)cc1C(C)C)C2=O,1.27
1426,*c1ccc2c(c1)C(=O)N(c1c(C)cc(C(c3ccccc3)(c3cc(C)c(N4C(=O)c5ccc(C(*)(C(F)(F)F)C(F)(F)F)cc5C4=O)c(C(C)C)c3)C(F)(F)F)cc1C(C)C)C2=O,1.2
1427,*c1ccc2c(c1)C(=O)N(c1c(C(C)C)cc(C(c3ccccc3)(c3cc(C(C)C)c(N4C(=O)c5ccc(C(*)(C(F)(F)F)C(F)(F)F)cc5C4=O)c(C(C)C)c3)C(F)(F)F)cc1C(C)C)C2=O,1.18
1428,*c1ccc2c(c1)C(=O)N(c1ccc(C3(c4ccc(N5C(=O)c6ccc(C(*)(C(F)(F)F)C(F)(F)F)cc6C5=O)cc4)c4ccccc4-c4ccccc43)cc1)C2=O,1.31
1429,*c1ccc2c(c1)C(=O)N(c1ccc(C3(c4ccc(N5C(=O)c6ccc(C(*)(C(F)(F)F)C(F)(F)F)cc6C5=O)c(F)c4)c4ccccc4-c4ccccc43)cc1F)C2=O,1.29
1430,*c1ccc2c(c1)C(=O)N(c1ccc(C3(c4ccc(N5C(=O)c6ccc(C(*)(C(F)(F)F)C(F)(F)F)cc6C5=O)c(C(C)C)c4)c4ccccc4-c4ccccc43)cc1C(C)C)C2=O,1.2
1431,*c1ccc2c(c1)C(=O)N(c1c(C)cc(C3(c4cc(C)c(N5C(=O)c6ccc(C(*)(C(F)(F)F)C(F)(F)F)cc6C5=O)c(C)c4)c4ccccc4-c4ccccc43)cc1C)C2=O,1.24
1432,*c1ccc2c(c1)C(=O)N(c1c(C)cc(C3(c4cc(C)c(N5C(=O)c6ccc(C(*)(C(F)(F)F)C(F)(F)F)cc6C5=O)c(C(C)C)c4)c4ccccc4-c4ccccc43)cc1C(C)C)C2=O,1.18
1433,*c1ccc2c(c1)C(=O)N(c1c(C)cc(-c3cc(C)c(N4C(=O)c5ccc(C(*)(C(F)(F)F)C(F)(F)F)cc5C4=O)c(C)c3)cc1C)C2=O,1.325
1434,*c1ccc2c(c1)C(=O)N(c1c(C(C)C)cc(Cc3cc(C(C)C)c(N4C(=O)c5ccc(C(*)(C(F)(F)F)C(F)(F)F)cc5C4=O)c(C(C)C)c3)cc1C(C)C)C2=O,1.2
1435,*c1ccc2c(c1)C(=O)N(c1cc(N3C(=O)c4ccc(C(*)(C(F)(F)F)C(F)(F)F)cc4C3=O)ccc1C)C2=O,1.4268
1436,*c1ccc2c(c1)C(=O)N(c1cc(N3C(=O)c4ccc(C(*)(C(F)(F)F)C(F)(F)F)cc4C3=O)cc(C(F)(F)F)c1)C2=O,1.512
1437,*c1ccc2c(c1)C(=O)N(c1ccc(S(=O)(=O)c3ccc(N4C(=O)c5ccc(C(*)(C(F)(F)F)C(F)(F)F)cc5C4=O)cc3)cc1)C2=O,1.4738
1438,*c1ccc2c(c1)C(=O)N(c1ccc(-c3ccc(N4C(=O)c5ccc(C(*)(C(F)(F)F)C(F)(F)F)cc5C4=O)c(O)c3)cc1O)C2=O,1.46
1439,*c1cc(C(c2ccc(O)c(-n3c(=O)c4cc5c(=O)n(*)c(=O)c5cc4c3=O)c2)(C(F)(F)F)C(F)(F)F)ccc1O,1.54
1440,*c1c(C)cc(-c2cc(C)c(-n3c(=O)c4cc5c(=O)n(*)c(=O)c5cc4c3=O)c(C)c2)cc1C,1.289
1441,*c1c(C)cc(-c2cc(C)c(N3C(=O)c4ccc(-c5ccc6c(c5)C(=O)N(*)C6=O)cc4C3=O)c(C)c2)cc1C,1.266
1442,*c1cc(C)c(-c2c(C)cc(-n3c(=O)c4cc5c(=O)n(*)c(=O)c5cc4c3=O)cc2C)c(C)c1,1.323
1443,*c1cc(C)c(-c2c(C)cc(N3C(=O)c4ccc(-c5ccc6c(c5)C(=O)N(*)C6=O)cc4C3=O)cc2C)c(C)c1,1.263
1444,*c1ccc2c(c1)C(=O)N(c1cc(C)c(-c3c(C)cc(N4C(=O)c5ccc(C(*)(C(F)(F)F)C(F)(F)F)cc5C4=O)cc3C)c(C)c1)C2=O,1.355
1445,*c1ccc2c(c1)C(=O)N(c1ccc(C(c3ccc(C)c(N4C(=O)c5ccc(C(*)(C(F)(F)F)C(F)(F)F)cc5C4=O)c3)(C(F)(F)F)C(F)(F)F)cc1C)C2=O,1.422
1446,*CCCCCCCCCCCN1C(=O)c2ccc(-c3ccc(-c4ccc5c(c4)C(=O)N(*)C5=O)cc3)cc2C1=O,1.265
1447,*c1ccc(-c2ccc(N3C(=O)c4ccc(Oc5ccc(Oc6ccc7c(c6)C(=O)N(*)C7=O)cc5)cc4C3=O)cc2)cc1,1.375
1448,*c1ccc(-c2ccc(N3C(=O)c4ccc(Oc5ccc(Oc6ccc7c(c6)C(=O)N(*)C7=O)cc5)cc4C3=O)c(OC)c2)cc1OC,1.29
1449,*c1ccc(C(=O)c2ccc(N3C(=O)c4ccc(Oc5ccc(Oc6ccc7c(c6)C(=O)N(*)C7=O)cc5)cc4C3=O)cc2)cc1,1.368
1450,*c1ccc(Cc2ccc(N3C(=O)c4ccc(Oc5ccc(Oc6ccc7c(c6)C(=O)N(*)C7=O)cc5)cc4C3=O)cc2)cc1,1.356
1451,*c1ccc(S(=O)(=O)c2ccc(N3C(=O)c4ccc(Oc5ccc(Oc6ccc7c(c6)C(=O)N(*)C7=O)cc5)cc4C3=O)cc2)cc1,1.4
1452,*c1ccc(C(C)(C)c2ccc(N3C(=O)c4ccc(Oc5ccc(Oc6ccc7c(c6)C(=O)N(*)C7=O)cc5)cc4C3=O)cc2)cc1,1.298
1453,*c1ccc(Cc2ccc(N3C(=O)c4ccc(Oc5ccc(Oc6ccc7c(c6)C(=O)N(*)C7=O)cc5)cc4C3=O)c(OC)c2)cc1OC,1.321
1454,*c1ccc(-c2ccc(N3C(=O)c4ccc(Oc5ccc6c(c5)C(=O)N(*)C6=O)cc4C3=O)cc2C(F)(F)F)c(C(F)(F)F)c1,1.36
1455,*c1cccc(Oc2cccc(-n3c(=O)c4cc5c(=O)n(*)c(=O)c5cc4c3=O)c2)c1,1.414
1456,*c1cccc(Oc2ccc(C(c3ccc(Oc4cccc(-n5c(=O)c6cc7c(=O)n(*)c(=O)c7cc6c5=O)c4)cc3)(C(F)(F)F)C(F)(F)F)cc2)c1,1.417
1457,*c1ccc2c(c1)C(=O)N(c1cccc(Oc3ccc(C(c4ccc(Oc5cccc(N6C(=O)c7ccc(C(*)(C(F)(F)F)C(F)(F)F)cc7C6=O)c5)cc4)(C(F)(F)F)C(F)(F)F)cc3)c1)C2=O,1.446
1458,*c1ccc2c(c1)C(=O)N(c1ccc(Oc3ccc(-c4ccc(Oc5ccc(N6C(=O)c7ccc(C(*)(C(F)(F)F)C(F)(F)F)cc7C6=O)cc5)cc4)cc3)cc1)C2=O,1.371
1459,*c1ccc(Oc2ccc(N3C(=O)c4ccc(Sc5ccc6c(c5)C(=O)N(*)C6=O)cc4C3=O)cc2)cc1,1.383
1460,*c1ccc(Oc2ccc(N3C(=O)c4ccc(S(=O)(=O)c5ccc6c(c5)C(=O)N(*)C6=O)cc4C3=O)cc2)cc1,1.407
1461,*c1ccc(Oc2ccc(N3C(=O)c4ccc([Si](C)(C)c5ccc6c(c5)C(=O)N(*)C6=O)cc4C3=O)cc2)cc1,1.286
1462,*c1ccc(Cc2ccc(N3C(=O)c4ccc(Sc5ccc6c(c5)C(=O)N(*)C6=O)cc4C3=O)cc2)cc1,1.343
1463,*c1ccc(Cc2ccc(N3C(=O)c4ccc(S(=O)(=O)c5ccc6c(c5)C(=O)N(*)C6=O)cc4C3=O)cc2)cc1,1.371
1464,*c1ccc(Cc2ccc(N3C(=O)c4ccc(Oc5ccc(C(C)(C)c6ccc(Oc7ccc8c(c7)C(=O)N(*)C8=O)cc6)cc5)cc4C3=O)cc2)cc1,1.28
1465,*c1ccc2c(c1)C(=O)N(c1ccc(Oc3ccc(C(C)(C)c4ccc(Oc5ccc(N6C(=O)c7ccc(C(*)(C(F)(F)F)C(F)(F)F)cc7C6=O)cc5)cc4)cc3)cc1)C2=O,1.3425
1466,*c1ccc2c(c1)C(=O)N(c1ccc(Oc3ccc(S(=O)(=O)c4ccc(Oc5ccc(N6C(=O)c7ccc(C(*)(C(F)(F)F)C(F)(F)F)cc7C6=O)cc5)cc4)cc3)cc1)C2=O,1.461
1467,*c1ccc2c(c1)C(=O)N(c1cccc(Oc3ccc(S(=O)(=O)c4ccc(Oc5cccc(N6C(=O)c7ccc(C(*)(C(F)(F)F)C(F)(F)F)cc7C6=O)c5)cc4)cc3)c1)C2=O,1.4255
1468,*c1ccc(C(C)(C)c2ccc(N3C(=O)c4ccc(Oc5ccc6c(c5)C(=O)N(*)C6=O)cc4C3=O)cc2)cc1,1.275
1469,*c1cccc(N2C(=O)c3ccc(Oc4ccc5c(c4)C4(CC(C)(C)c6ccc(Oc7ccc8c(c7)C(=O)N(*)C8=O)cc64)CC5(C)C)cc3C2=O)c1,1.22
1470,*c1c(C)cc(-c2cc(C)c(N3C(=O)c4ccc(S(=O)(=O)c5ccc6c(c5)C(=O)N(*)C6=O)cc4C3=O)c(C)c2)cc1C,1.303
1471,*C(=O)c1ccc2c(c1)C(=O)N(c1c(C)cc(-c3cc(C)c(N4C(=O)c5ccc(*)cc5C4=O)c(C)c3)cc1C)C2=O,1.272
1472,*C(=O)c1ccc2c(c1)C(=O)N(c1ccc(Cl)c(N3C(=O)c4ccc(*)cc4C3=O)c1)C2=O,1.429
1473,*C(=O)c1ccc2c(c1)C(=O)N(c1ccc(Cc3ccc(Cc4ccc(N5C(=O)c6ccc(*)cc6C5=O)cc4)cc3)cc1)C2=O,1.29
1474,*c1ccc(C)c(N2C(=O)c3ccc(S(=O)(=O)c4ccc5c(c4)C(=O)N(*)C5=O)cc3C2=O)c1,1.337
1475,*C(=O)Nc1ccc(C(c2ccc(NC(=O)c3ccc(N4C(=O)c5ccc(*)cc5C4=O)cc3C)cc2)(C(F)(F)F)C(F)(F)F)cc1,1.395
1476,*c1ccc2c(c1)C(=O)N(c1cccc(C(=O)Nc3ccc(C(c4ccc(NC(=O)c5cccc(N6C(=O)c7ccc(C(*)(C(F)(F)F)C(F)(F)F)cc7C6=O)c5)cc4)(C(F)(F)F)C(F)(F)F)cc3)c1)C2=O,1.43
1477,*c1ccc2c(c1)C(=O)N(c1cc(C(=O)Nc3ccc(C(c4ccc(NC(=O)c5ccc(C)c(N6C(=O)c7ccc(C(*)(C(F)(F)F)C(F)(F)F)cc7C6=O)c5)cc4)(C(F)(F)F)C(F)(F)F)cc3)ccc1C)C2=O,1.4
1478,*c1ccc2c(c1)C(=O)N(c1cc(C(=O)Nc3c(C)cc(-c4cc(C)c(NC(=O)c5ccc(C)c(N6C(=O)c7ccc(C(*)(C(F)(F)F)C(F)(F)F)cc7C6=O)c5)c(C)c4)cc3C)ccc1C)C2=O,1.286
1479,*c1ccc2c(c1)C(=O)N(c1cc(C(=O)Nc3cccc4c(NC(=O)c5ccc(C)c(N6C(=O)c7ccc(C(*)(C(F)(F)F)C(F)(F)F)cc7C6=O)c5)cccc34)ccc1C)C2=O,1.363
1480,*c1ccc2c(c1)C(=O)N(c1cccc(C(=O)Nc3ccc(C(c4ccc(NC(=O)c5cccc(N6C(=O)c7ccc(C(*)(C(F)(F)F)C(F)(F)F)cc7C6=O)c5C)cc4)(C(F)(F)F)C(F)(F)F)cc3)c1C)C2=O,1.405
1481,*C(=O)Nc1ccc(C(c2ccc(NC(=O)c3ccc4c(c3)C(=O)N(c3c(C)cc(C)c(N5C(=O)c6ccc(*)cc6C5=O)c3C)C4=O)cc2)(C(F)(F)F)C(F)(F)F)cc1,1.351
1482,*C(=O)Nc1ccc(C(c2ccc(NC(=O)c3ccc4c(c3)C(=O)N(c3ccc(-c5ccc(N6C(=O)c7ccc(*)cc7C6=O)c(OC)c5)cc3OC)C4=O)cc2)(C(F)(F)F)C(F)(F)F)cc1,1.408
1483,*C(=O)Nc1ccc(C(c2ccc(NC(=O)c3ccc4c(c3)C(=O)N(c3c(C)cc(-c5cc(C)c(N6C(=O)c7ccc(*)cc7C6=O)c(C)c5)cc3C)C4=O)cc2)(C(F)(F)F)C(F)(F)F)cc1,1.31
1484,*C(=O)Nc1ccc(C(c2ccc(NC(=O)c3ccc4c(c3)C(=O)N(c3c(C)cc(-c5cc(C)c(N6C(=O)c7ccc(*)cc7C6=O)c6ccccc56)c5ccccc35)C4=O)cc2)(C(F)(F)F)C(F)(F)F)cc1,1.31
1485,*C(=O)Nc1ccc(C(c2ccc(NC(=O)c3ccc4c(c3)C(=O)N(c3cccc5c(N6C(=O)c7ccc(*)cc7C6=O)cccc35)C4=O)cc2)(C(F)(F)F)C(F)(F)F)cc1,1.404
1486,*C(=O)Nc1cc(C(c2cc(C)c(C)c(NC(=O)c3ccc4c(c3)C(=O)N(c3cccc5c(N6C(=O)c7ccc(*)cc7C6=O)cccc35)C4=O)c2)(C(F)(F)F)C(F)(F)F)cc(C)c1C,1.353
1487,*c1ccc(Cc2ccc(N3C(=O)c4ccc(Oc5ccc(Oc6ccc7c(c6)C(=O)N(*)C7=O)cc5)cc4C3=O)c(C)c2C)c(C)c1C,1.266
1488,*c1cc(C)c(Cc2cc(C)c(N3C(=O)c4ccc(Oc5ccc(Oc6ccc7c(c6)C(=O)N(*)C7=O)cc5)cc4C3=O)cc2C)cc1C,1.264
1489,*c1ccc2c(c1)C(=O)N(c1ccc(S(=O)(=O)c3ccc(S(=O)(=O)c4ccc(N5C(=O)c6ccc(C(*)(C(F)(F)F)C(F)(F)F)cc6C5=O)cc4)cc3)cc1)C2=O,1.464
1490,*c1ccc2c(c1)C(=O)N(c1ccc(S(=O)(=O)c3ccc(S(=O)(=O)c4ccc(S(=O)(=O)c5ccc(N6C(=O)c7ccc(C(*)(C(F)(F)F)C(F)(F)F)cc7C6=O)cc5)cc4)cc3)cc1)C2=O,1.4635
1491,*c1ccc2c(c1)C(=O)N(c1ccc(Cc3ccc(N4C(=O)c5ccc(C(C)(C)CCCCC(*)(C)C)cc5C4=O)cc3)cc1)C2=O,1.2055
1492,*c1ccc2c(c1)C(=O)N(c1ccc(Oc3ccc(N4C(=O)c5ccc(C(C)(C)CCCCCCCCC(*)(C)C)cc5C4=O)cc3)cc1)C2=O,1.076
1493,*C(=O)OCCOC(=O)c1ccc(N2C(=O)c3ccc(*)cc3C2=O)cc1,1.38
1494,*C(=O)OCCOC(=O)c1cccc(N2C(=O)c3ccc(*)cc3C2=O)c1,1.259
1495,*C(=O)Nc1cccc(NC(=O)c2ccc(N3C(=O)c4ccc(*)cc4C3=O)cc2)c1,1.215
1496,*c1ccc(Oc2ccc(C(c3ccc(Oc4ccc(-n5c(=O)c6cc7c(=O)n(*)c(=O)c7cc6c5=O)cc4C(F)(F)F)cc3)(C(F)(F)F)C(F)(F)F)cc2)c(C(F)(F)F)c1,1.474
1497,*c1ccc(C(c2ccc(-n3c(=O)c4cc5c(=O)n(*)c(=O)c5cc4c3=O)cc2)(C(F)(F)F)C(F)(F)F)cc1,1.478
1498,*c1ccc(Oc2ccc(C(c3ccc(Oc4ccc(N5C(=O)c6ccc(-c7ccc8c(c7)C(=O)N(*)C8=O)cc6C5=O)cc4C(F)(F)F)cc3)(C(F)(F)F)C(F)(F)F)cc2)c(C(F)(F)F)c1,1.443
1499,*C(=O)c1ccc2c(c1)C(=O)N(c1ccc(Oc3ccc(C(c4ccc(Oc5ccc(N6C(=O)c7ccc(*)cc7C6=O)cc5C(F)(F)F)cc4)(C(F)(F)F)C(F)(F)F)cc3)c(C(F)(F)F)c1)C2=O,1.457
1500,*c1ccc2c(c1)C(=O)N(c1cccc(C(C)(C)c3ccc(N4C(=O)c5ccc(C(*)(C(F)(F)F)C(F)(F)F)cc5C4=O)cc3)c1)C2=O,1.361
1501,*c1ccc2c(c1)C(=O)N(c1ccc(Oc3ccc(C(c4ccc(Oc5ccc(N6C(=O)c7ccc(C(*)(C(F)(F)F)C(F)(F)F)cc7C6=O)cc5C(F)(F)F)cc4)(C(F)(F)F)C(F)(F)F)cc3)c(C(F)(F)F)c1)C2=O,1.484
1502,*c1ccc2c(c1)C(=O)N(c1ccc(Sc3ccc(N4C(=O)c5ccc(C(*)(C(F)(F)F)C(F)(F)F)cc5C4=O)cc3)cc1)C2=O,1.4373
1503,*c1ccc2c(c1)C(=O)N(c1ccc(Sc3ccc(Sc4ccc(N5C(=O)c6ccc(C(*)(C(F)(F)F)C(F)(F)F)cc6C5=O)cc4)cc3)cc1)C2=O,1.4179
1504,*c1ccc2c(c1)C(=O)N(c1ccc(Sc3ccc(Sc4ccc(Sc5ccc(N6C(=O)c7ccc(C(*)(C(F)(F)F)C(F)(F)F)cc7C6=O)cc5)cc4)cc3)cc1)C2=O,1.398
1505,*c1ccc2c(c1)C(=O)N(c1ccc(Sc3ccc(Sc4ccc(Sc5ccc(Sc6ccc(N7C(=O)c8ccc(C(*)(C(F)(F)F)C(F)(F)F)cc8C7=O)cc6)cc5)cc4)cc3)cc1)C2=O,1.3956
1506,*c1ccc2c(c1)C(=O)N(c1ccc(OC(CCCCCC)COc3ccc(N4C(=O)c5ccc(C(*)(C(F)(F)F)C(F)(F)F)cc5C4=O)cc3)cc1)C2=O,1.3369
1507,*c1ccc2c(c1)C(=O)N(c1ccc(OC(CCC)COc3ccc(N4C(=O)c5ccc(C(*)(C(F)(F)F)C(F)(F)F)cc5C4=O)cc3)cc1)C2=O,1.3695
1508,*c1ccc2c(c1)C(=O)N(c1ccc(OC(C)COc3ccc(N4C(=O)c5ccc(C(*)(C(F)(F)F)C(F)(F)F)cc5C4=O)cc3)cc1)C2=O,1.4006
1509,*c1ccc2c(c1)C(=O)N(c1ccc(N(C)CCN(C)c3ccc(N4C(=O)c5ccc(C(*)(C(F)(F)F)C(F)(F)F)cc5C4=O)cc3)cc1)C2=O,1.3802
1510,*c1c(C)cc(C)c(N2C(=O)c3ccc(Oc4ccc(Oc5ccc6c(c5)C(=O)N(*)C6=O)cc4)cc3C2=O)c1C,1.267
1511,*c1c(C)cc(C)c(N2C(=O)c3ccc(S(=O)(=O)c4ccc5c(c4)C(=O)N(*)C5=O)cc3C2=O)c1C,1.314
1512,*c1c(C)cc(C)c(N2C(=O)c3ccc(Sc4ccc5c(c4)C(=O)N(*)C5=O)cc3C2=O)c1C,1.286
1513,*c1c(C)cc(C)c(-n2c(=O)c3cc4c(=O)n(*)c(=O)c4cc3c2=O)c1C,1.3034
1514,*c1cc(Br)c(-c2c(Br)cc(N3C(=O)c4ccc(-c5ccc6c(c5)C(=O)N(*)C6=O)cc4C3=O)cc2C(=O)OCCCCCCCCCCCCCCCCCC)c(C(=O)OCCCCCCCCCCCCCCCCCC)c1,1.145
1515,*c1cc(Br)c(-c2c(Br)cc(N3C(=O)c4ccc(-c5ccc6c(c5)C(=O)N(*)C6=O)cc4C3=O)cc2C(=O)OCCCCCCCCCCCCCCCC)c(C(=O)OCCCCCCCCCCCCCCCC)c1,1.18
1516,*c1cc(Br)c(-c2c(Br)cc(N3C(=O)c4ccc(-c5ccc6c(c5)C(=O)N(*)C6=O)cc4C3=O)cc2C(=O)OCCCCCCCCCCCCCC)c(C(=O)OCCCCCCCCCCCCCC)c1,1.212
1517,*c1cc(Br)c(-c2c(Br)cc(N3C(=O)c4ccc(-c5ccc6c(c5)C(=O)N(*)C6=O)cc4C3=O)cc2C(=O)OCCCCCCCCCCCC)c(C(=O)OCCCCCCCCCCCC)c1,1.245
1518,*c1cc(Br)c(-c2c(Br)cc(N3C(=O)c4ccc(-c5ccc6c(c5)C(=O)N(*)C6=O)cc4C3=O)cc2C(=O)OCCCCCCCCCC)c(C(=O)OCCCCCCCCCC)c1,1.2725
1519,*c1cc(Br)c(-c2c(Br)cc(N3C(=O)c4ccc(-c5ccc6c(c5)C(=O)N(*)C6=O)cc4C3=O)cc2C(=O)OCCCCCCCC)c(C(=O)OCCCCCCCC)c1,1.275
1520,*c1cc(Br)c(-c2c(Br)cc(N3C(=O)c4ccc(-c5ccc6c(c5)C(=O)N(*)C6=O)cc4C3=O)cc2C(=O)OCCCCCC)c(C(=O)OCCCCCC)c1,1.335
1521,*c1cc(Br)c(-c2c(Br)cc(N3C(=O)c4ccc(-c5ccc6c(c5)C(=O)N(*)C6=O)cc4C3=O)cc2C(=O)OCCCC)c(C(=O)OCCCC)c1,1.387
1522,*CC(c1ccccc1)C1C(=O)N(CCCCCCCC)C(=O)C1*,1.088
1523,*CC(c1ccccc1)C1C(=O)N(CCCCCCCCCC)C(=O)C1*,1.071
1524,*CC(c1ccccc1)C1C(=O)N(CCCCCCCCCCCC)C(=O)C1*,1.055
1525,*CC(c1ccccc1)C1C(=O)N(CCCCCCCCCCCCCC)C(=O)C1*,1.043
1526,*CC(c1ccccc1)C1C(=O)N(CCCCCCCCCCCCCCCC)C(=O)C1*,1.03
1527,*CC(c1ccccc1)C1C(=O)N(CCCCCCCCCCCCCCCCCC)C(=O)C1*,1.016
1528,*c1ccc(-c2ccc(-n3c(=O)c4cc5c(=O)n(*)c(=O)c5cc4c3=O)cc2OC)c(OC)c1,1.39
1529,*c1ccc(-c2ccc(-n3c(=O)c4cc5c(=O)n(*)c(=O)c5cc4c3=O)cc2F)c(F)c1,1.51
1530,*CC(=O)Nc1ccc(Oc2c(F)c(F)c(Oc3ccc(NC(=O)c4ccc5c(c4)C(=O)N(*)C5=O)cc3)c(F)c2F)cc1,1.4301
1531,*CC(=O)Nc1ccc(C2(c3ccc(NC(=O)c4ccc5c(c4)C(=O)N(*)C5=O)cc3)c3ccccc3-c3ccccc32)cc1,1.2581
1532,*CC(=O)Nc1ccc(C2(c3ccc(NC(=O)Cn4c(=O)c5cc6c(=O)n(*)c(=O)c6cc5c4=O)cc3)c3ccccc3-c3ccccc32)cc1,1.2864
1533,*c1ccc2c(c1)C(=O)N(c1ccc(C(C)(C)c3ccc(C(C)(C)c4ccc(N5C(=O)c6ccc(C(*)(C(F)(F)F)C(F)(F)F)cc6C5=O)cc4)cc3)cc1)C2=O,1.301
1534,*C(=O)Nc1ccc(N2C(=O)c3ccc(*)cc3C2=O)cc1,1.46
1535,*C(=O)Nc1ccc(-c2ccc(N3C(=O)c4ccc(*)cc4C3=O)c(C)c2)cc1C,1.306
1536,*C(=O)Nc1c(C)cc(-c2cc(C)c(N3C(=O)c4ccc(*)cc4C3=O)c(C)c2)cc1C,1.241
1537,*c1ccc(C(c2ccc(N3C(=O)c4cc5c(cc4C3=O)C(C(F)(F)F)(C(F)(F)F)c3cc4c(cc3O5)C(=O)N(*)C4=O)cc2)(C(F)(F)F)C(F)(F)F)cc1,1.49
1538,*c1ccc2c(c1)C(=O)N(c1cc(C(c3ccc(O)c(N4C(=O)c5ccc(C(*)(C(F)(F)F)C(F)(F)F)cc5C4=O)c3)(C(F)(F)F)C(F)(F)F)ccc1O)C2=O,1.55
1539,*c1ccc(Oc2c(C)cc(Cc3cc(C)c(Oc4ccc(-n5c(=O)c6cc7c(=O)n(*)c(=O)c7cc6c5=O)cc4)c(C)c3)cc2C)cc1,1.3503
1540,*c1ccc(Oc2c(C)cc(Cc3cc(C)c(Oc4ccc(N5C(=O)c6ccc(-c7ccc8c(c7)C(=O)N(*)C8=O)cc6C5=O)cc4)c(C)c3)cc2C)cc1,1.3138
1541,*C(=O)c1ccc2c(c1)C(=O)N(c1ccc(Oc3c(C)cc(Cc4cc(C)c(Oc5ccc(N6C(=O)c7ccc(*)cc7C6=O)cc5)c(C)c4)cc3C)cc1)C2=O,1.2957
1542,*c1ccc2c(c1)C(=O)N(c1ccc(Oc3c(C)cc(Cc4cc(C)c(Oc5ccc(N6C(=O)c7ccc(C(*)(C(F)(F)F)C(F)(F)F)cc7C6=O)cc5)c(C)c4)cc3C)cc1)C2=O,1.2859
1543,*c1c(C)cc(C(c2cc(C)c(-n3c(=O)c4cc5c(=O)n(*)c(=O)c5cc4c3=O)c(C)c2)c2cccc3ccccc23)cc1C,1.2697
1544,*c1c(C)cc(C(c2cc(C)c(N3C(=O)c4ccc(-c5ccc6c(c5)C(=O)N(*)C6=O)cc4C3=O)c(C)c2)c2cccc3ccccc23)cc1C,1.2599
1545,*C(=O)c1ccc2c(c1)C(=O)N(c1c(C)cc(C(c3cc(C)c(N4C(=O)c5ccc(*)cc5C4=O)c(C)c3)c3cccc4ccccc34)cc1C)C2=O,1.2381
1546,*c1ccc2c(c1)C(=O)N(c1c(C)cc(C(c3cc(C)c(N4C(=O)c5ccc(C(*)(C(F)(F)F)C(F)(F)F)cc5C4=O)c(C)c3)c3cccc4ccccc34)cc1C)C2=O,1.2478
1547,*c1ccc(Oc2c(C)cc(C(c3cc(C)c(Oc4ccc(-n5c(=O)c6cc7c(=O)n(*)c(=O)c7cc6c5=O)cc4)c(C)c3)c3cccc4ccccc34)cc2C)cc1,1.2684
1548,*c1ccc(Oc2c(C)cc(C(c3cc(C)c(Oc4ccc(N5C(=O)c6ccc(-c7ccc8c(c7)C(=O)N(*)C8=O)cc6C5=O)cc4)c(C)c3)c3cccc4ccccc34)cc2C)cc1,1.243
1549,*C(=O)c1ccc2c(c1)C(=O)N(c1ccc(Oc3c(C)cc(C(c4cc(C)c(Oc5ccc(N6C(=O)c7ccc(*)cc7C6=O)cc5)c(C)c4)c4cccc5ccccc45)cc3C)cc1)C2=O,1.2382
1550,*c1ccc(Oc2ccc(N3C(=O)CC4C(CC5C(=O)N(*)C(=O)C54)C3=O)cc2)cc1,1.357
1551,*/C=C/C1CC(*)C2C(=O)N(CCCC)C(=O)C12,1.15
1552,*/C=C/C1CC(*)C2C(=O)N(CCCCC)C(=O)C12,1.125
1553,*/C=C/C1CC(*)C2C(=O)N(CCCCCC)C(=O)C12,1.1
1554,*C(=O)c1ccc2c(c1)C(=O)N(c1cc(C(c3ccc(O)c(N4C(=O)c5ccc(*)cc5C4=O)c3)(C(F)(F)F)C(F)(F)F)ccc1O)C2=O,1.49
1555,*c1ccc2c(c1)C(=O)N(c1cc(-c3ccc(O)c(N4C(=O)c5ccc(C(*)(C(F)(F)F)C(F)(F)F)cc5C4=O)c3)ccc1O)C2=O,1.438
1556,*C(=O)c1ccc2c(c1)C(=O)N(c1ccc(-c3ccc(N4C(=O)c5ccc(*)cc5C4=O)cc3C)c(C)c1)C2=O,1.285
1557,*C(=O)c1ccc2c(c1)C(=O)N(c1c(C)c(N3C(=O)c4ccc(*)cc4C3=O)c(C)c3c1C(C)(C)CC3)C2=O,1.2251
1558,*c1c(C)c(N2C(=O)c3ccc(Oc4ccc5c(c4)C(=O)N(*)C5=O)cc3C2=O)c(C)c2c1C(C)(C)CC2,1.2183
1559,*c1c(C)c(N2C(=O)c3ccc(-c4ccc5c(c4)C(=O)N(*)C5=O)cc3C2=O)c(C)c2c1C(C)(C)CC2,1.1902
1560,*c1ccc2c(c1)C(=O)N(c1c(C)c3c(c(N4C(=O)c5ccc(C(*)(C(F)(F)F)C(F)(F)F)cc5C4=O)c1C)C(C)(C)CC3)C2=O,1.3263
1561,*c1ccc(Oc2ccc(C(c3ccc(Oc4ccc(N5C(=O)c6ccc(Oc7ccc(C(c8ccc(Oc9ccc%10c(c9)C(=O)N(*)C%10=O)cc8)(C(F)(F)F)C(F)(F)F)cc7)cc6C5=O)cc4)cc3)(C(F)(F)F)C(F)(F)F)cc2)cc1,1.4
1562,*c1cc(N2C(=O)c3ccc(Oc4ccc(C(c5ccc(Oc6ccc7c(c6)C(=O)N(*)C7=O)cc5)(C(F)(F)F)C(F)(F)F)cc4)cc3C2=O)cc(C(F)(F)F)c1,1.44
1563,*C(=O)c1ccc2c(c1)C(=O)N(c1ccc(C(C)(C)c3ccc(C(C)(C)c4ccc(N5C(=O)c6ccc(*)cc6C5=O)cc4)cc3)cc1)C2=O,1.27
1564,*C(=O)c1ccc2c(c1)C(=O)N(c1ccc(C(C)(C)c3cccc(C(C)(C)c4ccc(N5C(=O)c6ccc(*)cc6C5=O)cc4)c3)cc1)C2=O,1.28
1565,*c1ccc(Oc2ccc(C(c3ccc(Oc4ccc(-n5c(=O)c6ccc7c(=O)n(*)c(=O)c8ccc(c5=O)c6c78)cc4)cc3)(C(F)(F)F)C(F)(F)F)cc2)cc1,1.407
1566,*c1ccc(Oc2ccc(C(c3ccc(Oc4ccc(-n5c(=O)c6ccc7c(=O)n(*)c(=O)c8ccc(c5=O)c6c78)cc4)c(S(=O)(=O)O)c3)(C(F)(F)F)C(F)(F)F)cc2S(=O)(=O)O)cc1,1.4325
1567,*c1ccc(N2C(=O)c3ccc(Oc4ccc(C(C)(C)c5cccc(Oc6ccc7c(c6)C(=O)N(*)C7=O)c5)cc4)cc3C2=O)cc1,1.282
1568,*c1ccc(Oc2ccc(-c3ccc(Oc4ccc(N5C(=O)c6cccc(Oc7ccc(C(C)(C)c8ccc(Oc9cccc%10c9C(=O)N(*)C%10=O)cc8)cc7)c6C5=O)cc4)cc3)cc2)cc1,1.248
1569,*c1ccc(Oc2ccc(-c3ccc(Oc4ccc(N5C(=O)c6cccc(Oc7c(C)cc(Cc8cc(C)c(Oc9cccc%10c9C(=O)N(*)C%10=O)c(C)c8)cc7C)c6C5=O)cc4)cc3)cc2)cc1,1.226
1570,*c1ccc(Oc2ccc(-c3ccc(Oc4ccc(N5C(=O)c6cccc(Oc7cc(C(C)(C)C)c(Oc8cccc9c8C(=O)N(*)C9=O)cc7C(C)(C)C)c6C5=O)cc4)cc3)cc2)cc1,1.182
1571,*c1ccc(Oc2ccc(-c3ccc(Oc4ccc(N5C(=O)c6cccc(Oc7ccc(C(c8ccc(Oc9cccc%10c9C(=O)N(*)C%10=O)cc8)(C(F)(F)F)C(F)(F)F)cc7)c6C5=O)cc4)cc3)cc2)cc1,1.348
1572,*c1c(C)cc(Cc2cc(C)c(N3C(=O)c4ccc(Oc5ccc(C(C)(C)c6ccc(Oc7ccc8c(c7)C(=O)N(*)C8=O)cc6)cc5)cc4C3=O)c(C)c2)cc1C,1.19
1573,*c1ccc(Oc2ccc(-c3ccc(Oc4ccc(N5C(=O)c6ccc(Oc7ccc(C(C)(C)c8ccc(Oc9ccc%10c(c9)C(=O)N(*)C%10=O)cc8)cc7)cc6C5=O)cc4)cc3)cc2)cc1,1.242
1574,*c1c(C)cc(Cc2cc(C)c(N3C(=O)c4ccc(Oc5c(C)cc(Cc6cc(C)c(Oc7ccc8c(c7)C(=O)N(*)C8=O)c(C)c6)cc5C)cc4C3=O)c(C)c2)cc1C,1.153
1575,*c1c(C)cc(Cc2cc(C)c(N3C(=O)c4ccc(Oc5c(C)cc(-c6cc(C)c(Oc7ccc8c(c7)C(=O)N(*)C8=O)c(C)c6)cc5C)cc4C3=O)c(C)c2)cc1C,1.16
1576,*c1ccc(Oc2ccc(-c3ccc(Oc4ccc(N5C(=O)c6ccc(Oc7cc(C(C)(C)C)c(Oc8ccc9c(c8)C(=O)N(*)C9=O)cc7C(C)(C)C)cc6C5=O)cc4)cc3)cc2)cc1,1.18
1577,*c1ccc(Oc2ccc(-c3ccc(Oc4ccc(N5C(=O)c6ccc(Oc7ccc(C(c8ccc(Oc9ccc%10c(c9)C(=O)N(*)C%10=O)cc8)(C(F)(F)F)C(F)(F)F)cc7)cc6C5=O)cc4)cc3)cc2)cc1,1.355
1578,*c1cc(C(c2ccc(O)c(N3C(=O)c4ccc(Oc5ccc6c(c5)C(=O)N(*)C6=O)cc4C3=O)c2)(C(F)(F)F)C(F)(F)F)ccc1O,1.5
1579,*c1ccc(Oc2ccc(C(C)(C)c3ccc(Oc4ccc(N5C(=O)c6ccc(Oc7ccc(C(C)(C)c8ccc(Oc9ccc%10c(c9)C(=O)N(*)C%10=O)cc8)cc7)cc6C5=O)cc4)cc3)cc2)cc1,1.267
1580,*c1ccc(S(=O)(=O)c2ccc(N3C(=O)c4ccc(Oc5ccc(C(C)(C)c6ccc(Oc7ccc8c(c7)C(=O)N(*)C8=O)cc6)cc5)cc4C3=O)cc2)cc1,1.357
1581,*C1C(=O)N(Nc2ccccc2)C(=O)C1*,0.8102
1582,*c1cc(C(c2ccc(O)c(N3C(=O)c4ccc(-c5ccc6c(c5)C(=O)N(*)C6=O)cc4C3=O)c2)(C(F)(F)F)C(F)(F)F)ccc1O,1.47
1583,*c1ccc(-c2ccc(Oc3ccc(C4(C)CC(C)(C)c5ccc(Oc6ccc(-c7ccc(-n8c(=O)c9cc%10c(=O)n(*)c(=O)c%10cc9c8=O)cc7)cc6C(F)(F)F)cc54)cc3)c(C(F)(F)F)c2)cc1,1.27
1584,*C(=O)c1ccc2c(c1)C(=O)N(c1ccc(-c3ccc(Oc4ccc(C5(C)CC(C)(C)c6ccc(Oc7ccc(-c8ccc(N9C(=O)c%10ccc(*)cc%10C9=O)cc8)cc7C(F)(F)F)cc65)cc4)c(C(F)(F)F)c3)cc1)C2=O,1.15
1585,*c1ccc2c(c1)C(=O)N(c1ccc(-c3ccc(Oc4ccc5c(c4)C(C)(c4ccc(Oc6ccc(-c7ccc(N8C(=O)c9ccc(C(*)(C(F)(F)F)C(F)(F)F)cc9C8=O)cc7)cc6C(F)(F)F)cc4)CC5(C)C)c(C(F)(F)F)c3)cc1)C2=O,1.17
1586,*c1ccc(-c2ccc(Oc3ccc(C4(C)CC(C)(C)c5ccc(Oc6ccc(-c7ccc(N8C(=O)c9ccc(Oc%10ccc%11c(c%10)C(=O)N(*)C%11=O)cc9C8=O)cc7)cc6C(F)(F)F)cc54)cc3)c(C(F)(F)F)c2)cc1,1.14
1587,*c1ccc(-c2ccc(Oc3ccc(C4(C)CC(C)(C)c5ccc(Oc6ccc(-c7ccc(N8C(=O)c9ccc(Oc%10ccc(C(C)(C)c%11ccc(Oc%12ccc%13c(c%12)C(=O)N(*)C%13=O)cc%11)cc%10)cc9C8=O)cc7)cc6C(F)(F)F)cc54)cc3)c(C(F)(F)F)c2)cc1,1.12
1588,*c1ccc(-c2ccc(N3C(=O)c4ccc(-c5cccc6c5C(=O)N(*)C6=O)cc4C3=O)cc2C(F)(F)F)c(C(F)(F)F)c1,1.511
1589,*C(=O)Nc1ccc(C2(c3ccc(NC(=O)c4ccc5c(c4)C(=O)N(c4ccc(Sc6ccc(Oc7ccc(Sc8ccc(N9C(=O)c%10ccc(*)cc%10C9=O)cc8)cc7)cc6)cc4)C5=O)cc3)c3ccccc3-c3ccccc32)cc1,1.239
1590,*c1ccc(Sc2ccc(Oc3ccc(Sc4ccc(N5C(=O)c6ccc(Oc7ccc(C(C)(C)c8ccc(Oc9ccc%10c(c9)C(=O)N(*)C%10=O)cc8)cc7)cc6C5=O)cc4)cc3)cc2)cc1,1.21
1591,*c1ccc2c(c1)C(=O)N(c1ccc(Sc3ccc(Oc4ccc(Sc5ccc(N6C(=O)c7ccc(C(*)(C(F)(F)F)C(F)(F)F)cc7C6=O)cc5)cc4)cc3)cc1)C2=O,1.375
1592,*c1ccc2c(c1)C(=O)N(c1cc(C(c3ccc(OC(C)=O)c(N4C(=O)c5ccc(C(*)(C(F)(F)F)C(F)(F)F)cc5C4=O)c3)(C(F)(F)F)C(F)(F)F)ccc1OC(C)=O)C2=O,1.435
1593,*CC(c1ccccc1)C1C(=O)OC(=O)C1*,1.286
1594,*Oc1c(Cl)cc(C2(c3cc(Cl)c(OC(*)=O)c(Cl)c3)CC3CCC2C3)cc1Cl,1.37
1595,*Oc1ccc(C2(c3ccc(OC(*)=O)cc3)CC3CC2C2CCCC32)cc1,1.2
1596,*OC(C)COC(*)=O,1.26
1597,*Oc1ccc(C2(c3ccc(OC(*)=O)cc3)CC(C)CC(C)(C)C2)cc1,1.107
1598,*Oc1c(C)cc(C(c2cc(C)c(OC(*)=O)c(C)c2)(C(F)(F)F)C(F)(F)F)cc1C,1.286
1599,*Oc1ccc2c(c1)C1(CC2(C)C)CC(C)(C)c2ccc(OC(*)=O)cc21,1.2565
1600,*Oc1ccc(C(C)(C)c2ccc(OC(*)=O)c(CC)c2)cc1CC,1.128
1601,*Oc1ccc(C(C)(CCC#N)c2ccc(OC(*)=O)cc2)cc1,1.238
1602,*Oc1ccc(C(C)(CCC#N)c2ccc(OC(*)=O)c(C)c2)cc1C,1.192
1603,*Oc1ccc(C(CCC)(CCC)c2ccc(OC(*)=O)c(C)c2)cc1C,1.093
1604,*Oc1ccc(C(CCCC)(CCCC)c2ccc(OC(*)=O)cc2)cc1,1.098
1605,*Oc1ccc(C2(c3ccc(OC(*)=O)cc3)CCCCCC2)cc1,1.203
1606,*CCCCCCCCCSC(=O)S*,1.17
1607,*CCCCCCCCCCCCSC(=O)S*,1.109
1608,*Sc1ccc(Cc2ccc(SC(*)=O)cc2)cc1,1.238
1609,*Oc1ccc(C(C)(C)c2ccc(OC(=O)SCCCSC(*)=O)cc2)cc1,1.255
1610,*Oc1ccc(C(C)(C)c2ccc(OC(=O)SCCCCCCSC(*)=O)cc2)cc1,1.203
1611,*Oc1ccc(C(C)(C)c2ccc(OC(=O)Sc3ccc(C(C)(C)c4ccc(SC(*)=O)cc4)cc3)cc2)cc1,1.194
1612,*N=P(*)(OCC(F)(F)C(F)(F)C(F)(F)F)OCC(F)(F)C(F)(F)C(F)(F)F,1.7
1613,*N=P(*)(OCC(F)(F)C(F)F)OCC(F)(F)C(F)F,1.87
1614,*c1cnc(C2C(c3ccccc3)C(*)C2c2ccccc2)cn1,1.257
1615,*CCCCCCCCc1nnc(*)n1N,1.12
1616,*N=P(*)(Oc1cccc(Cl)c1)Oc1cccc(Cl)c1,1.604
1617,*N=P(*)(Oc1ccc(CC)cc1)Oc1ccc(CC)cc1,1.21
1618,*c1ccc(*)[nH]1,0.93
1619,*c1ccc(*)n1C,1.46
1620,*Nc1ccc(*)cc1,1.242
1621,*Nc1ccc(*)cc1C,1.32
1622,*Nc1ccc(*)cc1Cl,1.6
1623,*c1ccc(Cc2ccc(N(*)Cc3ccccc3)cc2)cc1,0.82
1624,*Nc1ccc(*)cc1OC,1.192
1625,*N=P(*)(Oc1ccc(C(C)(C)C)cc1)Oc1ccc(C(C)(C)C)cc1,1.1475
1626,*N=P(*)(Oc1ccc(Br)cc1)Oc1ccc(Br)cc1,1.825
1627,*N=P(*)(OCCOc1ccc(/N=N/c2ccc(CCCC)cc2)cc1)OCCOc1ccc(/N=N/c2ccc(CCCC)cc2)cc1,1.3
1628,*N=P(*)(c1ccccc1)c1ccccc1,1.292
1629,*N=P(*)(Oc1ccc(OC)cc1)Oc1ccc(OC)cc1,1.36
1630,*N=P(*)(Oc1cccc(F)c1)Oc1cccc(F)c1,1.41
1631,*N=P(*)(Oc1cccc(Br)c1)Oc1cccc(Br)c1,2.05
1632,*N=P(*)(C)c1ccccc1,1.2091
1633,*N=P(*)(CC)c1ccccc1,1.1642
1634,*c1cccc(-c2nc3cc(-c4ccc5[nH]c(*)nc5c4)ccc3[nH]2)c1,1.37
1635,*N=P(*)(NCCC)NCCC,1.11
1636,*c1cc(C)c(*)[nH]1,1.36
1637,*c1[nH]c(*)c(OC)c1OC,1.373
1638,*N=P(*)(Oc1ccc(C(=O)OC)cc1)Oc1ccc(C(=O)OC)cc1,1.32
1639,*N=P(*)(C)CCCC,0.9497
1640,*N=P(*)(C)CCCCCC,0.9074
1641,*B1NBN(*)BN1,1.56
1642,*CCCCCCCCCC[N+](*)(C)C,1.733
1643,*c1[nH]c2ccccc2c1*,0.94
1644,*c1ccc(C(c2ccc(-c3nc4cc(-c5ccc6nc(*)[nH]c6c5)ccc4[nH]3)cc2)(C(F)(F)F)C(F)(F)F)cc1,1.41
1645,*[Si](*)(CCCCC)CCCCC,0.96
1646,*O[Si](*)(C)CCCOc1ccc(OC(=O)c2ccc(OC)cc2)cc1,1.16
1647,*O[Si](*)(C)CCCCOc1ccc(OC(=O)c2ccc(OC)cc2)cc1,1.137
1648,*O[Si](*)(C)CCCCCOc1ccc(OC(=O)c2ccc(OC)cc2)cc1,1.118
1649,*O[Si](*)(C)CCCCCCOc1ccc(OC(=O)c2ccc(OC)cc2)cc1,1.105
1650,*O[Si](*)(C)CCCCCCCCCCOc1ccc(OC(=O)c2ccc(OC)cc2)cc1,1.047
1651,*O[Si](*)(C)CCCCCOc1ccc(OC(=O)c2ccc(OCC)cc2)cc1,1.106
1652,*O[Si](*)(C)CCCCCOc1ccc(OC(=O)c2ccc(OCCCC)cc2)cc1,1.084
1653,*O[Si](*)(C)CCCCCOc1ccc(OC(=O)c2ccc(OCCCCCC)cc2)cc1,1.062
1654,*O[Si](*)(C)CCCCCOc1ccc(OC(=O)c2ccc(OCCCCCCCC)cc2)cc1,1.039
1655,*O[Si](C)(C)CC[Si](*)(C)C,0.89
1656,*O[Si](C)(C)CCCCCC[Si](*)(C)C,0.892
1657,*O[Si](C)(C)CCCCCCCC[Si](*)(C)C,0.889
1658,*O[Si](C)(C)c1cccc([Si](*)(C)C)c1,1.025
1659,*O[Si](*)(C)C=C,1.006
1660,*[Si](*)(CCCCCCC)CCCCCCC,0.9275
1661,*[Si](*)(CCCCCCCCCCCCCC)CCCCCCCCCCCCCC,0.9675
1662,*C#Cc1cccc(C#C[SiH](*)c2ccccc2)c1,1.495
1663,*[Si](*)(C)c1ccccc1,1.18
1664,*[Si](*)(CC)c1ccccc1,1.13
1665,*O[Si](*)(C)CCCCCCCCCCC(=O)Oc1ccc(OC(=O)c2ccc(OCCCC)cc2)cc1,0.97565
1666,*[Si](*)(CCCCCC)c1ccccc1,1.05
1667,*O[Si](*)(C)CCCOc1ccc(C(=O)OC2CCC3(C)C(=CCC4C3CCC3(C)C(C(C)CCCC(C)C)CCC43)C2)cc1,1.24
1668,*CC(=O)C(*)c1ccccc1,1.27
1669,*CC(=O)C(*)c1ccc(F)cc1,1.388
1670,*CC(=O)C(*)c1cccc(C)c1,1.182
1671,*CC(=O)C(*)c1ccc(C)cc1,1.163
1672,*c1cccc(S(=O)(=O)NCCCCCCNS(*)(=O)=O)c1,1.4
1673,*OS(=O)(=O)c1cc(S(=O)(=O)Oc2ccc(C3(c4ccc(*)cc4)CCCC3)cc2)ccc1C,1.3539
1674,*c1c(C)cc(C(C)(C)c2cc(C)c(S(*)(=O)=O)c(C)c2)cc1C,1.149
1675,*c1ccc(S(=O)(=O)c2ccc(S(*)(=O)=O)c(S(=O)(=O)O)c2)cc1S(=O)(=O)O,1.75
1676,*/C=C/c1ccc(*)cc1,1.2615
1677,*c1cc(CCCCCCCCCCCC)c(*)cc1CCCCCCCCCCCC,0.8224
1678,*/C=C/c1cc(OCC(CC)CCCC)c(*)cc1OC,0.66
1679,*c1ccc(-c2ccc(C(*)(C(F)(F)F)C(F)(F)F)cc2)cc1,1.24
1680,*C#Cc1cc(C#Cc2cc(N)c(*)cc2[N+](=O)[O-])c(OCCOCCOC)cc1OCCOCCOC,1.123
1681,*C#Cc1cc(OCCOCCOC)c(C#Cc2ccc(*)c([N+](=O)[O-])c2)cc1OCCOCCOC,1.138
1682,*/C=C/c1cc(CCCCCCCC)c(/C=C/c2ccc(*)cc2)cc1CCCCCCCC,0.95
1683,*/C=C/c1cc(CCCCCCCCC)c(/C=C/c2ccc(*)cc2)cc1CCCCCCCCC,0.99
1684,*C#Cc1cc(OCC(CC)CCCC)c(C#Cc2cc(OCCO)c(*)cc2OCCO)cc1OCC(CC)CCCC,1.06
1685,*C#Cc1cc(OCC(CC)CCCC)c(C#Cc2cc(OCCN(CC)CC)c(*)cc2OCCN(CC)CC)cc1OCC(CC)CCCC,1.04
1686,*C[Se]*,2.9775
1687,*CC(*)(F)C(=O)OCC(F)(F)F,1.5868
1688,*CC(*)(F)C(=O)OCC(F)(F)C(F)(F)F,1.654
1689,*CC(*)(F)C(=O)OCC(F)(F)C(F)F,1.6447
1690,*CC(*)(F)C(=O)OCC(F)(F)C(F)(F)C(F)(F)C(F)F,1.7588
1691,*CC(*)(F)C(=O)OCCC(F)(F)C(F)(F)C(F)(F)C(F)(F)C(F)(F)C(F)(F)C(F)(F)C(F)(F)F,1.8192
1692,*[Ge](*)(CCCCCC)CCCCCC,1.143
