smiles,log10_H2_Bayesian
*/C(=C(\*)c1ccc(-c2ccc(C(C)(C)C)cc2)cc1)c1ccccc1,2.6409709670000003
*/C(=C(\*)c1ccc(-c2ccc([Si](C)(C)C)cc2)cc1)c1ccccc1,2.908485019
*/C(=C(\*)c1ccc(-c2ccccc2)cc1)c1ccccc1,2.643452676
*/C(=C(\*)c1ccc(C(C)(C)C)cc1)c1ccc(O)cc1,2.531478917
*/C(=C(\*)c1ccc(C(C)(C)C)cc1)c1ccc(O[Si](C)(C)C(C)(C)C)cc1,3.0
*/C(=C(\*)c1ccc(C(C)(C)C)cc1)c1ccccc1,3.5372662045
*/C(=C(\*)c1ccc(C(C)C)cc1)c1ccccc1,2.955953675
*/C(=C(\*)c1ccc(CCCC)cc1)c1ccccc1,2.251947419
*/C(=C(\*)c1ccc(C[Si](C)(C)C)cc1)c1ccccc1,2.62324929
*/C(=C(\*)c1ccc(O[Si](C)(C)C(C)(C)C)cc1)c1ccc(F)cc1,2.4818939135
*/C(=C(\*)c1ccc(S(=O)(=O)O)cc1)c1ccc(C(C)(C)C)cc1,2.34761619
*/C(=C(\*)c1ccc(S(=O)(=O)O)cc1)c1ccc(S(=O)(=O)O)cc1,1.383583297
*/C(=C(\*)c1ccc([Si](C)(C)C)cc1)c1ccc(-c2ccc(C(C)(C)C)cc2)cc1,3.079181246
*/C(=C(\*)c1ccc([Si](C)(C)C)cc1)c1ccc(O[Si](C)(C)C(C)(C)C)cc1,3.176091259
*/C(=C(\*)c1ccc([Si](C)(C)C)cc1)c1ccccc1,3.476887005
*/C(=C(\*)c1ccc([Si](C)(C)CCCCCCCC)cc1)c1ccc(C(C)(C)C)cc1,2.126273092
*/C(=C(\*)c1ccc([Si](C)(C)CCCCCCCC)cc1)c1ccc(C(C)C)cc1,2.155551646
*/C(=C(\*)c1ccc([Si](C)(C)CCCCCCCC)cc1)c1ccc(CCCC)cc1,2.099922162
*/C(=C(\*)c1ccc([Si](C)(C)CCCCCCCC)cc1)c1ccccc1,2.20973882
*/C(=C(\*)c1ccc2c(c1)C(C)(C)C(C)(C)C2(C)C)c1ccccc1,4.3737525139999995
*/C(=C(\*)c1ccc2c(c1)C(C)(C)CC2(C)C)c1cc(F)cc(F)c1,4.45484486
*/C(=C(\*)c1ccc2c(c1)C(C)(C)CC2(C)C)c1ccc(Br)cc1,4.315970345
*/C(=C(\*)c1ccc2c(c1)C(C)(C)CC2(C)C)c1ccc(C)cc1,4.033423755
*/C(=C(\*)c1ccc2c(c1)C(C)(C)CC2(C)C)c1ccc(Cl)cc1,4.31386722
*/C(=C(\*)c1ccc2c(c1)C(C)(C)CC2(C)C)c1ccc(F)c(F)c1,4.565847819
*/C(=C(\*)c1ccc2c(c1)C(C)(C)CC2(C)C)c1ccc(F)cc1,4.522444234
*/C(=C(\*)c1ccc2c(c1)C(C)(C)CC2(C)C)c1cccc(F)c1,4.431363764
*/C(=C(\*)c1ccc2c(c1)C(C)(C)CC2(C)C)c1ccccc1,4.394451681
*/C(=C(\*)c1ccc2c(c1)C(C)(C)CCC2(C)C)c1ccccc1,3.886490725
*/C(=C(\*)c1ccc2c(c1)C(C)(C)c1cc(Br)ccc1-2)c1ccccc1,3.568201724
*/C(=C(\*)c1ccc2c(c1)C(C)(C)c1cc([Si](C)(C)C)ccc1-2)c1ccccc1,3.929418926
*/C(=C(\*)c1ccc2c(c1)C(C)(C)c1ccccc1-2)c1cc(F)cc(F)c1,3.698970004
*/C(=C(\*)c1ccc2c(c1)C(C)(C)c1ccccc1-2)c1ccc(Br)cc1,3.939519253
*/C(=C(\*)c1ccc2c(c1)C(C)(C)c1ccccc1-2)c1ccc(C(C)(C)C)cc1,3.799340549
*/C(=C(\*)c1ccc2c(c1)C(C)(C)c1ccccc1-2)c1ccc(F)c(F)c1,4.041392685
*/C(=C(\*)c1ccc2c(c1)C(C)(C)c1ccccc1-2)c1ccc(F)cc1,4.041392685
*/C(=C(\*)c1ccc2c(c1)C(C)(C)c1ccccc1-2)c1ccc([Si](C)(C)C)cc1,3.0163093805
*/C(=C(\*)c1ccc2c(c1)C(C)(C)c1ccccc1-2)c1cccc(F)c1,3.995635195
*/C(=C(\*)c1ccc2c(c1)C(C)(C)c1ccccc1-2)c1ccccc1,3.84918840875
*/C(=C(\*)c1ccc2c(c1)C1(CC1)c1ccccc1-2)c1ccc([Si](C)(C)C)cc1,3.278753601
*/C(=C(\*)c1ccc2c(c1)C1(CC1)c1ccccc1-2)c1ccccc1,3.230065360333333
*/C(=C(\*)c1ccc2c(c1)CCC2)c1ccc([Si](C)(C)C)cc1,3.041392685
*/C(=C(\*)c1ccc2c(c1)CCC2)c1ccccc1,2.556302501
*/C(=C(\*)c1cccc(O)c1)c1ccc(C(C)(C)C)cc1,3.230448921
*/C(=C(\*)c1cccc(O[Si](C)(C)C(C)(C)C)c1)c1ccc(C(C)(C)C)cc1,3.591064607
*/C(=C(\*)c1cccc(O[Si](C)(C)C(C)(C)C)c1)c1ccc([Si](C)(C)C)cc1,3.204119983
*/C(=C(\*)c1ccccc1)c1ccccc1,3.43929093
*/C=C/CC*,2.3654888925
*=CC1CC(C=*)C2C1C([Si](O[Si](C)(C)C)(O[Si](C)(C)C)O[Si](C)(C)C)C2[Si](O[Si](C)(C)C)(O[Si](C)(C)C)O[Si](C)(C)C,2.838849091
*C(*)(F)F,0.19570129490909094
*C(=O)Nc1ccc(C(c2ccc(NC(=O)c3ccc(N4C(=O)c5ccc(*)cc5C4=O)cc3C)cc2)(C(F)(F)F)C(F)(F)F)cc1,1.324459724
*C(=O)Nc1ccc(C(c2ccc(NC(=O)c3ccc4c(c3)C(=O)N(c3c(C)cc(-c5cc(C)c(N6C(=O)c7ccc(*)cc7C6=O)c(C)c5)cc3C)C4=O)cc2)(C(F)(F)F)C(F)(F)F)cc1,1.756682529
*C(=O)Nc1ccc(Cc2ccc(NC(=O)c3ccc(N4C(=O)c5ccc(*)cc5C4=O)cc3)cc2)cc1,0.467199021
*C(=O)Nc1ccc(Cc2ccc(NC(=O)c3ccc4c(c3)C(=O)N(c3c(C)cc(-c5cc(C)c(N6C(=O)c7ccc(*)cc7C6=O)c(C)c5)cc3C)C4=O)c(C)c2)cc1C,0.990777709
*C(=O)Nc1ccc(NC(=O)c2ccc(N3C(=O)c4ccc(*)cc4C3=O)cc2)cc1,0.393871453
*C(=O)Nc1ccc(Oc2ccc(NC(=O)c3ccc(N4C(=O)c5ccc(*)cc5C4=O)cc3)cc2)cc1,0.812406292
*C(=O)Nc1ccc(S(=O)(=O)c2ccc(NC(=O)c3ccc(N4C(=O)c5ccc(*)cc5C4=O)cc3)cc2)cc1,0.595154507
*C(=O)Oc1c(C)cc(C(c2cc(C)c(OC(=O)c3ccc4c(c3)C(=O)N(c3c(C)cc(-c5cc(C)c(N6C(=O)c7ccc(*)cc7C6=O)c(C)c5)cc3C)C4=O)c(C)c2)(C(F)(F)F)C(F)(F)F)cc1C,2.007511921
*C(=O)Oc1ccc(C(c2ccc(OC(=O)c3ccc4c(c3)C(=O)N(c3c(C)cc(-c5cc(C)c(N6C(=O)c7ccc(*)cc7C6=O)c(C)c5)cc3C)C4=O)cc2)(C(F)(F)F)C(F)(F)F)cc1,1.797125701
*C(=O)c1ccc2c(c1)C(=O)N(c1c(C)c(C)c(N3C(=O)c4ccc(*)cc4C3=O)c(C)c1C)C2=O,2.033423755
*C(C)=C(*)[Si](C)(C)C,4.0281911035625
*C(C)=C(*)[Si](C)(C)C(C)C,3.217483944
*C(C)=C(*)[Si](C)(C)CC,3.2226152475000003
*C(C)=C(*)[Si](C)(C)CCC,2.4956113165
*C(C)=C(*)[Si](C)(C)CCCC,1.812913357
*C(C)=C(*)[Si](C)(C)CCCCCC,1.913160492
*C(C)=C(*)[Si](C)(C)CCCCCCCC,1.672097858
*C(C)=C(*)[Si](C)(C)c1ccccc1,1.146128036
*C(C)=C(*)c1ccc([Si](C)(C)C)cc1,2.707570176
*C(Cl)=C(*)c1ccccc1,1.651278014
*C(F)(F)C(*)(F)Cl,0.612890346
*C*,1.4017669943666666
*C1C(*)C2CC1C1CC([Si](C)(C)C)C21,3.31386722
*C1C2CC(C1*)C([Si](C)(C)C)C2,3.6287002635
*C1CCCCC1*,4.964480725
*C=C(*)C(C)(C)C,2.772027844
*C=C(*)c1cc(C(F)(F)F)oc1C(F)(F)F,2.954876572
*C=C(*)c1cc(C(F)(F)F)sc1C(F)(F)F,2.813432795
*C=C(*)c1cccc(O[Si](C)(C)C(C)(C)C)c1,1.806179974
*C=CC1CC(*)C([Si](C)(C)C)C1,2.146128036
*C=CC1CC(*)C([Si](C)(C)C[Si](C)(C)C)C1,1.86332286
*C=CC1CCC(*)C1,1.322219295
*C=CCC*,2.1671066574999998
*C=CCCC*,2.618048097
*C=Cc1ccc(*)cc1[Si](C)(C)C(C)(C)C,1.6446626
*C=Cc1ccc(*)cc1[Si](C)(C)CCCC,1.377596534
*C=Cc1ccc(*)cc1[Si](C)(C)CCCCCCCC,1.826061369
*C=Cc1ccc(*)cc1[Si](C)(C)CCCCCCCCCCCCCCCCCCC,1.807792529
*C=Cc1ccc(*)cc1[Si](CC)(CC)CC,1.629213588
*CC(*)(C)C,1.4281838336666668
*CC(*)(C)C#N,-1.544148941
*CC(*)(C)C(=O)OC,0.56626770025
*CC(*)(C)C(=O)OCC,1.031234081
*CC(*)(C)C(=O)OCCCCCCOc1ccc(C(=O)Oc2ccc(OCCCCCC)cc2)cc1,2.85823682
*CC(*)(C)C(=O)OCCO,1.5525515724
*CC(*)(Cl)Cl,-0.7587033424285714
*CC(*)(F)F,0.0903421128
*CC(*)C,1.12912198884375
*CC(*)C#N,-1.853593502
*CC(*)C(=O)OC,1.025305865
*CC(*)C(=O)OCC,1.781036939
*CC(*)C(=O)OCCCCCCCCCC,1.967079734
*CC(*)C(=O)OCCCCCCCCCCCCCC,1.983175072
*CC(*)C(=O)OCCCCCCCCCCCCCCCCCC,2.053078443
*CC(*)C(=O)OCCCCCCCCCCCCCCCCCCCCCC,2.164352856
*CC(*)C(C)=O,0.679795236
*CC(*)CC(C)C,2.22534954
*CC(*)CCCC,5.008297532
*CC(*)Cl,0.3370722586
*CC(*)F,-0.568636236
*CC(*)N1CCCC1=O,-0.441994461
*CC(*)O,0.9947275654615384
*CC(*)OC,1.438216742
*CC(*)OC(=O)C1CCCCC1,1.217530271
*CC(*)OC(=O)c1ccc(C(C)C)cc1,1.563476048
*CC(*)OC(=O)c1ccc(C)cc1,1.145851182
*CC(*)OC(=O)c1ccccc1,1.123857194
*CC(*)OC(C)=O,0.78856033675
*CC(*)OC1C2CC3CC(C2)CC1C3,1.590544289
*CC(*)OC1CC2CCC1C2,1.3502912415
*CC(*)OC1CCCCC1,1.417387078
*CC(*)OCC,-0.031517051
*CC(*)OCC1CC2CC1C1CCCC21,0.925164591
*CC(*)OCC1CCCCC1,1.10320589
*CC(*)OCc1ccccc1,1.217856082
*CC(*)[Si](C)(C)C,2.30305607225
*CC(*)c1ccccc1,1.2413324895882354
*CC(=O)Nc1ccc(Cc2ccc(NC(=O)c3ccc4c(c3)C(=O)N(*)C4=O)cc2)cc1,0.106649287
*CC(=O)Nc1ccc(NC(=O)c2ccc3c(c2)C(=O)N(*)C3=O)cc1,0.183151774
*CC(=O)Nc1ccc(Oc2ccc(NC(=O)c3ccc4c(c3)C(=O)N(*)C4=O)cc2)cc1,0.506864523
*CC(=O)Nc1ccc(Oc2ccc(Oc3ccc(NC(=O)c4ccc5c(c4)C(=O)N(*)C5=O)cc3)cc2)cc1,0.677493297
*CC(=O)Nc1ccc(Oc2cccc(Oc3ccc(NC(=O)c4ccc5c(c4)C(=O)N(*)C5=O)cc3)c2)cc1,0.469236368
*CC(=O)Nc1ccc(S(=O)(=O)c2ccc(NC(=O)c3ccc4c(c3)C(=O)N(*)C4=O)cc2)cc1,0.505867885
*CC(C)(COC(=O)NCCCCCCNC(=O)O*)CN(C)C,0.107662193
*CC(C)(COC(=O)Nc1ccc(Cc2ccc(NC(=O)O*)cc2)cc1)CN(C)C,0.120723691
*CC(C)O*,1.160855143375
*CC(CCl)O*,0.949390007
*CC(CO*)(CS(C)(=O)=O)CS(C)(=O)=O,-0.493266995
*CC(COc1c(Cl)cc(C(C)(C)c2cc(Cl)c(O*)c(Cl)c2)cc1Cl)OC(C)=O,0.229739671
*CC(COc1ccc(C(C)(C)c2ccc(O*)cc2)cc1)OC(=O)CC,0.518392367
*CC(COc1ccc(C(C)(C)c2ccc(O*)cc2)cc1)OC(=O)CCl,-0.11604546
*CC(COc1ccc(C(C)(C)c2ccc(O*)cc2)cc1)OC(=O)c1ccccc1,0.357535064
*CC(COc1ccc(C(C)(C)c2ccc(O*)cc2)cc1)OC(=O)c1ccccc1Cl,-0.073844208
*CC(COc1ccc(C(C)(C)c2ccc(O*)cc2)cc1)OC(C)=O,0.469457828
*CC(COc1ccc(C(C)(c2ccccc2)c2ccc(O*)cc2)cc1)OC(=O)c1ccccc1,0.212258325
*CC(COc1ccc(C(C)(c2ccccc2)c2ccc(O*)cc2)cc1)OC(C)=O,0.292209884
*CC(COc1ccc(C2CCCC(CC)(c3ccc(O*)cc3)C2)cc1)OC(C)=O,0.469457828
*CC(COc1ccc(O*)cc1)OC(C)=O,-0.467473173
*CC(COc1ccc(S(=O)(=O)c2ccc(O*)cc2)cc1)OC(C)=O,-0.284446127
*CC(CS(=O)(=O)C(C)C)O*,0.303062217
*CC(CS(=O)(=O)CC)O*,-0.633073452
*CC(CS(=O)(=O)CCC)O*,0.520238569
*CC(CS(=O)(=O)CCCC)O*,0.734441489
*CC(CS(=O)(=O)CCCCC)O*,0.751922835
*CC(CS(C)(=O)=O)O*,-1.291722603
*CC(O)COc1c(Cl)cc(C(C)(C)c2cc(Cl)c(O*)c(Cl)c2)cc1Cl,-0.37008541
*CC(O)COc1ccc(C(C)(C)c2ccc(O*)c(Cl)c2)cc1Cl,-0.475016536
*CC(O)COc1ccc(C(C)(C)c2ccc(O*)cc2)cc1,-0.275983048
*CC(O)COc1ccc(C(C)(CC)c2ccc(O*)cc2)cc1,-0.127420908
*CC(O)COc1ccc(C(C)(c2ccccc2)c2ccc(O*)cc2)cc1,-0.11604546
*CC(O)COc1ccc(C2CC(C(C)C)CCC2(C)c2ccc(O*)cc2)cc1,0.67369204
*CC(O)COc1ccc(C2CCCC(CC)(c3ccc(O*)cc3)C2)cc1,0.109182838
*CC(O)COc1ccc(Cc2ccc(O*)cc2)cc1,-0.364397686
*CC(O)COc1ccc(O*)cc1,-1.120829812
*CC(O)COc1ccc(S(=O)(=O)c2ccc(O*)cc2)cc1,-0.6184376359999999
*CC/C=C(/*)C,2.190075859125
*CC1CC(*)OC(C)O1,0.349384461
*CC1CC(*)OC(CCC)O1,0.8929872836666667
*CC1CC(*)OCO1,-0.007661113
*CC1CC(C*)C2C1C([Si](O[Si](C)(C)C)(O[Si](C)(C)C)O[Si](C)(C)C)C2[Si](O[Si](C)(C)C)(O[Si](C)(C)C)O[Si](C)(C)C,2.662757832
*CC1CCC(COC(=O)c2ccc(C(=O)O*)cc2)CC1,0.45382871
*CCC1CC(=O)N(*)C1=O,2.093564071
*CCC=C(*)Cl,1.32718094
*CCCCCC(=O)N*,-0.8161939243333334
*CCCCCC(=O)O*,1.3368772635
*CCCCCCCC(=O)N*,-1.514420523
*CCCCCCCCCCCC(=O)N*,-1.267622325
*CCCCCCCCCCOC(=O)O*,1.366258627
*CCCCCNC(=O)CCCCC(=O)N*,-0.255640416
*CCCCOC(=O)c1ccc(C(=O)O*)cc1,0.176141943
*CCCS(=O)(=O)CCCCS(=O)(=O)CCCOC(=O)O*,-0.594537712
*CCCS(=O)(=O)CCCCS(=O)(=O)CCCOC(=O)c1cccc(C(=O)O*)c1,-0.941089186
*CCCS(=O)(=O)CCCCS(=O)(=O)CCCOC(=O)c1ccccc1C(=O)O*,-1.032893348
*CCCS(=O)(=O)CCCS(=O)(=O)CCCOC(=O)c1cccc(C(=O)O*)c1,-0.915157986
*CCCS(=O)(=O)CCCS(=O)(=O)CCCOC(=O)c1ccccc1C(=O)O*,-0.99954326
*CCC[Si](*)(C)C,1.556580573
*CCC[Si](C)(C)O[Si](C)(C)CCCN1C(=O)c2ccc(C(=O)c3ccc4c(c3)C(=O)N(*)C4=O)cc2C1=O,0.990063161
*CCOC(=O)c1ccc(C(=O)O*)cc1,0.2235602015483871
*CCOC(=O)c1ccc(O*)cc1,-1.739322769
*CCOC(=O)c1ccc2cc(C(=O)O*)ccc2c1,-0.3471755465
*CCOC(=O)c1cccc(C(=O)O*)c1,-0.574196277
*CCOCCOC(=O)c1ccc(-c2ccc(C(=O)O*)cc2)cc1,-0.949245094
*CCOCCOC(=O)c1cccc(C(=O)O*)c1,-0.405613439
*CCc1cc(Cl)c(*)c(Cl)c1,0.3824084605
*CCc1ccc(*)c(Br)c1,-0.347723327
*CCc1ccc(*)c(C#N)c1,0.247734884
*CCc1ccc(*)c(C)c1,-0.002248193
*CCc1ccc(*)c(CC)c1,0.633141662
*CCc1ccc(*)c(Cl)c1,0.079180377
*CCc1ccc(*)cc1,0.176650409
*CN1CN(*)Cc2cc(C3(c4cc(*)c(*)c(C)c4)C4CC5CC(C4)CC3C5)cc(C)c21,2.7784441026666666
*CN1CN(*)Cc2cc3c(cc21)C1(C)CCC3(C)c2cc(*)c(*)cc21,3.79764642725
*CN1CN(*)Cc2cc3c(cc21)C1(CC(C)(C)c2cc(*)c(*)cc21)CC3(C)C,3.333352568
*CN1CN(*)Cc2cc3c(cc21)C1c2ccccc2C3c2cc(*)c(*)cc21,3.7522529043333335
*CN1CN(*)Cc2cc3cc4c(cc3cc21)C1CC4c2cc3cc4c(cc3cc21)CN(*)CN4C*,3.2529583195
*CN1Cc2cc3c(cc2N(*)C1)C1c2cc(*)c(*)cc2C3c2cc3cc4c(cc3cc21)C(C)(C)CCC4(C)C,3.785329835
*CO*,0.390049572
*COC(=O)NCCCCCCNC(=O)OCc1cccc(*)n1,-0.800831622
*COC(=O)Nc1ccc(Cc2ccc(NC(=O)OCc3cccc(*)n3)cc2)cc1,-0.202552834
*C[Si](*)(C)C,2.397841087
*Cc1ccc(C*)c(Cl)c1,-0.180456064
*Cc1ccc(C*)cc1,0.505149978
*N=P(*)(Oc1ccccc1)Oc1ccccc1,0.851740915
*N=P(N=P(N=S(*)(=O)NCC)(NCC)NCC)(NCC)NCC,1.176884806
*N=P(N=P(N=S(*)(=O)NCCC)(NCCC)NCCC)(NCCC)NCCC,1.555600869
*N=P(N=P(N=S(*)(=O)NCCCC)(NCCCC)NCCCC)(NCCCC)NCCCC,1.911479527
*N=P(N=P(N=S(*)(=O)NCCCCCC)(NCCCCCC)NCCCCCC)(NCCCCCC)NCCCCCC,1.952203266
*N=P(N=P(N=S(*)(=O)NCCCCCCC)(NCCCCCCC)NCCCCCCC)(NCCCCCCC)NCCCCCCC,1.930851625
*NC(CC(C)C)C(*)=O,1.733197265
*NC(CCC(=O)O)C(*)=O,-0.920818754
*NC(CCC(=O)OC)C(*)=O,0.785329835
*NC(CCC(=O)OCc1ccccc1)C(*)=O,0.383815366
*NC(CCCCNC(=O)OCc1ccccc1)C(*)=O,-0.366531544
*NC(CCCCSC)C(*)=O,0.482873584
*Nc1ccc(*)cc1,0.294393475
*Nc1ccc(*)cc1OC,0.781036939
*Nc1ccc(*)cc1OCC,0.908485019
*OC(=O)C(*)C,0.46479679383333333
*OC(C)CC(*)=O,0.221895485
*OC1C(C)(C)C(OC(*)=O)C1(C)C,1.931566984
*OC1C(CO)OC(*)C(O)C1O,-2.2828578425
*OC1C(COC(C)=O)OC(*)C(OC(C)=O)C1OC(C)=O,0.9099209236666667
*OC1C(COC)OC(*)C(OC)C1OC,1.062027963
*OC1C(COCC)OC(*)C(OCC)C1OCC,1.939519253
*OC1OC(OC(C)=O)C(*)C(OC(C)=O)C1OC(C)=O,0.9175280510000001
*OC1OC(OCC)C(*)C(OCC)C1OCC,1.8280581723333331
*O[Si](*)(C)C,2.852818957
*Oc1c(-c2ccccc2)cc(*)cc1-c1ccccc1,1.447158031
*Oc1c(Br)cc(C2(c3cc(Br)c(OC(=O)c4cc(C(*)=O)cc(C(C)(C)C)c4)c(Br)c3)CC(C)CC(C)(C)C2)cc1Br,1.942600104
*Oc1c(C#N)c2c(c(C#N)c1O*)Oc1cc3c(cc1O2)-c1cc(C)c(C)cc1C31c2cc(*)c(*)cc2-c2cc(C)c(C)cc21,3.7946306654999997
*Oc1c(C#N)c2c(c(C#N)c1O*)Oc1cc3c(cc1O2)-c1cc2c(cc1C31c3cc(*)c(*)cc3-c3cc4c(cc31)C(C)(C)CCC4(C)C)C(C)(C)CCC2(C)C,3.4967247285
*Oc1c(C#N)c2c(c(C#N)c1O*)Oc1cc3c(cc1O2)-c1ccc(C(C)(C)C)cc1C31c2cc(C(C)(C)C)ccc2-c2cc(*)c(*)cc21,3.7102163575000002
*Oc1c(C#N)c2c(c(C#N)c1O*)Oc1cc3c(cc1O2)-c1ccc(C)cc1C31c2cc(C)ccc2-c2cc(*)c(*)cc21,3.6439456330000004
*Oc1c(C#N)c2c(c(C#N)c1O*)Oc1cc3c(cc1O2)-c1ccccc1C31c2cc(*)c(*)cc2-c2cc(C)c(C)cc21,3.632411272
*Oc1c(C#N)c2c(c(C#N)c1O*)Oc1cc3c(cc1O2)-c1ccccc1C31c2ccccc2-c2cc(*)c(*)cc21,3.624245094
*Oc1c(C)cc(*)cc1C,1.9562266393333332
*Oc1c(C)cc(-c2cc(C)c(Oc3ccc(C(=O)c4ccc(*)c(S(=O)(=O)O)c4)cc3S(=O)(=O)O)c(C)c2)cc1C,1.1336090916666668
*Oc1c(C)cc(C(C)(C)c2cc(C)c(OC(*)=O)c(C)c2)cc1C,1.6745600015
*Oc1c(C)cc(C(C)(C)c2cc(C)c(OC(=O)c3ccc(C(*)=O)cc3)c(C)c2)cc1C,1.60511698
*Oc1c(C)cc(C(C)(C)c2cc(C)c(OC(=O)c3cccc(C(*)=O)c3)c(C)c2)cc1C,1.644737269
*Oc1c(C)cc(C2(c3cc(C)c(OC(=O)c4cc(C(*)=O)cc(C(C)(C)C)c4)c(C)c3)CC(C)CC(C)(C)C2)cc1C,2.231351153
*Oc1c(C)cc(C2CCC(C(C)(C)c3cc(C)c(OC(=O)c4ccc(C(*)=O)cc4)c(C)c3)CC2C)cc1C,2.265507638
*Oc1cc2c(cc1O*)C(=O)N(c1c(C)c(C)c(-n3c(=O)c4cc5oc6cc7c(cc6oc5cc4c3=O)C3(C(C)C)c4ccccc4C7(C(C)C)c4cc(*)c(*)cc43)c(C)c1C)C2=O,3.535420718
*Oc1cc2c(cc1O*)C(C)(C)CC1(CC(C)(C)c3cc4c(cc3O1)Oc1c(C#N)c(*)c(*)c(C#N)c1O4)O2,2.8661968795000003
*Oc1cc2c(cc1O*)C1(C)c3cc4c(cc3C2(C)c2cc3cc5c(cc3cc21)C(C)(C)CCC5(C)C)Oc1c(C#N)c(*)c(*)c(C#N)c1O4,4.1234416498333335
*Oc1cc2c(cc1O*)C1(CC2(C)C)CC(C)(C)c2cc3c(cc21)Oc1c(C#N)c(*)c(*)c(C#N)c1O3,3.5113544984000002
*Oc1cc2c(cc1O*)C1(CC2(C)C)CC(C)(C)c2cc3c(cc21)Oc1c(CN)c(*)c(*)c(CN)c1O3,3.3903024644444444
*Oc1cc2c(cc1O*)C1(CC2(C)C)CC(C)(C)c2cc3c(cc21)Oc1cc2nc4cc5c(cc4nc2cc1O3)C(C)(C)CC51CC(C)(C)c2cc3nc4cc(*)c(*)cc4nc3cc21,2.934498451
*Oc1cc2c(cc1O*)C1(CC2(C)C)CC(C)(C)c2cc3oc4cc5c(=O)n(-c6c(C)c(C)c(N7C(=O)c8cc(*)c(*)cc8C7=O)c(C)c6C)c(=O)c5cc4oc3cc21,2.72427587
*Oc1cc2c(cc1O*)C1(CC2(C)C)CC(C)(C)c2cc3oc4cc5c(=O)n(-c6c(C)cc(-c7cc(C)c(N8C(=O)c9cc(*)c(*)cc9C8=O)c8ccccc78)c7ccccc67)c(=O)c5cc4oc3cc21,3.204119983
*Oc1cc2c(cc1O*)C1(CC2(C)C)CC(C)(C)c2cc3oc4cc5c(=O)n(-c6ccc(C(c7ccc(N8C(=O)c9cc(*)c(*)cc9C8=O)cc7)(C(F)(F)F)C(F)(F)F)cc6)c(=O)c5cc4oc3cc21,2.556302501
*Oc1cc2c(cc1O*)C1(CC2(C)CC)c2cc3c(cc2C(C)(CC)C1C)Oc1c(C#N)c(*)c(*)c(C#N)c1O3,3.322219295
*Oc1ccc(*)cc1,2.0269705393333335
*Oc1ccc(-c2c(-c3ccc(Br)cc3)c(-c3ccc(Br)cc3)c(-c3ccc4c(c3)Oc3c(C#N)c(*)c(*)c(C#N)c3O4)c(-c3ccc(Br)cc3)c2-c2ccc(Br)cc2)cc1O*,2.665787713333333
*Oc1ccc(-c2c(-c3ccc(C#N)cc3)c(-c3ccc(C#N)cc3)c(-c3ccc4c(c3)Oc3c(C#N)c(*)c(*)c(C#N)c3O4)c(-c3ccc(C#N)cc3)c2-c2ccc(C#N)cc2)cc1O*,2.7341852936666666
*Oc1ccc(-c2c(-c3ccc(C)cc3)c(-c3ccc(C)cc3)c(-c3ccc4c(c3)Oc3c(C#N)c(*)c(*)c(C#N)c3O4)c(-c3ccc(C)cc3)c2-c2ccc(C)cc2)cc1O*,2.9062237740000003
*Oc1ccc(-c2c(-c3ccccc3)c(-c3ccccc3)c(-c3ccc4c(c3)Oc3c(C#N)c(*)c(*)c(C#N)c3O4)c(-c3ccccc3)c2-c2ccccc2)cc1O*,2.9922882273333333
*Oc1ccc(C(=C(Cl)Cl)c2ccc(OC(*)=O)cc2)cc1,1.113943352
*Oc1ccc(C(C)(C)c2ccc(OC(*)=O)c(C(C)C)c2)cc1C(C)C,1.174317376
*Oc1ccc(C(C)(C)c2ccc(OC(*)=O)c(C)c2)cc1C,0.530869024
*Oc1ccc(C(C)(C)c2ccc(OC(*)=O)c(CC)c2)cc1CC,0.840165997
*Oc1ccc(C(C)(C)c2ccc(OC(*)=O)cc2)cc1,1.4545043307857142
*Oc1ccc(C(C)(C)c2ccc(OC(=O)N(C)c3ccc(S(=O)(=O)c4ccc(N(C)C(*)=O)cc4)cc3)cc2)cc1,0.874774766
*Oc1ccc(C(CCC)(CCC)c2ccc(OC(*)=O)c(C)c2)cc1C,1.060041136
*Oc1ccc(C(CCCCC)(CCCCC)c2ccc(OC(*)=O)cc2)cc1,1.401142585
*Oc1ccc(C2(c3ccc(OC(*)=O)c(C)c3)CCCCC2)cc1C,0.169707719
*Oc1ccc(C2(c3ccc(OC(=O)c4ccc(C(*)=O)cc4)c(C)c3)CCCCC2)cc1C,0.777539604
*Oc1ccc(C2(c3ccc4c(c3)Oc3cc5nc6cc7c(cc6nc5cc3O4)C(C)(C)CC73CC(C)(C)c4cc5nc6cc(*)c(*)cc6nc5cc43)c3ccccc3-c3ccccc32)cc1O*,2.505149978
*Oc1ccc(Oc2ccc(C(=O)c3ccc(*)cc3)cc2)cc1,2.4355038700000002
*Oc1ccc(S(=O)(=O)c2ccc(Oc3c(C(C)C)cc(C(C)(C)c4cc(C(C)C)c(*)c(C(C)C)c4)cc3C(C)C)cc2)cc1,2.199316864
*Oc1ccc(S(=O)(=O)c2ccc(Oc3c(C)cc(C(C)(C)c4cc(C)c(*)c(C)c4)cc3C)cc2)cc1,1.673422668
*Oc1ccc(S(=O)(=O)c2ccc(Oc3c(C)cc(C4CCC(C(C)(C)c5cc(C)c(*)c(C)c5)CC4C)cc3C)cc2)cc1,1.896602003
*Oc1ccc(S(=O)(=O)c2ccc(Oc3ccc(C(C)(C)c4ccc(*)cc4)cc3)cc2)cc1,1.1265281194
*Oc1ccc2c(c1)C1(CC2(C)C)CC(C)(C)c2ccc(OC(*)=O)cc21,1.652624058
*c1c(C)c(C)c(N2C(=O)c3cc4c(cc3C2=O)C2(CC(C)(C)c3cc5c(cc32)C(=O)N(*)C5=O)CC4(C)C)c(C)c1C,3.1999752370000003
*c1c(C)cc(-c2cc(C)c(N3C(=O)c4cc5c(cc4C3=O)C3(C(C)C)c4ccccc4C5(C(C)C)c4cc5c(cc43)C(=O)N(*)C5=O)c3ccccc23)c2ccccc12,3.336996853
*c1c(C)cc(-c2cc(C)c(N3C(=O)c4cc5c(cc4C3=O)C3(C)CCC5(C)c4cc5c(cc43)C(=O)N(*)C5=O)c3ccccc23)c2ccccc12,3.5413532
*c1c(C)cc(-c2cc(C)c(N3C(=O)c4cc5c(cc4C3=O)C3(C)c4ccccc4C5(C)c4cc5c(cc43)C(=O)N(*)C5=O)c3ccccc23)c2ccccc12,3.4349530565000004
*c1c(C)cc(-c2cc(C)c(N3C(=O)c4cc5c(cc4C3=O)C3(CC(C)(C)c4cc6c(cc43)C(=O)N(*)C6=O)CC5(C)C)c3ccccc23)c2ccccc12,3.117157384
*c1c(C)cc(C)c(-n2c(=O)c3cc4c(=O)n(*)c(=O)c4cc3c2=O)c1C,2.371067862
*c1c(C)cc(C)c(N2C(=O)c3ccc(Oc4ccc(Oc5ccc6c(c5)C(=O)N(*)C6=O)cc4)cc3C2=O)c1C,1.602059991
*c1cc(C(c2ccc(C)c(-n3c(=O)c4cc5oc6cc7c(cc6oc5cc4c3=O)C3(CC(C)(C)c4cc5oc6cc8c(=O)n(*)c(=O)c8cc6oc5cc43)CC7(C)C)c2)(C(F)(F)F)C(F)(F)F)ccc1C,2.342422681
*c1cc(C(c2ccc(O)c(N3C(=O)c4cc5c(cc4C3=O)C3(C)c4ccccc4C5(C)c4cc5c(cc43)C(=O)N(*)C5=O)c2)(C(F)(F)F)C(F)(F)F)ccc1O,1.9182253569999999
*c1cc(CCCCCC)c(*)s1,2.085557764
*c1cc2c(cc1*)C1(C(C)C)c3ccccc3C2(C(C)C)c2cc3c(cc21)Oc1cc2nc(*)c(*)nc2cc1O3,3.043362278
*c1ccc(-c2ccc(-n3c(=O)c4cc5oc6cc7c(cc6oc5cc4c3=O)C3(CC(C)(C)c4cc5oc6cc8c(=O)n(*)c(=O)c8cc6oc5cc43)CC7(C)C)cc2C(F)(F)F)c(C(F)(F)F)c1,2.477121255
*c1ccc(-c2ccc(Oc3ccc(C4(c5ccc(Oc6ccc(-c7ccc(-n8c(=O)c9cc%10c(=O)n(*)c(=O)c%10cc9c8=O)cc7)cc6C(F)(F)F)cc5)c5ccccc5C(=O)N4c4ccccc4)cc3)c(C(F)(F)F)c2)cc1,1.974609007
*c1ccc(-c2ccc(Oc3ccc(C4(c5ccc(Oc6ccc(-c7ccc(N8C(=O)c9ccc(C(=O)c%10ccc%11c(c%10)C(=O)N(*)C%11=O)cc9C8=O)cc7)cc6C(F)(F)F)cc5)c5ccccc5C(=O)N4c4ccccc4)cc3)c(C(F)(F)F)c2)cc1,1.678196122
*c1ccc(-c2ccc(Oc3ccc(C4(c5ccc(Oc6ccc(-c7ccc(N8C(=O)c9ccc(C(c%10ccc%11c(c%10)C(=O)N(*)C%11=O)(C(F)(F)F)C(F)(F)F)cc9C8=O)cc7)cc6C(F)(F)F)cc5)c5ccccc5C(=O)N4c4ccccc4)cc3)c(C(F)(F)F)c2)cc1,2.130462838
*c1ccc(-c2ccc(Oc3ccc(C4(c5ccc(Oc6ccc(-c7ccc(N8C(=O)c9ccc(Oc%10ccc%11c(c%10)C(=O)N(*)C%11=O)cc9C8=O)cc7)cc6C(F)(F)F)cc5)c5ccccc5C(=O)N4c4ccccc4)cc3)c(C(F)(F)F)c2)cc1,1.593538591
*c1ccc(-c2ccc(Oc3ccc4c(c3)C3(CC4(C)C)CC(C)(C)c4ccc(Oc5ccc(-c6ccc(N7C(=O)c8ccc(C(c9ccc%10c(c9)C(=O)N(*)C%10=O)(C(F)(F)F)C(F)(F)F)cc8C7=O)cc6)cc5C(F)(F)F)cc43)c(C(F)(F)F)c2)cc1,2.617905308
*c1ccc(-c2ccc(Oc3ccc4c(c3)C3(CC4(C)C)CC(C)(C)c4ccc(Oc5ccc(-c6ccc(N7C(=O)c8ccc(Oc9ccc%10c(c9)C(=O)N(*)C%10=O)cc8C7=O)cc6)cc5C(F)(F)F)cc43)c(C(F)(F)F)c2)cc1,2.247091443
*c1ccc(-c2ccc(Oc3ccc4c(c3)C3(CC4(C)C)CC(C)(C)c4ccc(Oc5ccc(-c6ccc(N7C(=O)c8ccc(Oc9ccc(C(C)(C)c%10ccc(Oc%11ccc%12c(c%11)C(=O)N(*)C%12=O)cc%10)cc9)cc8C7=O)cc6)cc5C(F)(F)F)cc43)c(C(F)(F)F)c2)cc1,2.212985304
*c1ccc(C(C#N)(C(=O)OCCCC)C(*)(C#N)C(=O)OCCCC)cc1,1.8470136844999998
*c1ccc(NC(=O)c2ccc3c(c2)C(=O)N(c2ccc(Oc4ccc(NC(=O)c5ccc6c(c5)C(=O)N(*)C6=O)cc4)cc2)C3=O)cc1,0.64738297
*c1ccc(Oc2ccc(-c3cc(-c4ccccc4)c4cc(Oc5ccc6nc(*)cc(-c7ccccc7)c6c5)ccc4n3)cc2)cc1,1.142696832
*c1ccc(Oc2ccc(-c3ccc(-c4ccc(-c5ccc(Oc6ccc(N7C(=O)c8ccc(C(c9ccc%10c(c9)C(=O)N(*)C%10=O)(C(F)(F)F)C(F)(F)F)cc8C7=O)cc6)c(C(F)(F)F)c5)cc4)cc3)cc2C(F)(F)F)cc1,2.281668513
*c1ccc(Oc2ccc(-c3ccc(-c4ccc(Oc5ccc(N6C(=O)c7ccc(C(c8ccc9c(c8)C(=O)N(*)C9=O)(C(F)(F)F)C(F)(F)F)cc7C6=O)cc5)c(C(F)(F)F)c4)cc3)cc2C(F)(F)F)cc1,2.299268464
*c1ccc(Oc2ccc(-c3ccc(-c4ccc(Oc5ccc(N6C(=O)c7ccc(C(c8ccc9c(c8)C(=O)N(*)C9=O)(C(F)(F)F)C(F)(F)F)cc7C6=O)cc5)c(C(F)(F)F)c4)s3)cc2C(F)(F)F)cc1,1.961063201
*c1ccc(Oc2ccc(-c3ccc(Oc4ccc(N5C(=O)c6ccc(Oc7cccc(C(C)(C)c8cccc(Oc9ccc%10c(c9)C(=O)N(*)C%10=O)c8)c7)cc6C5=O)cc4)cc3C)c(C)c2)cc1,0.142653625
*c1ccc(Oc2ccc(-c3cccc(-c4ccc(Oc5ccc(N6C(=O)c7ccc(C(c8ccc9c(c8)C(=O)N(*)C9=O)(C(F)(F)F)C(F)(F)F)cc7C6=O)cc5)c(C(F)(F)F)c4)n3)cc2C(F)(F)F)cc1,1.960270574
*c1ccc(Oc2ccc(-n3c(=O)c4cc5c(=O)n(*)c(=O)c5cc4c3=O)cc2)cc1,0.3509409654
*c1ccc(Oc2ccc(C(=O)c3ccc(Oc4ccc(C5(*)OC(=O)c6ccccc65)cc4)cc3)cc2)cc1,1.146406821
*c1ccc(Oc2ccc(N3C(=O)c4ccc(-c5ccc6c(c5)C(=O)N(*)C6=O)cc4C3=O)cc2)cc1,1.308543072
*c1ccc(Oc2ccc(N3C(=O)c4ccc(Oc5ccc(C(C)(C)c6ccc(Oc7ccc8c(c7)C(=O)N(*)C8=O)cc6)cc5)cc4C3=O)cc2)cc1,0.358632359
*c1ccc(Oc2ccc(S(=O)(=O)c3ccc(Oc4ccc(C5(*)OC(=O)c6ccccc65)cc4)cc3)cc2)cc1,1.255272505
*c1ccc2c(c1)C(=O)N(c1c(C(C)C)cc(C(c3ccccc3)(c3cc(C(C)C)c(N4C(=O)c5ccc(C(*)(C(F)(F)F)C(F)(F)F)cc5C4=O)c(C(C)C)c3)C(F)(F)F)cc1C(C)C)C2=O,2.530631563
*c1ccc2c(c1)C(=O)N(c1c(C(C)C)cc(Cc3cc(C(C)C)c(N4C(=O)c5ccc(C(*)(C(F)(F)F)C(F)(F)F)cc5C4=O)c(C(C)C)c3)cc1C(C)C)C2=O,2.340822677
*c1ccc2c(c1)C(=O)N(c1c(C)c(C)c(N3C(=O)c4ccc(C(*)(C(F)(F)F)C(F)(F)F)cc4C3=O)c(C)c1C)C2=O,2.63748973
*c1ccc2c(c1)C(=O)N(c1c(C)cc(-c3cc(C)c(-c4cc(C)c(N5C(=O)c6ccc(C(*)(C(F)(F)F)C(F)(F)F)cc6C5=O)c(C)c4)cc3C)cc1C)C2=O,2.396238882
*c1ccc2c(c1)C(=O)N(c1c(C)cc(-c3cc(C)c(N4C(=O)c5ccc(C(*)(C(F)(F)F)C(F)(F)F)cc5C4=O)c(C(C)C)c3)cc1C(C)C)C2=O,2.549815034
*c1ccc2c(c1)C(=O)N(c1c(C)cc(-c3cc(C)c(N4C(=O)c5ccc(C(*)(C(F)(F)F)C(F)(F)F)cc5C4=O)c(C)c3)cc1C)C2=O,2.388476282
*c1ccc2c(c1)C(=O)N(c1c(C)cc(-c3cc(C)c(N4C(=O)c5ccc(C(*)(C(F)(F)F)C(F)(F)F)cc5C4=O)c4ccccc34)c3ccccc13)C2=O,2.725108192
*c1ccc2c(c1)C(=O)N(c1c(C)cc(C(c3ccccc3)(c3cc(C)c(N4C(=O)c5ccc(C(*)(C(F)(F)F)C(F)(F)F)cc5C4=O)c(C(C)C)c3)C(F)(F)F)cc1C(C)C)C2=O,2.378344697
*c1ccc2c(c1)C(=O)N(c1c(C)cc(C(c3ccccc3)(c3cc(C)c(N4C(=O)c5ccc(C(*)(C(F)(F)F)C(F)(F)F)cc5C4=O)c(C)c3)C(F)(F)F)cc1C)C2=O,2.120973883
*c1ccc2c(c1)C(=O)N(c1c(C)cc(C)c(N3C(=O)c4ccc(C(*)(C(F)(F)F)C(F)(F)F)cc4C3=O)c1C)C2=O,2.536558443
*c1ccc2c(c1)C(=O)N(c1c(C)cc(C3(c4cc(C)c(N5C(=O)c6ccc(C(*)(C(F)(F)F)C(F)(F)F)cc6C5=O)c(C(C)C)c4)c4ccccc4-c4ccccc43)cc1C(C)C)C2=O,2.549815034
*c1ccc2c(c1)C(=O)N(c1c(C)cc(C3(c4cc(C)c(N5C(=O)c6ccc(C(*)(C(F)(F)F)C(F)(F)F)cc6C5=O)c(C)c4)c4ccccc4-c4ccccc43)cc1C)C2=O,2.42815274
*c1ccc2c(c1)C(=O)N(c1c(C)cc(Cc3cc(C)c(N4C(=O)c5ccc(C(*)(C(F)(F)F)C(F)(F)F)cc5C4=O)c(C(C)C)c3)cc1C(C)C)C2=O,2.180396186
*c1ccc2c(c1)C(=O)N(c1c(C)cc(Cc3cc(C)c(N4C(=O)c5ccc(C(*)(C(F)(F)F)C(F)(F)F)cc5C4=O)c(C)c3)cc1C)C2=O,1.819724192
*c1ccc2c(c1)C(=O)N(c1c(CC)cc(Cc3cc(CC)c(N4C(=O)c5ccc(C(*)(C(F)(F)F)C(F)(F)F)cc5C4=O)c(CC)c3)cc1CC)C2=O,2.004051771
*c1ccc2c(c1)C(=O)N(c1cc(C(=O)Nc3ccc(C(c4ccc(NC(=O)c5ccc(C)c(N6C(=O)c7ccc(C(*)(C(F)(F)F)C(F)(F)F)cc7C6=O)c5)cc4)(C(F)(F)F)C(F)(F)F)cc3)ccc1C)C2=O,1.714218516
*c1ccc2c(c1)C(=O)N(c1cc(C(=O)Oc3ccc(C(c4ccc(OC(=O)c5ccc(C)c(N6C(=O)c7ccc(C(*)(C(F)(F)F)C(F)(F)F)cc7C6=O)c5)cc4)(C(F)(F)F)C(F)(F)F)cc3)ccc1C)C2=O,1.735052047
*c1ccc2c(c1)C(=O)N(c1ccc(-c3ccc(N4C(=O)c5ccc(C(*)(C(F)(F)F)C(F)(F)F)cc5C4=O)c(C)c3)cc1C)C2=O,1.564797534
*c1ccc2c(c1)C(=O)N(c1ccc(C(=O)Nc3ccc(C(c4ccc(NC(=O)c5ccc(N6C(=O)c7ccc(C(*)(C(F)(F)F)C(F)(F)F)cc7C6=O)c(C)c5)cc4)(C(F)(F)F)C(F)(F)F)cc3)cc1C)C2=O,1.602885575
*c1ccc2c(c1)C(=O)N(c1ccc(C(=O)Nc3ccc(C(c4ccc(NC(=O)c5ccc(N6C(=O)c7ccc(C(*)(C(F)(F)F)C(F)(F)F)cc7C6=O)cc5)cc4)(C(F)(F)F)C(F)(F)F)cc3)cc1)C2=O,1.476747109
*c1ccc2c(c1)C(=O)N(c1ccc(C(C)(C)c3ccc(N4C(=O)c5ccc(C(*)(C(F)(F)F)C(F)(F)F)cc5C4=O)cc3)cc1)C2=O,1.871345289
*c1ccc2c(c1)C(=O)N(c1ccc(C(c3ccccc3)(c3ccc(N4C(=O)c5ccc(C(*)(C(F)(F)F)C(F)(F)F)cc5C4=O)cc3)C(F)(F)F)cc1)C2=O,1.438892892
*c1ccc2c(c1)C(=O)N(c1ccc(C3(c4ccc(N5C(=O)c6ccc(C(*)(C(F)(F)F)C(F)(F)F)cc6C5=O)c(C(C)C)c4)c4ccccc4-c4ccccc43)cc1C(C)C)C2=O,1.971456899
*c1ccc2c(c1)C(=O)N(c1ccc(C3(c4ccc(N5C(=O)c6ccc(C(*)(C(F)(F)F)C(F)(F)F)cc6C5=O)c(F)c4)c4ccccc4-c4ccccc43)cc1F)C2=O,1.859747343
*c1ccc2c(c1)C(=O)N(c1ccc(C3(c4ccc(N5C(=O)c6ccc(C(*)(C(F)(F)F)C(F)(F)F)cc6C5=O)cc4)c4ccccc4-c4ccccc43)cc1)C2=O,1.841828783
*c1ccc2c(c1)C(=O)N(c1ccc(Cc3ccc(N4C(=O)c5ccc(C(*)(C(F)(F)F)C(F)(F)F)cc5C4=O)c(C(C)(C)C)c3)cc1C(C)(C)C)C2=O,2.015548903
*c1ccc2c(c1)C(=O)N(c1ccc(Cc3ccc(N4C(=O)c5ccc(C(*)(C(F)(F)F)C(F)(F)F)cc5C4=O)c(C(C)C)c3)cc1C(C)C)C2=O,1.714470604
*c1ccc2c(c1)C(=O)N(c1ccc(Cc3ccc(N4C(=O)c5ccc(C(*)(C(F)(F)F)C(F)(F)F)cc5C4=O)c(C(F)(F)F)c3)cc1C(F)(F)F)C2=O,1.551275305
*c1ccc2c(c1)C(=O)N(c1ccc(Cc3ccc(N4C(=O)c5ccc(C(*)(C(F)(F)F)C(F)(F)F)cc5C4=O)cc3)cc1)C2=O,1.329475708
*c1ccc2c(c1)C(=O)N(c1ccc(S(=O)(=O)c3ccc(N4C(=O)c5ccc(C(*)(C(F)(F)F)C(F)(F)F)cc5C4=O)cc3)cc1)C2=O,1.739000589
*c1ccc2c(c1)C(=O)N(c1cccc(C(=O)Nc3ccc(C(c4ccc(NC(=O)c5cccc(N6C(=O)c7ccc(C(*)(C(F)(F)F)C(F)(F)F)cc7C6=O)c5)cc4)(C(F)(F)F)C(F)(F)F)cc3)c1)C2=O,1.256031275
*c1ccc2c(c1)C(=O)N(c1cccc(S(=O)(=O)c3cccc(N4C(=O)c5ccc(C(*)(C(F)(F)F)C(F)(F)F)cc5C4=O)c3)c1)C2=O,1.210623482
*c1ccc2c(c1)C1(CC2(C)C)CC(C)(C)c2ccc(N3C(=O)c4cc5c(cc4C3=O)C3(CC(C)(C)c4cc6c(cc43)C(=O)N(*)C6=O)CC5(C)C)cc21,2.79518459
*c1cccc(N2C(=O)c3ccc(Oc4ccc(C(C)(C)c5ccc(Oc6ccc7c(c6)C(=O)N(*)C7=O)cc5)cc4)cc3C2=O)c1,0.67300112
*c1cccc(N2C(=O)c3ccc(Oc4ccc(C5(c6ccc(Oc7ccc8c(c7)C(=O)N(*)C8=O)c(C)c6)CCCCC5)cc4C)cc3C2=O)c1,0.529187378
*c1cccc(N2C(=O)c3ccc(Oc4ccc5c(c4)C4(CC(C)(C)c6ccc(Oc7ccc8c(c7)C(=O)N(*)C8=O)cc64)CC5(C)C)cc3C2=O)c1,1.332025872
*c1cccc2c(-n3c(=O)c4cc5oc6cc7c(cc6oc5cc4c3=O)C3(CC(C)(C)c4cc5oc6cc8c(=O)n(*)c(=O)c8cc6oc5cc43)CC7(C)C)cccc12,2.544068044
