,smiles,sublimation enthalpy_kj/mol
0,C1CCCC1,43.59038934
1,C1C[C@@H]2C([C@H]1CC2)(c1ccc(cc1)C1([C@@H]2CC[C@H]1CC2)c1ccccc1)c1ccccc1,147.9678299
2,CCC,29.6316288
3,CCCC,37.67869164
4,c1cc5c4c(c1)C2CCCCC2c3cccc(c34)C6CCCCC56,136.7513136
5,C1CCC(=C2CCCCC2)CC1,87.3870785
6,C=C(c1ccccc1)C(=C)c1ccccc1,97.66091922
7,C1CC[C@@H]2[C@@H](C1)CCCC2,67.96499655
8,CCc1ccc(cc1)CC,70.43452728
9,c1ccccc1,48.81551281
10,c1ccc2c(c1)cccc2,69.07366064
11,c1cc2ccc3c4c2c(c1)ccc4ccc3,93.60297655
12,C#C,25.819604
13,CC(=C=CC=C=C(C)C)C,77.45541879
14,CCCCCCCCCC,86.53048524
15,C[C@@H]1CC[C@H](CC1)C,60.08585124
16,C1(CCCC1)C,48.54734142
17,CC(C(=CCCC=C(C(C)(C)C)C(C)(C)C)C(C)(C)C)(C)C,122.5374634
18,C1CCC(CC1)c1cc(C2CCCCC2)c(cc1C1CCCCC1)C1CCCCC1,156.4834831
19,c1(c(c(C)c(c(c1C)C)C)C)C,89.88426626
20,c1(ccc(cc1)C12C3C4C5C3C1C5C24)C12C3C4C5C3C1C5C24,127.7970498
21,C12(CCC1)C1(CCC1)C1(C3(CCC3)C3(CCC3)C32CCC3)CCC1,114.0094425
22,c1(cccc2ccc3cccc(c3c12)C)C,93.5103582
23,CC2=CC(C)(C1(C)C=C(C)C(C)=C1C)C(C)=C2C,106.06742
24,c1(c2ccccc2)c(cc(c(c1)c1ccccc1)c1ccccc1)c1ccccc1,147.7550635
25,c1(c2ccccc2)c(cc(c(c1)c1ccccc1)c1ccccc1)c1ccccc1,142.2680543
26,c1ccccc1,46.45266847
27,C=CCCCCC=C,64.56303089
28,C=CCCCCCCC=C,80.75792807
29,C1C2CC3CC(C2)CC1C3,68.74579106
30,c1(ccc(cc1)C(C)(C)C)C(C)(C)C,86.66735688
31,c1(ccccc1)c1c2c(c3ccccc3)c3c(cccc3)c(c3ccccc3)c2c(c2ccccc2)c2ccccc12,183.0402321
32,C(C1=CCC21CC2)CC1=CCC21CC2,99.05758446
33,c1ccc2c(c1)C(=C1\C=Cc3c1cccc3)/C=C2,106.6663631
34,C1(=O)[C@H]2[C@@H](C(=O)O1)[C@H](C=C[C@H]2CCC(=O)CC)c1ccccc1,145.9224956
35,OC[C@@]1(O)[C@@H](O)[C@@H](O)[C@@H]2CC(=O)OC[C@H]12,151.268957
36,O[C@@H]1[C@H]2[C@H]([C@@H](OC(=O)C)C[C@@]2(O)C)C1,111.9231895
37,[C@@H]1([C@H]([C@@H]([C@@H](CO1)O)O)O)OC(C)C,120.088042
38,O1C(=O)OCCC1,76.4438954
39,O1[C@@H](C)C(=O)[C@H]([C@@](O)(C1=O)C)C,82.46255955
40,O1C(=C)C(=O)O[C@H](C1=O)C,75.16555505
41,O=CC1=CC[C@H](C[C@H]1O)C,79.83893088
42,O=C1C(=CC/C1=C\C(=C)C)C,85.30907561
43,Oc1cccc2c1C(=O)c1cccc(c1C2=O)O,107.5933667
44,O1C(=O)C=C[C@H](O)[C@H]1CO,115.5179092
45,CCOC(=O)C(=C\C(=O)OCC)/C(=C/C(=O)OCC)C(=O)OCC,120.86811
46,o1c(=O)cccc1,131.7860356
47,O=C1[C@H](O)[C@@H](O)C(=C1)/C=C/C,109.9983592
48,O=C1[C@H]2CC(C[C@@H]1CCC2)C(=O)O,104.709682
49,OC[C@@H](O)[C@@H](O)[C@H](O)[C@H](O)CO,176.2960243
50,O[C@H]1C[C@H](O)[C@H](C[C@@H]1O)O.O,174.505514
51,C1(O)CCC1,63.79946823
52,OCC(CO)(CO)CO,148.1021601
53,O(C(=O)CC)CC,52.61131911
54,O[C@@H]1[C@H](CCCCCC1)C(=O)O.O[C@H]1[C@@H](CCCCCC1)C(=O)O,122.873378
55,O(c1ccccc1)[C@H](C)C(=O)O,91.17277248
56,C(=O)([C@H](C)c1ccccc1)O,95.26203048
57,C1OCc2ccc(cc2)COCOCc2ccc(CO1)cc2,104.1856138
58,O=C1C=CC(=O)O1,55.44911877
59,[C@@H]12[C@@H]3OC(O[C@@H]3[C@@H](OC1)O2)(C)C,40.81458523
60,COc1cc(C=O)c(cc1C=O)OC,65.14455948
61,C[C@@H]1O[C@H](C)O[C@@H](O[C@@H](O1)C)C,83.70254101
62,[C@@]1([C@@H]([C@@H]([C@@H](CO)O)OC1=O)O)(O)C,140.1534404
63,O[C@H]1CC[C@]2(C(=CC[C@@H]3[C@@H]2CC[C@]2([C@H]3CC\C2=C/C(=O)OCC)C)C1)C,146.9333918
64,c1cccc2c1c(=O)oc1c2C(=O)OC1,94.39512517
65,O=C(O)C1[C@H](CC(=O)C[C@H]1C)C.O=C(O)C1[C@@H](CC(=O)C[C@@H]1C)C,96.06301731
66,O=C1C(=O)CC1,65.18796995
67,C1(=O)[C@@H]2C(=O)CC[C@@H]2C(C)(C)O1.C1(=O)[C@H]2C(=O)CC[C@H]2C(C)(C)O1,94.34051691
68,O[C@H]([C@H](O)[C@@H](O)C)[C@H](O)CO,157.1981227
69,O=C(O)[C@H]1CC[C@H](CC1)C(=O)O,113.5070733
70,O=C1OC(=C\C=C2/OC(=O)c3c2cccc3)/c2c1cccc2,131.7628855
71,OC(=O)c1c2CCCCc2ccc1,104.20309
72,c12c(c(=O)c(co2)C)cccc1,80.00031986
73,Oc1ccc(O[C@H](C)C(=O)O)cc1,115.8032044
74,o1c2ccc(OC)cc2c(cc1=O)C,101.1226205
75,C1(=O)[C@@H]([C@@H]([C@@H](COC(=O)C)O1)O)O,110.7511865
76,CC(=O)c1ccc(cc1)OCc1ccc(cc1)COc1ccc(cc1)C(=O)C,187.3879363
77,COc1cc2c(cc1OC)C(=O)c1c(C2=O)cc(c(c1)OC)OC,132.6019548
78,O=C1CCc2c(O1)c(C)c(c(c2)O)C,104.1877645
79,O=c1c(coc2ccc(cc12)C)C=O,97.00544781
80,o1c(=O)c(cc2ccccc12)C(=O)OC,96.09128607
81,O=C(O)c1c(cccc1)COC(=O)C,103.9869036
82,COc1cccc2c1cccc2OC,94.5836709
83,CC1=C(O)CCC1=O,111.4535371
84,C1(=O)c2ccc(cc2C(=O)c2ccc(cc12)C(C)(C)C)C(C)(C)C,131.9755496
85,C(=O)c1c(ccc2c(C=O)c(ccc12)O)O,97.12462373
86,Oc1cc2cc(C=O)c(cc2cc1C=O)O,108.405851
87,c12cccc(OCCCC)c1cccc2OCCCC,129.9938523
88,O1[C@H]([C@H]([C@@H](O)[C@H](C1=O)C)C)CC,106.2404062
89,[C@H]1([C@H]([C@H]([C@@H](O1)CO)O)O)c1ccccc1,140.7053668
90,C([C@@H]1[C@H]([C@]([C@@H](O1)O)(C)CC)O)O,123.814505
91,c1(=O)c2ccccc2cc(C)o1,81.8835869
92,O1[C@]2(C(=O)C=C1)C(=O)OC[C@H]2C=C.O1[C@@]2(C(=O)C=C1)C(=O)OC[C@@H]2C=C,79.92439955
93,C1(=O)C2(CCC2)C(=O)OO1,60.72749172
94,CC(=O)CO,84.92794544
95,COC(=O)C(C(=O)OC)c1ccc(C(C(=O)OC)C(=O)OC)cc1,124.2835346
96,Cc2ccc(COC(=O)CCCCC(=O)OCc1ccc(C)cc1)cc2,149.9767539
97,C(CCCC(=O)O)CCC(=O)O,130.1332925
98,c1ccccc1/C=C/[C@@]([C@@H](/C=C/C1CCCCC1)C)(C(=O)OC)O,122.4173313
99,o1c2cc(ccc2c(cc1=O)C)C,92.29193194
100,C1(c2ccc(cc2)OC)C(C(c2ccc(cc2)OC)C1C(=O)O)C(=O)O,155.6612025
101,CC(O)C(=O)O,73.35188216
102,O=C(O)C1CC1,67.96337677
103,O[C@H]1O[C@H]2[C@@H](O[C@@H](OC2)C)[C@H](O)[C@H]1O,115.400664
104,c1(=O)c2c3ccccc3oc2cc(C)o1,92.22751336
105,C(=O)(/C=C\C(=O)O)O,89.46783464
106,C1(=O)C(=CC(=O)C=C1)OC.c1(O)ccc(cc1)O.C1(=O)C(=CC(=O)C=C1)OC,220.1765191
107,O=C(O)[C@H]1[C@H]2[C@H](C=CC1)CCC2,98.48552799
108,[C@@]12(C(=O)C([C@H](CC1)C2)(C)C)O,94.02953255
109,C1(=O)CCC2=C1Cc1ccccc1O2,103.5245876
110,O=c1oc2ccc(C)cc2cc1C,89.33855943
111,O=C(O)C(=C)C,64.75768376
112,O[C@@H](C)[C@@H](O)C,87.0021892
113,CCC(C)O,60.16053797
114,Oc1cc(ccc1O)C=O,108.9681743
115,c1(OC)c(cc(c(c1)C)OC)C,84.49571287
116,O=CC1CCC(C=O)CC1,109.2959836
117,O=C1O[C@]2(C1)CC[C@@H]1[C@H](C2)CC(=O)O1,96.00285959
118,C1(=O)O[C@@H](C[C@@H]2CCCC(=C12)O)C,81.39561306
119,O=C(O)[C@@H]([C@H](C(=O)O)CC#C)CC#C.O=C(O)[C@H]([C@@H](C(=O)O)CC#C)CC#C,119.2376553
120,O1C(=O)C=C[C@H]1[C@@H]1OCCCC1.O1C(=O)C=C[C@@H]1[C@H]1OCCCC1,95.68426965
121,OC[C@H]([C@@H](C([C@H]([C@@H](CO)O)O)O)O)O,208.4507054
122,O=C(c1ccccc1)c1ccc(cc1)C(=O)c1ccccc1,133.2929339
123,COC(=O)c1c(C)cc(c(c1OC)C)O,102.201019
124,C1=Cc2c3c(O1)ccc1c3c(cc2)OC=C1,89.30571815
125,Oc1cccc(c1c1cc2ccccc2c(=O)o1)O,147.3581691
126,CO[C@]12CCC[C@@H]2[C@@]2([C@H]1CCC[C@H]2O)O,101.6615399
127,OC(=O)[C@@H]1CC=CC[C@@H]1C(=O)O,108.3413238
128,OC(=O)c1c(ccc(c1C(=O)O)C(=O)O)C(=O)O,168.9167805
129,OC(=O)c1ccc2c(c1)ccc(c2)C(=O)O,143.7101635
130,O1C(=O)C=C[C@H]1[C@H](O)CO,109.4439575
131,O=C1[C@@H]2C=CO[C@H]1[C@H]1C(=O)[C@@H]2OC=C1,88.89656165
132,O=C1OC(=O)C=C1c1ccccc1,85.58008636
133,O=C1CC(c2c1cccc2)C(=O)O.O,132.1523162
134,Oc1ccc(OC)c2ccccc12,98.21523365
135,O1CC1,36.02228363
136,CCCCOC(=O)C(=O)OCCCC,89.76917078
137,C(CCC)O,62.56956798
138,O=C1[C@@]2(CC[C@H](C1(C)C)C2)C,69.15623084
139,OC(=O)c1cc(C(=O)O)c(cc1C(=O)O)C(=O)O.O.O,217.7640904
140,COC(=O)/C=C/C(=O)OC,71.60985617
141,O=C(/C=C/c1c(O)cccc1)C,112.8373484
142,OC(=O)/C=C/c1ccc(OC)cc1,114.7051553
143,O=Cc1ccccc1OCC#C,91.96970106
144,C(=C\C(=O)C(=O)OC)/c1ccccc1,96.43379128
145,OC(=O)Cc1ccc(cc1)CC(=O)O,146.6862317
146,O(c1c(C)c(C)ccc1)CC(=O)O,113.3821964
147,O=C1C[C@](C)(O)C(=O)C[C@@]1(C)O,91.65882622
148,OC(=O)CC1(O)CCC(O)CC1,111.0298844
149,Oc1ccc(cc1)CC[C@@H](O)C,122.9749205
150,O[C@H]1O[C@H]2[C@H](O[C@@H]3OC(O[C@H]23)(C)C)CC1,88.89050902
151,O1C=CC[C@H]2O[C@@H]3OC(O[C@@H]3[C@@H]12)(C)C,70.57815638
152,O=C(C)[C@H]1[C@@H](CCC[C@]1(O)C)C,77.80326118
153,C(=O)(/C=C\C=C/C(=O)OC)OC,75.87277437
154,O=C(O)CC(=O)O,93.91923248
155,C(CC(=O)O)C(=O)O,107.5511286
156,OC,46.38397238
157,C(=O)(C(=O)O)O,94.98090788
158,C(=O)(COc1cccc(c1)OCC(=O)O)O,150.8577164
159,C(=O)(O)/C=C\C(=O)O,88.33733506
160,[C@]123CC[C@@H](O[C@H]1CCC[C@H]2O)O[C@H]3O.[C@@]123CC[C@H](O[C@@H]1CCC[C@@H]2O)O[C@@H]3O,114.9384792
161,o1c(c2c(cco2)C=O)c(cc1)C=O,100.916394
162,C1OCCOC1,50.56660833
163,C1(C(=O)c2ccccc2C1=O)c1ccc(C2C(=O)c3ccccc3C2=O)cc1,179.6166263
164,O1C[C@@H](O)[C@H]2OC[C@@H]([C@@H]12)C(=O)O,105.1855423
165,O[C@@]1([C@@H]2CCC(=C[C@@H]2OC1)C)C,98.12891735
166,OC(=O)CCc1ccc(OCC(=O)O)cc1,152.8660098
167,O=C(O)COc1ccc(OCC(=O)O)cc1,160.6478707
168,C(=O)(N)N,95.20271123
169,CNC(=O)NC,83.27052577
170,O=C1N[C@H](C(=O)N[C@H]1C)CO.O,180.843665
171,O=C1CCCN1,76.15288578
172,OC(C#N)C(=O)NC,112.3065497
173,N(=O)(=O)[N-]CC[NH3+],122.617303
174,OC(=O)C(=O)O.O=C1NCC(=O)NC1.O.O,196.9354446
175,O=C1NCC(=O)NC1,123.6104041
176,C(N1CCOCC1)[C@]1(OC[C@@H](O)[C@@H](O)[C@@H]1O)O,120.787058
177,N1CCNCC1.Oc1ccc(cc1)O,176.1456116
178,C1(C[NH2+]C1)C(=O)[O-],138.6771343
179,n1[nH]c(=O)ccc1O,104.9758457
180,c1n(ccn(c1)=O)=O,93.04591658
181,[C@@H]1(O)[C@@H]([C@H]([C@H]([C@H]([C@@H]1N(=O)=O)O)O)N(=O)=O)O.O.O,183.5545917
182,OC(=O)c1nccnc1,102.7753014
183,OC(=O)c1ccc(nc1)c1ccc(cn1)C(=O)O,161.9284799
184,O=C([O-])[C@H]1[NH2+][C@H](CO)[C@H]([C@@H]1O)O,223.6436627
185,O=C1NC(=O)C(=O)NC1=O,124.2438948
186,o1nc(C(=O)O)cc1C,93.02075373
187,NC(=O)OCc1ccc(cc1)COC(=O)N,153.7968286
188,OC(=O)c1ccncn1,103.4071933
189,O1[C@H](C(C)(COC1(C)C)C)c1occn1,75.28594526
190,NNC(=O)C(=O)NN,108.7755843
191,C(=O)(NN)C(=O)NN,113.5906262
192,C(=O)(NN)C(=O)NN,113.2641856
193,c1(nccnc1)C(=O)N,91.51963407
194,C1(=O)N(CCC1)CC(=O)N,119.5406823
195,[O-]C(=O)C[NH3+],134.7395379
196,O=C([O-])C[NH3+],134.7194204
197,C(C(=O)[O-])[NH3+],135.3863897
198,C1(=O)C(C)(C)NC(=O)C(C)(C)N1,119.685189
199,C(=O)(/C=C/C(=O)O)O.C1(=O)NCC(=O)NC1,180.0830261
200,n1c(c(C)nc(c1C)C)C.C(=O)(O)C(=O)O,179.7509912
201,NC(CC(=O)O)C(=O)O,172.5369583
202,CCOC(N)=O,67.72769401
203,c1nccnc1.C(=O)(/C=C/C(=O)O)O,155.4228208
204,C(=O)(CCC(=O)N)O,111.9319698
205,OC[C@@H](O)[C@@H](O)[C@H](O)[C@@H](O)CNC,169.1945849
206,CC(=O)[O-].C1C[NH2+]CC[NH2+]1.CC(=O)[O-],193.3603658
207,NC(=N)N.O[N+](=O)[O-],155.2933444
208,C(=O)(CCCCC(=O)N)N,158.3030021
209,O=C([O-])C[NH3+],136.6408887
210,O=C([O-])C[NH3+],137.4151162
211,n1(=O)ccn(cc1)=O,93.24232552
212,C(=O)([C@@H]([C@H](C(=O)O)O)O)O.c1cnccn1  cor 1cnccn1.O=C(O)C(O)C(O)C(=O)O,175.069825
213,N1C(=O)CNC(=O)C1,122.5539815
214,C(=O)(c1ccc(C(=O)O)cc1)O.n1ccncc1,189.5926893
215,N1C(=O)NC(=O)C(=C1)O,116.6774678
216,CCC(=O)/N=N(=O)/O,81.27384212
217,O=CCO,48.9308126
218,C#CC(C)CC=O,53.07370676
219,C1OCC2CC1O2,44.89569828
220,OCC1CCC1O,57.92691795
221,OCC1CC=CC1,50.58934694
222,Cc1coc(C)c1C,49.78497921
223,Cc1occc1CO,52.5151715
224,CCOC(C)COC,35.2287304
225,CC1C2OC1C2(C)O,45.98831514
226,CC1OC(=O)CC1=O,61.54085783
227,C#CCC1CC(=O)O1,46.04675538
228,CC1CC(CCO)C1,48.86545231
229,C#CC1(O)C=CCC1,45.48793549
230,CCC(COC)OC,38.63659431
231,CC1OCOCC1O,63.91091433
232,O=C1CCOCOC1,62.59880884
233,CC1CCC=CCO1,43.04298192
234,O=CC12CCC1CO2,48.50136537
235,COC12CCC1OC2,41.99018718
236,OC1COCC12CC2,49.89600004
237,OC13CC1C2COC23,65.43295623
238,CC2C3C1CC1(O)C23,36.05657921
239,CC2(C1CC1)COC2,51.15053077
240,C1OC1C23CC(C2)C3,27.29788108
241,OC2CC=C1CCC12,51.15203693
242,C#CC13CC1C2OC23,55.6951775
243,C#CC1(C#C)CCCO1,63.16449862
244,C#CC2C3CC1OC1C23,61.07547884
245,C3OCC1C2OC1C2O3,43.37817487
246,C2CC1C3CC1(CO2)C3,49.34947741
247,C1OC2OC1C3CC2C3,52.71483494
248,C2CC1CC3OC1CC23,52.63929527
249,C1OCC2OC3CC1C23,48.33466092
250,C1CC2OC3CC(O1)C23,50.1472136
251,C3OC2CC1OC1C2O3,51.13248577
252,C1OCC1C2C3CC2O3,53.22032455
253,C2=C(C1CC1)COCC2,62.98040528
254,C2OC3CC1C4CC1C234,45.7289108
255,C1#CCOCCCOC1,46.31555273
256,C#CC#CCC(=O)C#C,67.60089369
257,O=C1OC23CC=CC12C3,46.49064672
258,O=CC#CCCC1CC1,50.99778896
259,O=CC12CC(C1)C(=O)O2,64.83557627
260,C#CCOC1CC1C=O,71.5519823
261,C#CC1(CC=O)COC1,45.28391469
262,O=CCC1C2CC3C1C23,49.80418494
263,CC#CC12CC(O)(C1)C2,55.81290997
264,CC#CC1OC1(C)C=O,52.00683553
265,CC#CCC(C)CC=O,53.15001736
266,CC(O)C(=O)C1CCO1,68.31882547
267,CC(C)C1C(O)C1(C)C,43.93933264
268,CC(C)C2C1CC(=O)C12,58.00325268
269,CC(C)C1C2C=CC1O2,56.52562374
270,CC1(O)CC12CC(=O)O2,50.69749729
271,C#CCC1(C)OC1C=O,77.05454715
272,CC2(CC1CCO1)CO2,56.93064529
273,CC14C3OC2C1C2C34C,45.07828835
274,C1=CC2C3OCC1C23,53.86955952
275,CC12CC(C)(O1)C23CC3,40.64755514
276,CC13OC2C1OCOC23,27.7405316
277,C#CC13CC2OC1(C)C23,52.32364866
278,CC13OCC1(O)C2OC23,60.46476823
279,CC13OCC1(O)C2OC23,47.27192222
280,CC1C2C(=O)CCC12O,63.60097782
281,C#CC12OC(C)C1C2C,47.15729374
282,CC2CC1(O)C(C)C1O2,63.86804516
283,CC2C1COC1C2(C)O,64.54035499
284,C#CC1OC1C(O)CC,47.93622943
285,COC13C(C)C1C2CC23,34.38994864
286,OCC12CC=CC1(O)C2,42.63627088
287,COC12CCC1COC2,51.52732216
288,C#CC1(O)C(O)C1CO,75.09321151
289,CCC1CC(C)=CC1=O,68.67151826
290,OCC2CC1C(O)C1O2,56.84584094
291,COC1CC2CC1C2O,62.17709215
292,C#CC1=CC(CO)CC1,48.47252251
293,C#CC1=CC(CO)CC1,36.00775293
294,O=CCCC#CCCO,95.24061953
295,CCCC(C)(O)CC=O,45.34095877
296,CC1(O)CC1(O)CCO,72.92808472
297,CCCC1(CCO)CO1,55.81475674
298,OCCC1C(O)CC1O,74.75436268
0,C1CCCC1,43.59038934
1,C1C[C@@H]2C([C@H]1CC2)(c1ccc(cc1)C1([C@@H]2CC[C@H]1CC2)c1ccccc1)c1ccccc1,147.9678299
2,CCC,29.6316288
3,CCCC,37.67869164
5,C1CCC(=C2CCCCC2)CC1,87.3870785
6,C=C(c1ccccc1)C(=C)c1ccccc1,97.66091922
7,C1CC[C@@H]2[C@@H](C1)CCCC2,67.96499655
8,CCc1ccc(cc1)CC,70.43452728
9,c1ccccc1,48.81551281
10,c1ccc2c(c1)cccc2,69.07366064
11,c1cc2ccc3c4c2c(c1)ccc4ccc3,93.60297655
12,C#C,25.819604
13,CC(=C=CC=C=C(C)C)C,77.45541879
14,CCCCCCCCCC,86.53048524
15,C[C@@H]1CC[C@H](CC1)C,60.08585124
16,C1(CCCC1)C,48.54734142
17,CC(C(=CCCC=C(C(C)(C)C)C(C)(C)C)C(C)(C)C)(C)C,122.5374634
18,C1CCC(CC1)c1cc(C2CCCCC2)c(cc1C1CCCCC1)C1CCCCC1,156.4834831
19,c1(c(c(C)c(c(c1C)C)C)C)C,89.88426626
20,c1(ccc(cc1)C12C3C4C5C3C1C5C24)C12C3C4C5C3C1C5C24,127.7970498
21,C12(CCC1)C1(CCC1)C1(C3(CCC3)C3(CCC3)C32CCC3)CCC1,114.0094425
22,c1(cccc2ccc3cccc(c3c12)C)C,93.5103582
23,CC2=CC(C)(C1(C)C=C(C)C(C)=C1C)C(C)=C2C,106.06742
24,c1(c2ccccc2)c(cc(c(c1)c1ccccc1)c1ccccc1)c1ccccc1,147.7550635
25,c1(c2ccccc2)c(cc(c(c1)c1ccccc1)c1ccccc1)c1ccccc1,142.2680543
26,c1ccccc1,46.45266847
27,C=CCCCCC=C,64.56303089
28,C=CCCCCCCC=C,80.75792807
29,C1C2CC3CC(C2)CC1C3,68.74579106
30,c1(ccc(cc1)C(C)(C)C)C(C)(C)C,86.66735688
31,c1(ccccc1)c1c2c(c3ccccc3)c3c(cccc3)c(c3ccccc3)c2c(c2ccccc2)c2ccccc12,183.0402321
32,C(C1=CCC21CC2)CC1=CCC21CC2,99.05758446
33,c1ccc2c(c1)C(=C1\C=Cc3c1cccc3)/C=C2,106.6663631
34,C1(=O)[C@H]2[C@@H](C(=O)O1)[C@H](C=C[C@H]2CCC(=O)CC)c1ccccc1,145.9224956
35,OC[C@@]1(O)[C@@H](O)[C@@H](O)[C@@H]2CC(=O)OC[C@H]12,151.268957
36,O[C@@H]1[C@H]2[C@H]([C@@H](OC(=O)C)C[C@@]2(O)C)C1,111.9231895
37,[C@@H]1([C@H]([C@@H]([C@@H](CO1)O)O)O)OC(C)C,120.088042
38,O1C(=O)OCCC1,76.4438954
39,O1[C@@H](C)C(=O)[C@H]([C@@](O)(C1=O)C)C,82.46255955
40,O1C(=C)C(=O)O[C@H](C1=O)C,75.16555505
41,O=CC1=CC[C@H](C[C@H]1O)C,79.83893088
42,O=C1C(=CC/C1=C\C(=C)C)C,85.30907561
43,Oc1cccc2c1C(=O)c1cccc(c1C2=O)O,107.5933667
44,O1C(=O)C=C[C@H](O)[C@H]1CO,115.5179092
45,CCOC(=O)C(=C\C(=O)OCC)/C(=C/C(=O)OCC)C(=O)OCC,120.86811
46,o1c(=O)cccc1,131.7860356
47,O=C1[C@H](O)[C@@H](O)C(=C1)/C=C/C,109.9983592
48,O=C1[C@H]2CC(C[C@@H]1CCC2)C(=O)O,104.709682
49,OC[C@@H](O)[C@@H](O)[C@H](O)[C@H](O)CO,176.2960243
50,O[C@H]1C[C@H](O)[C@H](C[C@@H]1O)O.O,174.505514
51,C1(O)CCC1,63.79946823
52,OCC(CO)(CO)CO,148.1021601
53,O(C(=O)CC)CC,52.61131911
54,O[C@@H]1[C@H](CCCCCC1)C(=O)O.O[C@H]1[C@@H](CCCCCC1)C(=O)O,122.873378
55,O(c1ccccc1)[C@H](C)C(=O)O,91.17277248
56,C(=O)([C@H](C)c1ccccc1)O,95.26203048
57,C1OCc2ccc(cc2)COCOCc2ccc(CO1)cc2,104.1856138
58,O=C1C=CC(=O)O1,55.44911877
59,[C@@H]12[C@@H]3OC(O[C@@H]3[C@@H](OC1)O2)(C)C,40.81458523
60,COc1cc(C=O)c(cc1C=O)OC,65.14455948
61,C[C@@H]1O[C@H](C)O[C@@H](O[C@@H](O1)C)C,83.70254101
62,[C@@]1([C@@H]([C@@H]([C@@H](CO)O)OC1=O)O)(O)C,140.1534404
63,O[C@H]1CC[C@]2(C(=CC[C@@H]3[C@@H]2CC[C@]2([C@H]3CC\C2=C/C(=O)OCC)C)C1)C,146.9333918
64,c1cccc2c1c(=O)oc1c2C(=O)OC1,94.39512517
65,O=C(O)C1[C@H](CC(=O)C[C@H]1C)C.O=C(O)C1[C@@H](CC(=O)C[C@@H]1C)C,96.06301731
66,O=C1C(=O)CC1,65.18796995
67,C1(=O)[C@@H]2C(=O)CC[C@@H]2C(C)(C)O1.C1(=O)[C@H]2C(=O)CC[C@H]2C(C)(C)O1,94.34051691
68,O[C@H]([C@H](O)[C@@H](O)C)[C@H](O)CO,157.1981227
69,O=C(O)[C@H]1CC[C@H](CC1)C(=O)O,113.5070733
70,O=C1OC(=C\C=C2/OC(=O)c3c2cccc3)/c2c1cccc2,131.7628855
71,OC(=O)c1c2CCCCc2ccc1,104.20309
72,c12c(c(=O)c(co2)C)cccc1,80.00031986
73,Oc1ccc(O[C@H](C)C(=O)O)cc1,115.8032044
74,o1c2ccc(OC)cc2c(cc1=O)C,101.1226205
75,C1(=O)[C@@H]([C@@H]([C@@H](COC(=O)C)O1)O)O,110.7511865
76,CC(=O)c1ccc(cc1)OCc1ccc(cc1)COc1ccc(cc1)C(=O)C,187.3879363
77,COc1cc2c(cc1OC)C(=O)c1c(C2=O)cc(c(c1)OC)OC,132.6019548
78,O=C1CCc2c(O1)c(C)c(c(c2)O)C,104.1877645
79,O=c1c(coc2ccc(cc12)C)C=O,97.00544781
80,o1c(=O)c(cc2ccccc12)C(=O)OC,96.09128607
81,O=C(O)c1c(cccc1)COC(=O)C,103.9869036
82,COc1cccc2c1cccc2OC,94.5836709
83,CC1=C(O)CCC1=O,111.4535371
84,C1(=O)c2ccc(cc2C(=O)c2ccc(cc12)C(C)(C)C)C(C)(C)C,131.9755496
85,C(=O)c1c(ccc2c(C=O)c(ccc12)O)O,97.12462373
86,Oc1cc2cc(C=O)c(cc2cc1C=O)O,108.405851
87,c12cccc(OCCCC)c1cccc2OCCCC,129.9938523
88,O1[C@H]([C@H]([C@@H](O)[C@H](C1=O)C)C)CC,106.2404062
89,[C@H]1([C@H]([C@H]([C@@H](O1)CO)O)O)c1ccccc1,140.7053668
90,C([C@@H]1[C@H]([C@]([C@@H](O1)O)(C)CC)O)O,123.814505
91,c1(=O)c2ccccc2cc(C)o1,81.8835869
92,O1[C@]2(C(=O)C=C1)C(=O)OC[C@H]2C=C.O1[C@@]2(C(=O)C=C1)C(=O)OC[C@@H]2C=C,79.92439955
93,C1(=O)C2(CCC2)C(=O)OO1,60.72749172
94,CC(=O)CO,84.92794544
95,COC(=O)C(C(=O)OC)c1ccc(C(C(=O)OC)C(=O)OC)cc1,124.2835346
96,Cc2ccc(COC(=O)CCCCC(=O)OCc1ccc(C)cc1)cc2,149.9767539
97,C(CCCC(=O)O)CCC(=O)O,130.1332925
98,c1ccccc1/C=C/[C@@]([C@@H](/C=C/C1CCCCC1)C)(C(=O)OC)O,122.4173313
99,o1c2cc(ccc2c(cc1=O)C)C,92.29193194
100,C1(c2ccc(cc2)OC)C(C(c2ccc(cc2)OC)C1C(=O)O)C(=O)O,155.6612025
101,CC(O)C(=O)O,73.35188216
102,O=C(O)C1CC1,67.96337677
103,O[C@H]1O[C@H]2[C@@H](O[C@@H](OC2)C)[C@H](O)[C@H]1O,115.400664
104,c1(=O)c2c3ccccc3oc2cc(C)o1,92.22751336
105,C(=O)(/C=C\C(=O)O)O,89.46783464
106,C1(=O)C(=CC(=O)C=C1)OC.c1(O)ccc(cc1)O.C1(=O)C(=CC(=O)C=C1)OC,220.1765191
107,O=C(O)[C@H]1[C@H]2[C@H](C=CC1)CCC2,98.48552799
108,[C@@]12(C(=O)C([C@H](CC1)C2)(C)C)O,94.02953255
109,C1(=O)CCC2=C1Cc1ccccc1O2,103.5245876
110,O=c1oc2ccc(C)cc2cc1C,89.33855943
111,O=C(O)C(=C)C,64.75768376
112,O[C@@H](C)[C@@H](O)C,87.0021892
113,CCC(C)O,60.16053797
114,Oc1cc(ccc1O)C=O,108.9681743
115,c1(OC)c(cc(c(c1)C)OC)C,84.49571287
116,O=CC1CCC(C=O)CC1,109.2959836
117,O=C1O[C@]2(C1)CC[C@@H]1[C@H](C2)CC(=O)O1,96.00285959
118,C1(=O)O[C@@H](C[C@@H]2CCCC(=C12)O)C,81.39561306
119,O=C(O)[C@@H]([C@H](C(=O)O)CC#C)CC#C.O=C(O)[C@H]([C@@H](C(=O)O)CC#C)CC#C,119.2376553
120,O1C(=O)C=C[C@H]1[C@@H]1OCCCC1.O1C(=O)C=C[C@@H]1[C@H]1OCCCC1,95.68426965
121,OC[C@H]([C@@H](C([C@H]([C@@H](CO)O)O)O)O)O,208.4507054
122,O=C(c1ccccc1)c1ccc(cc1)C(=O)c1ccccc1,133.2929339
123,COC(=O)c1c(C)cc(c(c1OC)C)O,102.201019
124,C1=Cc2c3c(O1)ccc1c3c(cc2)OC=C1,89.30571815
125,Oc1cccc(c1c1cc2ccccc2c(=O)o1)O,147.3581691
126,CO[C@]12CCC[C@@H]2[C@@]2([C@H]1CCC[C@H]2O)O,101.6615399
127,OC(=O)[C@@H]1CC=CC[C@@H]1C(=O)O,108.3413238
128,OC(=O)c1c(ccc(c1C(=O)O)C(=O)O)C(=O)O,168.9167805
129,OC(=O)c1ccc2c(c1)ccc(c2)C(=O)O,143.7101635
130,O1C(=O)C=C[C@H]1[C@H](O)CO,109.4439575
131,O=C1[C@@H]2C=CO[C@H]1[C@H]1C(=O)[C@@H]2OC=C1,88.89656165
132,O=C1OC(=O)C=C1c1ccccc1,85.58008636
133,O=C1CC(c2c1cccc2)C(=O)O.O,132.1523162
134,Oc1ccc(OC)c2ccccc12,98.21523365
135,O1CC1,36.02228363
136,CCCCOC(=O)C(=O)OCCCC,89.76917078
137,C(CCC)O,62.56956798
138,O=C1[C@@]2(CC[C@H](C1(C)C)C2)C,69.15623084
139,OC(=O)c1cc(C(=O)O)c(cc1C(=O)O)C(=O)O.O.O,217.7640904
140,COC(=O)/C=C/C(=O)OC,71.60985617
141,O=C(/C=C/c1c(O)cccc1)C,112.8373484
142,OC(=O)/C=C/c1ccc(OC)cc1,114.7051553
143,O=Cc1ccccc1OCC#C,91.96970106
144,C(=C\C(=O)C(=O)OC)/c1ccccc1,96.43379128
145,OC(=O)Cc1ccc(cc1)CC(=O)O,146.6862317
146,O(c1c(C)c(C)ccc1)CC(=O)O,113.3821964
147,O=C1C[C@](C)(O)C(=O)C[C@@]1(C)O,91.65882622
148,OC(=O)CC1(O)CCC(O)CC1,111.0298844
149,Oc1ccc(cc1)CC[C@@H](O)C,122.9749205
150,O[C@H]1O[C@H]2[C@H](O[C@@H]3OC(O[C@H]23)(C)C)CC1,88.89050902
151,O1C=CC[C@H]2O[C@@H]3OC(O[C@@H]3[C@@H]12)(C)C,70.57815638
152,O=C(C)[C@H]1[C@@H](CCC[C@]1(O)C)C,77.80326118
153,C(=O)(/C=C\C=C/C(=O)OC)OC,75.87277437
154,O=C(O)CC(=O)O,93.91923248
155,C(CC(=O)O)C(=O)O,107.5511286
156,OC,46.38397238
157,C(=O)(C(=O)O)O,94.98090788
158,C(=O)(COc1cccc(c1)OCC(=O)O)O,150.8577164
159,C(=O)(O)/C=C\C(=O)O,88.33733506
160,[C@]123CC[C@@H](O[C@H]1CCC[C@H]2O)O[C@H]3O.[C@@]123CC[C@H](O[C@@H]1CCC[C@@H]2O)O[C@@H]3O,114.9384792
161,o1c(c2c(cco2)C=O)c(cc1)C=O,100.916394
162,C1OCCOC1,50.56660833
163,C1(C(=O)c2ccccc2C1=O)c1ccc(C2C(=O)c3ccccc3C2=O)cc1,179.6166263
164,O1C[C@@H](O)[C@H]2OC[C@@H]([C@@H]12)C(=O)O,105.1855423
165,O[C@@]1([C@@H]2CCC(=C[C@@H]2OC1)C)C,98.12891735
166,OC(=O)CCc1ccc(OCC(=O)O)cc1,152.8660098
167,O=C(O)COc1ccc(OCC(=O)O)cc1,160.6478707
168,C(=O)(N)N,95.20271123
169,CNC(=O)NC,83.27052577
170,O=C1N[C@H](C(=O)N[C@H]1C)CO.O,180.843665
171,O=C1CCCN1,76.15288578
172,OC(C#N)C(=O)NC,112.3065497
173,N(=O)(=O)[N-]CC[NH3+],122.617303
174,OC(=O)C(=O)O.O=C1NCC(=O)NC1.O.O,196.9354446
175,O=C1NCC(=O)NC1,123.6104041
176,C(N1CCOCC1)[C@]1(OC[C@@H](O)[C@@H](O)[C@@H]1O)O,120.787058
177,N1CCNCC1.Oc1ccc(cc1)O,176.1456116
178,C1(C[NH2+]C1)C(=O)[O-],138.6771343
179,n1[nH]c(=O)ccc1O,104.9758457
180,c1n(ccn(c1)=O)=O,93.04591658
181,[C@@H]1(O)[C@@H]([C@H]([C@H]([C@H]([C@@H]1N(=O)=O)O)O)N(=O)=O)O.O.O,183.5545917
182,OC(=O)c1nccnc1,102.7753014
183,OC(=O)c1ccc(nc1)c1ccc(cn1)C(=O)O,161.9284799
184,O=C([O-])[C@H]1[NH2+][C@H](CO)[C@H]([C@@H]1O)O,223.6436627
185,O=C1NC(=O)C(=O)NC1=O,124.2438948
186,o1nc(C(=O)O)cc1C,93.02075373
187,NC(=O)OCc1ccc(cc1)COC(=O)N,153.7968286
188,OC(=O)c1ccncn1,103.4071933
189,O1[C@H](C(C)(COC1(C)C)C)c1occn1,75.28594526
190,NNC(=O)C(=O)NN,108.7755843
191,C(=O)(NN)C(=O)NN,113.5906262
192,C(=O)(NN)C(=O)NN,113.2641856
193,c1(nccnc1)C(=O)N,91.51963407
194,C1(=O)N(CCC1)CC(=O)N,119.5406823
195,[O-]C(=O)C[NH3+],134.7395379
196,O=C([O-])C[NH3+],134.7194204
197,C(C(=O)[O-])[NH3+],135.3863897
198,C1(=O)C(C)(C)NC(=O)C(C)(C)N1,119.685189
199,C(=O)(/C=C/C(=O)O)O.C1(=O)NCC(=O)NC1,180.0830261
200,n1c(c(C)nc(c1C)C)C.C(=O)(O)C(=O)O,179.7509912
201,NC(CC(=O)O)C(=O)O,172.5369583
202,CCOC(N)=O,67.72769401
203,c1nccnc1.C(=O)(/C=C/C(=O)O)O,155.4228208
204,C(=O)(CCC(=O)N)O,111.9319698
205,OC[C@@H](O)[C@@H](O)[C@H](O)[C@@H](O)CNC,169.1945849
206,CC(=O)[O-].C1C[NH2+]CC[NH2+]1.CC(=O)[O-],193.3603658
207,NC(=N)N.O[N+](=O)[O-],155.2933444
208,C(=O)(CCCCC(=O)N)N,158.3030021
209,O=C([O-])C[NH3+],136.6408887
210,O=C([O-])C[NH3+],137.4151162
211,n1(=O)ccn(cc1)=O,93.24232552
212,C(=O)([C@@H]([C@H](C(=O)O)O)O)O.c1cnccn1  cor 1cnccn1.O=C(O)C(O)C(O)C(=O)O,175.069825
213,N1C(=O)CNC(=O)C1,122.5539815
214,C(=O)(c1ccc(C(=O)O)cc1)O.n1ccncc1,189.5926893
215,N1C(=O)NC(=O)C(=C1)O,116.6774678
216,CCC(=O)/N=N(=O)/O,81.27384212
217,O=CCO,48.9308126
218,C#CC(C)CC=O,53.07370676
219,C1OCC2CC1O2,44.89569828
220,OCC1CCC1O,57.92691795
221,OCC1CC=CC1,50.58934694
222,Cc1coc(C)c1C,49.78497921
223,Cc1occc1CO,52.5151715
224,CCOC(C)COC,35.2287304
225,CC1C2OC1C2(C)O,45.98831514
226,CC1OC(=O)CC1=O,61.54085783
227,C#CCC1CC(=O)O1,46.04675538
228,CC1CC(CCO)C1,48.86545231
229,C#CC1(O)C=CCC1,45.48793549
230,CCC(COC)OC,38.63659431
231,CC1OCOCC1O,63.91091433
232,O=C1CCOCOC1,62.59880884
233,CC1CCC=CCO1,43.04298192
234,O=CC12CCC1CO2,48.50136537
235,COC12CCC1OC2,41.99018718
236,OC1COCC12CC2,49.89600004
237,OC13CC1C2COC23,65.43295623
238,CC2C3C1CC1(O)C23,36.05657921
239,CC2(C1CC1)COC2,51.15053077
240,C1OC1C23CC(C2)C3,27.29788108
241,OC2CC=C1CCC12,51.15203693
242,C#CC13CC1C2OC23,55.6951775
243,C#CC1(C#C)CCCO1,63.16449862
244,C#CC2C3CC1OC1C23,61.07547884
245,C3OCC1C2OC1C2O3,43.37817487
246,C2CC1C3CC1(CO2)C3,49.34947741
247,C1OC2OC1C3CC2C3,52.71483494
248,C2CC1CC3OC1CC23,52.63929527
249,C1OCC2OC3CC1C23,48.33466092
250,C1CC2OC3CC(O1)C23,50.1472136
251,C3OC2CC1OC1C2O3,51.13248577
252,C1OCC1C2C3CC2O3,53.22032455
253,C2=C(C1CC1)COCC2,62.98040528
254,C2OC3CC1C4CC1C234,45.7289108
255,C1#CCOCCCOC1,46.31555273
256,C#CC#CCC(=O)C#C,67.60089369
257,O=C1OC23CC=CC12C3,46.49064672
258,O=CC#CCCC1CC1,50.99778896
259,O=CC12CC(C1)C(=O)O2,64.83557627
260,C#CCOC1CC1C=O,71.5519823
261,C#CC1(CC=O)COC1,45.28391469
262,O=CCC1C2CC3C1C23,49.80418494
263,CC#CC12CC(O)(C1)C2,55.81290997
264,CC#CC1OC1(C)C=O,52.00683553
265,CC#CCC(C)CC=O,53.15001736
266,CC(O)C(=O)C1CCO1,68.31882547
267,CC(C)C1C(O)C1(C)C,43.93933264
268,CC(C)C2C1CC(=O)C12,58.00325268
269,CC(C)C1C2C=CC1O2,56.52562374
270,CC1(O)CC12CC(=O)O2,50.69749729
271,C#CCC1(C)OC1C=O,77.05454715
272,CC2(CC1CCO1)CO2,56.93064529
273,CC14C3OC2C1C2C34C,45.07828835
274,C1=CC2C3OCC1C23,53.86955952
275,CC12CC(C)(O1)C23CC3,40.64755514
276,CC13OC2C1OCOC23,27.7405316
277,C#CC13CC2OC1(C)C23,52.32364866
278,CC13OCC1(O)C2OC23,60.46476823
279,CC13OCC1(O)C2OC23,47.27192222
280,CC1C2C(=O)CCC12O,63.60097782
281,C#CC12OC(C)C1C2C,47.15729374
282,CC2CC1(O)C(C)C1O2,63.86804516
283,CC2C1COC1C2(C)O,64.54035499
284,C#CC1OC1C(O)CC,47.93622943
285,COC13C(C)C1C2CC23,34.38994864
286,OCC12CC=CC1(O)C2,42.63627088
287,COC12CCC1COC2,51.52732216
288,C#CC1(O)C(O)C1CO,75.09321151
289,CCC1CC(C)=CC1=O,68.67151826
290,OCC2CC1C(O)C1O2,56.84584094
291,COC1CC2CC1C2O,62.17709215
292,C#CC1=CC(CO)CC1,48.47252251
293,C#CC1=CC(CO)CC1,36.00775293
294,O=CCCC#CCCO,95.24061953
295,CCCC(C)(O)CC=O,45.34095877
296,CC1(O)CC1(O)CCO,72.92808472
297,CCCC1(CCO)CO1,55.81475674
298,OCCC1C(O)CC1O,74.75436268
299,CC(C)=C[C@H]1c2c(O)cc(C)cc2Oc2cc(C)c(C(=O)O)c(O)c21,107.5138412
300,O=[N+]([O-])c1ccccc1NCCCCNc1ccccc1[N+](=O)[O-],157.0740636
301,O=C1CC[C@](c2ccccc2)([C@]2(c3ccccc3)CCC(=O)O2)O1,124.1746177
302,O[C@H]1C[C@H](O)[C@H](O)C[C@@H]1O,159.8484397
303,CC(=O)[C@@]1(C)C(c2ccccc2)=Nc2c1c(=O)oc1cc(N(C)C)ccc21,126.4793568
304,C=CC(=O)[C@H]1C[C@H]2O[C@@H]1Cc1c(C)c(OC)c(OC)c(OC)c12,123.9628026
305,O=C(O)c1ccc[nH]c1=O,108.5531936
306,CC(C)CCOC(=O)/C=C/c1ccc(O)c(O)c1,130.4665716
307,COc1ccc(OC(=O)c2ccccc2)c2c1C[C@@](SC)(C(C)=O)C[C@@H]2OC(=O)c1ccccc1,137.9431447
308,CC1(C)C(=O)C[C@@H]2O[C@@]3(C)C4=CC[C@@H](c5ccoc5)[C@]4(C)C[C@H]4OC(=O)C[C@@H]1[C@@]2(C)[C@@H]43,140.7917902
309,COC(=O)C/C(=C\c1ccc([N+](=O)[O-])cc1)C(=O)OC,113.1414599
310,O=C(O)c1cccc([N+](=O)[O-])c1C(=O)O,123.65979
311,COCCN1C(=O)c2ccccc2C1=O,103.4153643
312,Cc1cccc2sc(N)nc12,102.3109117
313,CC1(C)CC(=O)[C@H]2[C@@H]3CCC[C@@]32C(=O)C1,99.47633901
314,CNC(=S)N/N=C/c1ccc(C)cc1,114.8008576
315,O[C@H]1[C@H](O)[C@@H](O)[C@H](O)[C@H](O)[C@H]1O,167.9466751
316,CC(=O)/C=C/c1ccccc1N1Cc2ccccc2C1=O,137.0335709
317,Fc1cc(F)c(-c2c(F)cc(F)cc2F)c(F)c1,21.33162867
318,C=CCc1ccccc1O/C(=N/c1ccccc1)c1ccccc1,124.3241127
319,c1ccc2sc(SCCSc3nc4ccccc4s3)nc2c1,157.9542214
320,CN(c1ccccc1)N1C(=O)c2ccccc2C1=O,97.83145468
321,CC(C)(C)C1=CC(=O)C(C(C)(C)C)=CC1=O,81.25338109
322,CCOc1cc(C(=O)O)c(OCC)cc1C(=O)O,140.5009518
323,CC(=O)N[C@@H](C)C(=O)O,110.4876347
324,Cn1nc(-c2ccccc2)cc1CO,118.8650092
325,CC(=O)Nc1cc(=O)[nH]c(=O)[nH]1,137.7594339
326,Fc1c(F)c(F)c(/C=C/C=C/C=C/c2c(F)c(F)c(F)c(F)c2F)c(F)c1F,13.87182696
327,N/C(=N\[N+](=O)[O-])N[N+](=O)[O-],87.70694858
328,O=C1C[C@H]2[C@@H](N1)c1ccccc1N1C(=O)CC[C@H]21,133.225381
329,Cc1ccc([N+](=O)[O-])cc1N,89.81306054
330,COc1ccc(C(=O)Nc2ccccc2)cc1,123.4080342
331,Cc1cccc(-c2nnc3cc(-c4ccccc4)nc(C)n23)c1,139.7482968
332,CC(C)Cc1ccc([C@@H](C)C(=O)O)cc1,112.6668734
333,CC(=O)C[C@@H]1CCC/C1=C(/C=C/c1ccccc1)c1ccc(C(F)(F)F)cc1,97.84284256
334,N#Cc1c2cc(F)ccc2c(-c2ccc(F)cc2)c2c(C#N)c3cc(F)ccc3c(-c3ccc(F)cc3)c12,133.7075511
335,ON=C1c2ccccc2-c2ccccc21,104.3988817
336,c1ccc2nc3cc4c(cc3nc2c1)[C@H]1c2ccccc2[C@@H]4c2ccccc21,139.8560197
337,CNc1c(C)cc(C#N)cc1C,96.26285636
338,COC(=O)c1ccc2ccccc2c1O,81.79698692
339,N#CC[C@]12CCC[C@H](OO1)O2,88.35781925
340,Cc1cc(C)c(C2=C3C(=[SH]c4ccccc43)c3cc4c(cc32)=C2[SH]=c3ccccc3=C2C=4c2c(C)cc(C)cc2C)c(C)c1,193.019979
341,COc1ccc([C@@H]2C(=O)O[C@@H]3OCC[C@@H](c4ccccc4)[C@@H]32)cc1,120.4612079
342,c1ccc(C(Nc2nncs2)Nc2nncs2)nc1,174.083368
343,O=C1Nc2ccccc2Cc2ccccc21,109.9726016
344,O=S(=O)(/C=C/c1ccccc1)CS(=O)(=O)/C=C/c1ccccc1,161.6289558
345,Cc1ccc(C(=O)Oc2ccccc2C)cc1,96.58263213
346,S=C(NN=C1CCCC1)Nc1ccccc1,115.7207224
347,Fc1ccc(/C=N/c2ccc(F)cc2F)cc1,64.51210915
348,COc1cc(O)cc(OC)c1C=O,130.0311163
349,COc1ccc2c(c1)CC[C@H]1[C@H]2CC[C@@]23C(=O)OC[C@@H]2CC[C@H]13,129.9129239
350,O=C1C[C@@H](c2ccccc2)C(=O)O1,90.9208975
351,c1ccc2sc(-c3ccc(-c4nc5ccccc5s4)cc3)nc2c1,156.2726151
352,[O]N1c2ccccc2[N][C@]12CC[C@@]1(CC2)[N]c2ccccc2N1[O],129.4725948
353,CC(C)c1ccc(O)cc1,83.72397101
354,N#C[C](C#N)c1ccc([C](C#N)C#N)cc1,116.5933407
355,c1ccc(OCC(COc2ccccc2)(COc2ccccc2)COc2ccccc2)cc1,136.5922017
356,Cn1c(=O)n(C)n(C)c1=O,68.95720638
357,CCOC(=O)[C@]12C[C@@H](c3ccccc3)c3ccccc3[C@H]1c1ccccc1OC2=O,125.7449098
358,CCOC(=O)c1nccn1C,97.22891628
359,Cc1cc(N)n(-c2ccc(C(F)(F)F)cc2)n1,74.23764922
360,COC(=O)[C@H]1[C@H]2C=C[C@H](C2)[C@]1(C(=O)OC)[C@@H]1C(=O)c2ccccc2[C@H]1C,103.3818805
361,c1c#cc2cnccc2c#cc2ccccc2c#cc2ccncc2c#1,143.9210093
362,CC1(C)O[C@@H]2O[C@H]3CSC(=S)O[C@H]3[C@@H]2O1,107.6219563
363,COc1cc(CCc2cc(OC)c(C)cc2OC)c(OC)cc1C,135.806758
364,Cn1c2c(c3ccccc31)C(c1ccccc1)=CC2(c1ccccc1)c1ccccc1,150.0208253
365,O=C(Oc1cc2ccccc2oc1=O)c1ccccc1,117.1133174
366,CO[C@@H]1[C@H](OC)O[C@H]2CO[C@H](c3ccccc3)O[C@@H]2[C@H]1OC,98.44023169
367,c1ccc(-c2cc(OCCOc3cc(-c4ccccn4)nc(-c4ccccn4)c3)cc(-c3ccccn3)n2)nc1,207.8410875
368,c1ccc(Cn2cc(-c3cccc(-c4cn(Cc5ccccc5)nn4)n3)nn2)cc1,181.1789202
369,O=C(O)CC[C@H]1CCCC(=O)C1,109.7890606
370,CC1(C)OC(=O)[C](/C=[NH+]/c2ccc(CC#N)cc2)C(=O)O1,132.8154323
371,C#CCOC1=CC(=O)c2ccccc2C1=O,117.2710365
372,O=C(c1ccccc1)c1ccccc1,88.64365451
373,N[C@H](c1ccccc1)[C@H](N)c1ccccc1,110.0983562
374,CC(C)=C1C(=O)C[C@@]2(C)C/C=C(\C)CC[C@H]3O[C@]3(C)CC[C@H]12,104.1337371
375,CCCC,38.81819732
376,CC(=O)C(C(=O)c1ccccc1)=C1SCCS1,131.4672146
377,COc1ccc(CN2C(=O)CC[C@@H](O)[C@H]2NC(C)=O)cc1,148.9503474
378,CC[C@@H](C)[C@H]1NC(=O)/C(=C(/C)NNc2ccc([N+](=O)[O-])cc2[N+](=O)[O-])C1=O,166.4520963
379,CC1(C)O[C@@H]2O[C@@H]3CN(Cc4ccccc4)[C@@H]3[C@@H]2O1,96.85858109
380,OCCOc1ccccc1-c1ccccc1O,124.1095953
381,N#CC(C#N)c1ccc(N)cc1,111.9767439
382,C=C1[C@H]2C[C@@H]3c4c(c5ccccc5n4C)C[C@H](C2=O)N3[C@@H]1C,119.1752726
383,C/C(=C\c1ccc([N+](=O)[O-])cc1)C(=O)O,114.174704
384,O=c1[nH]nc2n1CCCCC2,99.83179446
385,CC(=O)C1=C[C@@H]2C[C@H](C1)CN1CC[C@@]3(O)c4ccccc4N[C@@]213,143.6693123
386,Cc1ccc(O)c(CN2CCN(Cc3cc(C)ccc3O)CC2)c1,128.0360187
387,[O][S@H]1S[C@@H]2C=CC=C[C@H]1C2,98.1803179
388,CC[C@]12c3ccccc3[C@]3(CC)c4ccccc4[C@@]1(CC)[C@]23CC,106.1433177
389,CCCCCCOC1=C/C(=C2/C=C(OCCCCCC)c3ccccc3C2=O)C(=O)c2ccccc21,203.7893301
390,CC#N,49.22271713
391,CCOC(=O)C1=C[C@@H](C)[C@@]2([S@H]([O])c3ccc(C)cc3)C(=O)O[C@H](OCC)[C@@H]12,109.8061268
392,O=C(c1ccccc1)C(F)(F)F,30.53277734
393,C(=C\c1cccc2ccccc12)\C=C\C=C/c1cccc2ccccc12,159.5146747
394,Cc1ccc2oc(C)cc(=O)c2c1,93.25506349
395,[NH3+][C@@H](CO)C([O])=O,151.5678433
396,C[C@@H]1Cc2c(C(=O)O)ccc(O)c2C(=O)O1,116.1676729
397,C[C@H]1CCN(Cc2ccccc2)[C@@H]2CCCC[C@H]2N[C@H](C)CCN(Cc2ccccc2)[C@H]2CCCC[C@@H]2N1,141.7283543
398,S=c1cnccn1CCSc1cnccn1,125.378973
399,O=C(c1ccccc1)N1CCCc2cc(-c3ccccc3)c3ccccc3c21,160.2132676
400,CCOC(=O)COc1cc(OCC=C(C)C)ccc1C(C)=O,141.4903676
401,Cc1ccc2cc(C)c3ccccc3c2c1,100.6679318
402,COc1cc(/C=N/O)ccc1O,93.11185459
403,CC(=O)Nc1ccc(O)cc1,116.8823878
404,Fc1c(F)c(F)c(C(F)(F)C(F)(F)c2cccc3ccccc23)c(F)c1F,21.4046727
405,Cc1ccsc1/C=N/CC/N=C/c1sccc1C,144.2904098
406,CCCOc1cc2c3ccccc3nc-2c[nH]1,112.397686
407,O[C@H]1COCC[C@@H]1c1ccccc1,98.31805068
408,C[C@@](O)(C#CC#C[C@](C)(O)c1ccccc1)c1ccccc1,152.9822947
409,O=C1[C@H]2COC[C@@H]1[C@H]2Oc1ccccc1,100.4472293
410,CC(=O)Nc1ccc(C(=O)O)cc1,125.4630013
411,O=C1/C=C(/c2ccccc2)OCC[C@H](c2ccccc2)O1,120.9580947
412,Cc1ccc(N2C[C@@]3(C[C@H](c4ccccc4)N(C(C)(C)C)O3)C2=O)cc1,124.2972594
413,O=[N+]([O-])c1ccc(O)cc1,86.52025111
414,C[C@H]1CC[C@@H](O)[C@@]2(O)CC[C@@H](c3cc3=O)C[C@]12C,148.1103542
415,CNC(=O)c1cc(Oc2ccc(NC(=O)c3cccc(OC)c3)cc2)ccn1,169.9754552
416,C=C[C@@H]1C[C@H]2Cc3ccccc3N1O2,88.07501513
417,CCC1=C(O)C([O])=CCN1N1CCOCC1,114.5382386
418,COC(=O)[C@]12C3([C@H]4C[C@@H]5C[C@@H](C[C@H]3C5)C4)[C@@]1(C(=O)OC)C21[C@H]2C[C@@H]3C[C@@H](C[C@H]1C3)C2,116.199447
419,COc1cccc2c1[C@H](Cc1ccccc1)C(=O)N2C,107.5731908
420,O=C1c2ccccc2-c2ccc(N3CCN(c4ccccc4)CC3)c3cccc1c23,167.8439141
421,Cc1ccc(C(=O)/C=C/C=C/c2ccccc2)cc1,126.5601668
422,CCOC(=O)C(C(=O)OCC)=C1OC(=O)c2ccccc21,120.669134
423,N#Cc1cccc2ccccc12,84.48980738
424,COc1cccc(OC)c1C(=O)O,114.1840029
425,C(#Cc1ccc(C#Cc2ccc3ccccc3c2-c2c(C#Cc3ccc(C#Cc4ccccc4)s3)ccc3ccccc23)s1)c1ccccc1,238.0750911
426,C(/C=N/N1CCc2ccccc21)=N\N1CCc2ccccc21,141.0024298
427,COC(=O)[C@]12CCCCCCCCC[C@@H](C1=O)[C@@H](O)C[C@@H]2C,111.7789082
428,CC1(C)[C@H]2CC[C@]1(C)[C@@H](O)[C@H]2[C@H](O)c1ccco1,103.1396928
429,O=C(c1ccccc1)[C@H]1O[C@]12C(=O)Nc1ccccc12,126.5714932
430,CC1(C)O[C@]23C(=O)[C@@H](O)[C@]4(C)C=C[C@@]2(C)[C@H](O)C(=O)[C@@]43O1,117.8032192
431,COC1=C[CH]C=CC2=Cc3ccc4ccc5ccccc5c4c3[C@@H]21,120.416448
432,COc1cc(O)c(C(=O)C(C)C)c2c1[C@@H]1C[C@@H](C(C)C)C=C[C@]1(C)O2,94.10661698
433,CSC[C@@H]1O[C@H](OC(C)=O)[C@@H](OC(C)=O)[C@H]1OC(C)=O,99.25433979
434,C[NH2+]CC([O])=O,119.6907582
435,C(=C/C=C/c1ccc2ccccc2c1)\C=C\c1ccc2ccccc2c1,166.8897039
436,COc1c(C)c(O)c2c(=O)cc(C)oc2c1C,96.62616248
437,Cc1ccc(C)c2c1C[C@H]1C[C@H](c3cccc4ccccc34)N2O1,119.7378226
438,N#Cc1cc(C#N)cc(C#N)c1,96.35272773
439,Cc1ccc2nc(C(F)(F)F)c3ccccc3c2c1,73.99069195
440,CN1N=N[N]C1=S,174.6536941
441,Cc1cc(=O)oc2cc(N)ccc12,114.8622573
442,O=C1C[C@@H]2[C@H](O1)O[C@H]1OCC[C@@H]21,99.24759921
443,CC(=N\c1c(-c2ccccc2)cc(-c2ccccc2)cc1-c1ccccc1)/C(C)=N/c1c(-c2ccccc2)cc(-c2ccccc2)cc1-c1ccccc1,216.5212606
444,C[C@@H]1SC(=S)N[C@@H]1C,103.8712743
445,O=C1O[C@]23C(=C[C@]14CCC1(OCCO1)[C@]41C=C[C@H]2O1)CC[C@@H]3O,106.2913902
446,CC(C)(C)CCc1nc2c(CCC(C)(C)C)ncnc2[nH]1,141.6007464
447,C[C@@H]1CC[C@H]2[C@](C)(CO)[C@H]3C[C@@]12CC[C@@]3(C)O,103.8960483
448,O=CN[C@@H](O)[C@@H](O)NC=O,145.9029213
449,Cc1cc(C)c(Sc2ccccc2C(=O)O)c(C)c1,139.1012545
450,Cc1ccc(C(=O)c2ccccc2C(=O)O)cc1,127.3481974
451,CC(=O)Nc1ccc(O)cc1,118.8456981
452,CCOC(=O)c1ccc(-n2nc(C)cc2N)cc1,128.6166977
453,CC(=O)Nc1cccc(C)c1,95.28616863
454,CC(=O)CCC(=O)O,91.35966635
455,[O]C(=O)C1=CNCN1,230.0895544
456,Cc1nnc(SCc2ccccc2CSc2nnc(C)s2)s1,169.7916016
457,COC(=O)C1(C(=O)OC)CC=C[C@@]23CCCC[C@@H]2C(=O)C=C13,111.6207944
458,CCOC(=O)CC1=C(C(=O)OCC)[C@@H](c2ccccc2O)NC(=O)N1,166.7383486
459,Cc1nn(-c2ccccc2)c2nc(N)c(C#N)c(-c3ccc(N(C)C)cc3)c12,164.1022403
460,CC(C)c1ccc(O)cc1,83.64620393
461,[O]C(=O)c1ccc([N+](=O)[O-])cc1,137.2902109
462,C#Cc1cc2ccc1CCc1ccc(cc1C#C)CC2,105.1609761
463,CCOc1ccc(NC(C)=O)cc1,111.3306262
464,CN1CCCO/C(CO)=C\C1=O,109.8947959
465,C=C[C@@H]1C[C@]2(C(=O)OCC)CCCC[C@]2(O)O1,100.0074937
466,N#CCCn1ccnc1,99.62153361
467,CCc1[nH][nH]c(=O)c1C,123.3229004
468,S=C=NC(c1ccccc1)c1ccccc1,103.6499775
469,CCCCO,63.21010706
470,COc1ccc([C@@H]2c3ccccc3CC[C@H]2c2cc(C)ccc2C)cc1,131.1454556
471,N#CCNCC#N,105.6457723
472,Nc1nc(N)nc(N)n1,111.9966569
473,[NH2+]=C(N[N]C(=S)N1CCCC1)c1ccccn1,140.6277768
474,CCOC(=O)c1oc2ccccc2c1O,78.25305969
475,COc1ccc(C(=O)c2nc3ccccc3c(=O)[nH]2)cc1,121.5780748
476,CC1(C)[C@H]2C[C@@H]1[C@]1(C)O[S@H]([O])O[C@@H]1C2,76.04994476
477,COC(=O)[C@H]1[C@H]2C=C[C@@]3(O2)[C@H](C(C)(C)C)OC(=O)[C@H]13,99.1862383
478,Cc1ccc(-c2nnn3c(-c4ccc(C)cc4)cc4nc5ccccc5nc4c23)cc1,159.6076578
479,O=C1C[C@H]2[C@@H](O1)[C@@H](O)[C@@]2(O)CO,135.4091695
480,CC[C@]1(O)C(=O)O[C@H]2[C@@H]3O[C@@]3(C)CC[C@@H]3O[C@@]3(C)C[C@H](OC(C)=O)[C@@H]21,121.8370768
481,C[C@]12C[C@@]1(C)N([N+](=O)[O-])C(=O)N2[N+](=O)[O-],73.56386193
482,CCCCNC(=S)c1ccncc1,123.2532621
483,Fc1c(F)c(F)c2c3ccc4ccccc4c3c3c4ccccc4ccc3c2c1F,104.4476247
484,Cc1ccc2c3c(ccc2c1)C(=O)c1c(ccc2c1N[C@H]1C[C@@H]2O[C@@H](C)[C@@H]1O)C3=O,171.318958
485,CCNc1ccc(C(=O)OCC)cc1[N+](=O)[O-],107.5106769
486,OCC(F)(F)C(F)(F)C(F)(F)CO,24.23971163
487,C[C@@H]1O[C@@H]2O[C@H]1C=Cc1cccc(O)c12,104.6470662
488,c1ccc2c(c1)-c1ccccc1-2,79.33651358
489,CC1(C)O[C@H]2[C@H](O)[C@H](CO)O[C@@]2(CO)O1,105.3976352
490,CC(C)=C1[C@@H]2C=C[C@H]1C1=C2c2ccccc2C2=C(c3ccccc31)[C@H]1C=C[C@@H]2C1=C(C)C,141.6895361
491,c1ccc(SCc2cccc(CSc3ccccc3)c2)cc1,159.8662169
492,Cc1ccccc1/C=C/C(=O)c1ccc(-c2ccccc2)cc1,142.4329559
493,COC(=O)c1cc(O)c(O)c(O)c1,110.2215187
494,c1csc(SCc2ccc(CSc3nccs3)cc2)n1,171.5322382
495,[OH+]=[S@@H+]([S])Sc1cccc2ccc[c]c12,109.119477
496,O=C1CCc2cccc(O)c21,78.3011148
497,O=C(OCc1c(F)cc(F)c(F)c1F)c1cc(C#Cc2ccccc2)c(C(=O)OCc2c(F)cc(F)c(F)c2F)cc1C#Cc1ccccc1,79.0699705
498,CCn1oc(=O)cc1-c1cccnc1,102.2741096
499,O=C1CC2(CCCCC2)CC(=O)N1,101.1753564
500,CC(=O)Oc1cccc2oc(N)c(-c3ccc(C)cc3)c12,119.2361375
501,c1ccc([C@H]2OC[C@H]3S[C@@H]4CO[C@H](c5ccccc5)O[C@@H]4[C@H]3O2)cc1,128.6034293
502,CO[C@H](C[C@H](C)CCO)[C@@H]1OC(C)(C)OC[C@@H]1O,104.3526979
503,CC(=O)[C@]1(C)C[C@@H]2O[C@H]1Cc1ccccc12,102.1883864
504,Cc1nn([C@@H]2C[C@@H](O)[C@H](CO)O2)c(N)nc1=O,178.2274089
505,CC/C(=C(\c1ccccc1)c1ccncc1)c1ccccc1,116.7633277
506,Cn1c(-c2ccccc2)c(-c2ccccc2)ncc1=S,123.2210675
507,CCOC(=O)C[C@H]1CC[C@@H]([N+](=O)[O-])[C@H](c2ccccc2)[C@@]1(C)[N+](=O)[O-],110.4908168
508,C[C@@]12C[C@@H]3C[C@@H]4CCC(=O)C=C4C[C@H]3C[C@H]1CC[C@H]2O,132.1675134
509,COc1ccc(N([O])[C]2COO[C@@]2(C)c2ccccc2)cc1,120.8827036
510,Cc1cc2c3ccccc3c3c(C#N)cccc3c2s1,132.1600943
511,Nc1cc(/N=C/c2ccccc2O)ccc1[N+](=O)[O-],119.0328491
512,N#Cc1ccc(/C=N/CCC/N=C/c2ccc(C#N)cc2)cc1,152.8137433
513,Oc1ccc(C(O)(O)C(O)(O)c2ccc(O)cc2)cc1,163.1525661
514,COC(=O)c1ccc(-c2ccc(C(=O)OC)cc2[N+](=O)[O-])c([N+](=O)[O-])c1,111.8792739
515,N#CC1=C([NH])n2c3c(c(=O)n(-c4ccccc4)c-3nc3ccccc32)[C@H]1c1ccccc1,159.4657698
516,COc1ccc(C2=C(CC=C(C)C)C([O])=C3C(=C4C=CC(C)(C)OC4=CC3O)O2)c(OC)c1,137.2129233
517,N#Cc1c(F)c(F)c(C#N)c2c1NCCN2,107.8624593
518,CCCCCCOc1ccc(OCCCCCC)c2cc3cc4c(F)c(F)c(F)c(F)c4cc3cc12,138.8748646
519,C=CCOC(=O)CCC(=O)OCC=C,95.76574327
520,CC(=O)[C@]12C[C@H]3[C@@H]4C[C@]56C[C@]7(C(C)=O)C[C@H]8[C@@H]9C[C@](C1)([C@@H]3[C@H]85)[C@H]([C@@H]4C2)[C@H]6[C@@H]9C7,135.3645301
521,NC(=O)CCn1ccc(-c2ccccn2)n1,136.6897814
522,COc1ccc(-n2cc(-c3ccccn3)nn2)cc1,118.7834948
523,NCCN,63.36456996
524,O=C(O)[C@@H](O)[C@H](O)C(=O)O,107.9275724
525,c1ccc(-n2c3ccccc3c3cc4c(cc32)c2ccccc2n4-c2ccccc2)cc1,144.5384851
526,Fc1ccc([C]2C[C@H](c3ccc(F)cc3)N(c3nc(-c4ccc(F)cc4)cc(-c4ccc(F)cc4)n3)[N]2)cc1,150.0264862
527,COC(=O)C1=C(C(=O)OC)[SH]=C(C2=[SH]C(C(=O)OC)=C(C(=O)OC)S2)S1,149.2639899
528,CC[C@H]1NC(=O)C[C@@H]1O,119.1046197
529,CCCNC(=O)NC(=O)CCC(C)C,113.5269728
530,CN1CC(=O)N[N][C]1c1ccccc1,106.6287377
531,C[C]([N][N][C]([C]([N]/N=C(\C)c1c[nH]c2ccccc12)c1ccccc1)c1ccccc1)c1c[nH]c2ccccc12,200.2390774
532,O=C1C2=Cc3ccccc3O[C@H]2C/C1=C\c1ccccc1O,150.963985
533,OC[C@H]1O[C@@H](O)[C@H](O)[C@@H](O)[C@H]1O,145.8180998
534,O=C1OC2(CCCCC2)/C(=C/c2ccccc2)S1,111.7943195
535,CCOC(=O)c1ccc(-n2cc(C3CC3)nn2)nc1,112.1871876
536,C[C@@H](c1ccccc1)N1CCCSC1=S,125.7849987
537,O=C1CCC=C1O,72.39391243
538,COc1ccc(CNC(=O)COc2cc(=O)oc3ccccc23)c(OC)c1,176.0494932
539,N#CCSc1nnc(SCC#N)s1,144.2854675
540,N#C[C](C#N)c1cc(F)c([C](C#N)C#N)c(F)c1,99.96225646
541,COC(=O)[C@H]1CCC(=O)N[C@@H]1c1ccccc1,114.4038905
542,CS[C@]1([C@](C)(O)C(C)=O)CCC[S@H]1[O],106.1127846
543,COc1ccccc1/C=C1\N=C(c2ccccc2)OC1=O,114.7194662
544,C[C@H]1[C@@](C)(O)CCC[C@]1(C)C#N,91.69405941
545,c1ccc(SCc2nc(CSc3ccccc3)c(CSc3ccccc3)nc2CSc2ccccc2)cc1,243.2396224
546,[NH3+]CC([O])=O,134.9578772
547,CC1=C(O)C([O])=CCN1C,109.7480872
548,CCOC(=O)COc1ccccc1-c1ccccc1OCC(=O)OCC,145.2512292
549,C[C@H]1c2ccccc2C(C)(C)C[C@H]1c1ccccc1,103.5778851
550,CSc1nc2ccccc2[nH]1,107.2249654
551,C1=C[N]C2=c3ncccc3=C([N]c3ccccc3)C2=C1,117.269059
552,C#CCO[C@]12C[C@H]3C[C@H](C[C@H](C3)C1)C2,88.96771575
553,CCOC(=O)N1C[C@H]2[C@@H](CO1)[C@H](C1OCCO1)C2(C)C,101.3383061
554,CC1(C)CC(=O)C2=C(C1)O[C@@]1(C)[C@@H]2CC(=O)N1c1ccccc1,119.8980084
555,O=C[C@H]1[C@@H]2CC(=O)CO[C@@H]2O[C@H]1c1ccccc1,108.9619466
556,CC(=O)O[C@@H]1[C@@H](C)CC(=O)O[C@@H](c2ccccc2)[C@H]1C,104.4771575
557,c1cncc(Oc2ccc(Oc3cccnc3)cc2)c1,120.837403
558,c1cc2cccc3c2c(c1)[C@H]1[C@@H]2c4cccc5cccc(c54)[C@@H]2[C@@H]31,128.1319388
559,CCOC(=O)C(=O)Nc1ccc(NC(=O)C(=O)OCC)cc1,140.8429375
560,FC(F)(F)Cc1c(C(F)(F)F)nnn1-c1ccccc1,36.34577607
561,Cc1ccc2nc(/C=N/c3ccccc3C)cc(C)c2c1,121.8655086
562,CCCOC(=O)CCC(=O)OCCC,101.5980891
563,CON1C(=O)CCC1=O,80.94785308
564,C1=[SH]c2c(sc3c(-c4csc5c4sc4ccsc45)csc23)C1,170.5603531
565,CCCCC(=O)[C@@]12CC[C@@H](C=C1C(=O)OC)[C@H](CCC)[C@]21OC(=O)C2=C[C@@H]3CC[C@@]21OO3,119.8464477
566,CC(C)[C@@H](C(=O)O)N1Cc2ccccc2C1=O,137.2438648
567,CC1(C)O[C@H]2[C@H](O)OC[C@@]2(c2ccccc2)O1,97.45288456
568,CCOC(=O)/C=C(/c1ccccc1)N1C(=O)c2ccccc2C1=O,127.2162174
569,CC(C)(C)[C@@H]1O[C@H]1[C@@H](O)c1ccc(F)cc1,78.1508006
570,C[C@@H]1C(=O)C[C@@H](c2ccccc2)N(C)[C@H]1c1ccccc1,110.9823901
571,CC1=CC(=O)O/C1=C\c1ccccc1C,99.65940958
572,O=C1N[C@@H]2C/C=C\C[C@H]1NC2=O,118.7745203
573,O=[N+]([O-])c1ccc(OCCOc2ccc([N+](=O)[O-])cc2)cc1,131.2987618
574,CCOC(=O)[C@H]1[C@@H](S(=O)(=O)c2ccc(C)cc2)C12CCCCC2,126.5981004
575,[O]N([N]c1nonc1N[N+](=O)[O-])c1nonc1N[N+](=O)[O-],114.6767331
576,Cc1ccc(S(=O)(=O)OC[C@H](C)c2ccccc2)cc1,114.9573911
577,CC(=O)/C=C(\O)c1cc2cc([N+](=O)[O-])ccc2oc1=O,105.1643176
578,CCCCCC/C=C/C(=O)O,106.0516984
579,NC(=O)CC[C@H]([NH3+])C([O])=O,197.5706969
580,O=C(NCc1ccccn1)c1cnc(C(=O)NCc2ccccn2)cn1,168.8618408
581,O=C(O)C[C@@H]1CC[C@H]2CC(=O)CC[C@@H]2C1,119.1484019
582,CO[C]1[N][C@@H]2C(=O)N3[C@H](C(C)(C)C)OC[C@]13[C@@H]1C(=O)N(c3ccccc3)C(=O)[C@H]21,103.2609982
583,c1ccc(CN2CCCc3cc(-c4ccc5c(c4)CCCN5Cc4ccccc4)ccc32)cc1,202.4263692
584,C[C@H]1[C@H]2CC[C@]3(O2)[C@@H]1C(=O)N(c1ccccc1)[C@@H]3c1ccccc1C=O,125.982509
585,CCCCCc1c2c(c(-c3ccccc3)c3c(C(C)=O)c(C)oc13)-c1ccccc1C2,159.716747
586,CSc1cc(-c2ccccc2)ccc1C(=O)O,134.6725535
587,c1ccc(Cn2cc(CCCCc3cc4ccccc4o3)nn2)cc1,170.5919661
588,COc1cc(-c2cc(-c3ccccc3)nc(N)c2C#N)cc(OC)c1O,134.5335696
589,C=C1CC=C[C@]2(C)C[C@]3(O)OC(=O)C(C)=C3C[C@@H]12,120.1244333
590,O=Cc1ccc(O)cc1,97.60472664
591,CSc1ccc(SC)c2ccccc12,112.2070673
592,C=CCc1c2nc(c(-c3ccc(C)cc3)c3ccc([nH]3)c(CC=C)c3nc(c(-c4ccc(C)cc4)c4ccc1[nH]4)C=C3)C=C2,203.6834433
593,CCn1c2c(c3c4c(c5c6sccc6n(CC)c5c31)N=[SH]N=4)[SH]=CC=2,149.4843223
594,c1ccc(CNc2ccccc2/N=N/c2ccccc2NCc2ccccn2)nc1,167.0910366
595,O=C1OC(=O)c2c1ccc1ccccc21,87.51156023
596,C=CCSCC=C,62.91311814
597,c1ccc([N]c2cc(Nc3ccccc3)c([N]c3ccccc3)cc2Nc2ccccc2)cc1,176.9792458
598,CC(C)(C)OC(=O)C(C)(C)C(=O)c1ccccc1,86.33843269
599,CCN1C(=S)N2CCCCN3[C]2[SH]1N(CC)C3=S,140.4016223
600,COc1cc(/C=C2\N=C(c3ccccc3)OC2=O)cc(OC)c1OC,128.7944461
601,S=C1[N]N=NN1c1ccccc1,186.7188259
602,CCC[S@H]([O])CC[S@H]([O])CCC,138.1201457
603,N#C/C(Cc1ccccc1)=C(/N)c1cccnc1,145.3573102
604,O=c1c2nc[nH]c2nc2n1[C@@H](O)[C@H](O)N2,204.5982713
605,c1ccc2c(c1)CC[C@@H]1c3ccccc3-c3ccccc3[C@H]21,110.6313907
606,S=c1[nH]nc(Cc2ccccc2)n1-c1ccccc1,120.8345894
607,Cn1nc(-c2ccccc2)oc1=O,81.30006729
608,CC1C=CC2=C(C3=C(c4ccccc4)C(C4C=CCC=C4)=C(C4C=CCC=C4)[C@H]3c3ccccc3)OC(=O)C2=C1,164.3375249
609,O=C1CCC[C@@H](C[C@@H](O)CCO)N1,155.4692706
610,Cc1ccccc1-c1nc2ccccc2c2cnnn12,123.4791946
611,CSC1=C(SC)SC(=C2SC3=C(CSCCOCCOCCSC3)S2)S1,202.0642598
612,CC(=N\c1c(C)cc(C(C)(C)C)cc1C)/C(C)=N/c1c(C)cc(C(C)(C)C)cc1C,140.2619034
613,O=C(O)[C@@H](O)c1ccc(F)cc1,96.37187075
614,O=C1N[C@@]2(O)C(=O)c3ccccc3[C@@]2(O)N1,141.227112
615,c1ccc2ccccc2c1,69.68828766
616,COC(=O)[C@]1([C@H](OC(C)=O)C(C)C)[C@H](O)CC(=O)N1Cc1ccc(OC)cc1,148.4712412
617,CCNC(=O)NC(=O)CCC(C)C,115.7311049
618,COC(=O)c1ccc(-n2c(N)c(C#N)c3c4ccccc4ccc32)cc1,157.1008821
619,Cn1cnc2c3cccnc3c3ncccc3c21,135.6452703
620,Cc1cccn2c1nc1c(C#N)c(C#N)c(-c3ccc(C(C)C)cc3)c(-c3ccc(C(C)C)cc3)c12,187.3758199
621,CCCCOC(=O)c1ccnc(-c2cc(C(=O)OCCCC)ccn2)c1,156.2281678
622,Cc1ccc(CS/C(=C\C=C(/SCc2ccc(C)cc2)c2ccccc2)c2ccccc2)cc1,185.4167966
623,C=C(C)[C@H]1CC[C@@H](C)[C@@]23CC[C@@](C)(O)[C@]2(C1)O3,99.24790217
624,CC(C)(C)OC(=O)N[C@@H](C(=O)O)c1ccccc1,120.2956917
625,CN1CCN(/N=C/c2c[nH]c3ccccc23)CC1,121.3653162
626,Cc1cn(CC(N)=O)c(=O)[nH]c1=O,149.9671727
627,CC(C)[C@@H]1CC[C@@H](C)C/C1=N\NC(N)=S,115.8122049
628,CC#Cc1cn([C@@H]2C[C@@H](O)[C@H](CO)O2)c2nc(N)[nH]c(=O)c12,223.1320809
629,CCCCc1ccc(CCCC)c2cc3c(CCCC)ccc(CCCC)c3cc12,162.8953076
630,CCNC(=S)N1[N][C]2/C(=C\c3ccccc3)CCC[C@@H]2[C@H]1c1ccccc1,150.3157513
631,C=CC(N)=O,73.29665397
632,CC(C)(C)[C@@H]1C[C@H](C(=O)O)[C@H](O)C1,118.5811707
633,CCCCc1ccc(N[C@H]2OC(=O)c3ccccc32)cc1,140.2298774
634,[NH3+][C@@H](CO)C([O])=O,151.5807135
635,COc1ccc2c(c1OC)c(=O)n(Cc1ccccc1)c1c2nc2cc(C)ccn21,163.7295197
636,C[C@@H](NC(=O)OC(C)(C)C)[C@H]1CC[C@@H](C(=O)O)O1,89.32235299
637,COc1nc(N)nc(Nc2ccc(C)cc2)c1[N][O],124.8335293
638,C(#CC=C(c1ccccc1)c1ccccc1)C=C(c1ccccc1)c1ccccc1,162.3142779
639,COc1ccc2c(c1)C(C)(C)C[C@H]1c3ccc(OC)cc3C(C)(C)C[C@H]21,143.0091874
640,Cn1c(/C=C/c2nc3ccccc3n2C)nc2ccccc21,145.8907846
641,c1cc2ccc3c(ccc4ccsc43)c2s1,108.0722597
642,Cc1ccc(C(=O)c2ccccc2)c(=O)c(-c2ccco2)c1,129.2452859
643,O=C(O)Cc1cc(O)ccc1O,131.276463
644,O=c1[nH]c(=O)c2ccccc2[nH]1,115.0231311
645,[NH3+][C@H](CO)C([O])=O,162.2104786
646,CSc1cc(C(=O)c2ccccc2)oc1-c1ccc(S(C)(=O)=O)cc1,163.0199273
647,NC(=O)CC(N)=O,113.2444449
648,NC(=O)c1ccc(O)cc1,120.3843946
649,C[C@H](NC(=O)[C@H]([C@@H](C)O)[C@@H](N)c1ccccc1)c1ccccc1,131.3583575
650,COc1ccccc1Sc1ccccc1C(=O)O,133.0329212
651,CCOC(=O)[C](/C=[NH+]/c1cccc([N+](=O)[O-])c1)C(=O)c1ccccc1,129.61
652,C[C@@H](CCC(=O)O)C(=O)O,107.8997081
653,C(=N/CC/N=C/c1ccccn1)\c1ccccn1,114.7300784
654,N#C/C(=C\O)c1ccccc1,121.1828667
655,c1ccc2c(c1)Sc1ccccc1S2,101.3581404
656,CC(C)(c1ccc[nH]1)[C@@H]1CCCN1,104.1777901
657,CCOC(=O)c1ccc(Cc2c(OCC)ccc3ccccc23)cc1,141.1226677
658,C1CC2=C(C1)[SH]=C(C1=[SH]C3=C(CCC3)S1)S2,151.5886954
659,O=C(O)/C=C/c1ccccc1,97.63830194
660,C1CS[C]([N][N][C]2SCCS2)S1,133.9021982
661,C[C@@]12CC[C@@H]3[C@H](CC[C@@H]4C[C@@H](O)[C@@]5(O)C[C@]43CO5)[C@H]1CC(=O)C2,154.0579904
662,COc1ccc2c(c1)C[C@@]1(CCc3ccccc3O1)O2,112.6064255
663,C[C@H](/N=C/c1ccc2ccccc2c1)c1ccc(F)cc1,113.1410836
664,COC(=O)/C=C/c1ccc(OC)cc1,89.47152479
665,COc1ccc(/C=N/c2ccc(N(CCO)CCO)cc2)cc1,183.609762
666,CCNC(=S)N/N=C/c1ccc(C)c(C)c1,128.2752129
667,O=C1CC[C@@]2(c3ccccc3)Nc3ccccc3N12,113.6375807
668,COc1ccc([C@H]2C/C(=C(/C)C(=O)c3cccs3)Oc3cc4c(cc32)OCO4)cc1,151.9467135
669,O=C(O)c1ccc(Oc2ccc(F)cc2)cc1,99.13850377
670,c1cc2c(s1)CCC[C]2[C]1CCCc2sccc21,124.5329108
671,COC(=O)CCC(=O)OC,70.73123011
672,C[C@]12OC[C@H](c3ccccc3)N1C(=O)c1cc3ccccc3n1-c1ccccc12,128.606763
673,C/C=C/C=N/Nc1ccccc1[N+](=O)[O-],87.66725069
674,C[C@H](c1ccccc1)N1C[C@@]2(C)C[C@@](C)(C1=O)N(Cc1ccccc1)O2,118.1887094
675,O=C(O)C[C@@H]1CCCCCCCCCCC1=O,117.3579915
676,N#Cc1ccc([C@H]2[C@H](c3ccncc3)[C@H](c3ccc(C#N)cc3)[C@H]2c2ccncc2)cc1,210.2063737
677,Cn1nnnc1SCSc1nnnn1C,135.7296193
678,O=Cc1ccccc1OCCOc1ccccc1C=O,135.7427702
679,COC(=O)c1nnn2c1[C@H]1OC(C)(C)O[C@H]1[C@@H](O)C2,109.2598333
680,c1cc2ccsc2cn1,78.7969475
681,CC1=C[C@@]23C=C(C)C[C@@H](O2)[C@@H]2COC(=O)[C@@]23CC1,101.6672341
682,CC1(C)CC(=O)C(C)(O)C(=O)C1,85.89520422
683,CCOC(=O)C1=C(C)NC(=O)N[C@H]1c1ccco1,132.4342262
684,O=C1OCCN1C(=O)c1ccccc1,103.3292757
685,c1ccc(C(n2cccn2)n2cccn2)nc1,100.7919311
686,CC(C)[C@@H]1CC[C@@H]2[C@H]3CC[C@@H]4CCCC[C@@]4(C)[C@@H]3CC(=O)[C@@]12C,107.567184
687,CCC,29.85829944
688,COC(=O)Cc1[nH]nc2c1[C@H](c1ccc(OC)cc1)C(C#N)=C(N)O2,158.5212808
689,CCc1c(C)cc2c(c1O)c(=O)oc1ccccc12,105.4580144
690,c1ccc(-c2nnc(SCSc3nnc(-c4ccccc4)s3)s2)cc1,176.1617689
691,OC[C@H]1O[C@H](O)[C@H](O)[C@@H](O)[C@@H]1O,139.0629841
692,CCn1nc2ccccn2c1=S,89.00338361
693,CC(C)(C)C(=O)/C=C/c1ccc2c(c1)OCO2,101.762172
694,COC(=O)c1ccc(C(=O)N/N=C(\C)c2cnccn2)cc1,144.5957646
695,CCCCCc1nnn2c1C(=C(c1ccccc1)c1ccccc1)CC2,144.9906753
696,CCn1cc(C(=O)N/N=C/c2ccccc2)c(=O)c2ccc(C)nc21,148.8315767
697,Cc1ccc(C#Cc2nc3ccccc3nc2-c2ccc(C)cc2)cc1,142.3000137
698,COc1cc(C=O)ccc1OCCCCOc1ccc(C=O)cc1OC,154.6390766
699,COC(=O)c1nc(C(C)(C)NC(=O)OCc2ccccc2)nc(OC)c1O,132.3525456
700,CC(=O)O[C@H]1C[C@@H](C)[C@@]23CC=C(C)[C@@H](C[C@](C)(O)[C@H]12)C3,99.65765882
701,C[C@H]1CC[C@@H]([C@@H](O)[C@H](C)CO)C1,115.0547735
702,c1ccc(Cn2ccnc2)cc1,96.04309588
703,CC(=N\c1cc(C)ccc1C)/C(C)=N/c1cc(C)ccc1C,126.5719636
704,C1Cc2nnc3c4c(nnc(c24)C1)CCC3,121.0207278
705,Cc1cc(C)c(C(=O)c2c(C)c(C)c(C(=O)c3c(C)cc(C)cc3C)c(C)c2C)c(C)c1,158.2861584
706,Cc1cccc(Nc2nccc(-c3sc(N(C)c4ccccc4C)nc3C)n2)c1,156.5745634
707,CC(=O)O[C@H]1CCC(=O)O[C@H](C)[C@@H]1C,93.10824887
708,C1CN2CCN3CCN1C23,65.74341135
709,Cc1cc([N+](=O)[O-])ccc1O,94.84113609
710,COc1ccc(/C=C/C=C2\COc3ccccc3C2=O)cc1,134.4716148
711,C[C@@H]1CCCC(=O)CCC/C=C\c2cc(O)cc(O)c2C(=O)O1,123.2728231
712,COc1cccc(NC(=O)C(=O)Nc2cccc(OC)c2)c1,132.1130759
713,C=C[C@H]1c2cc(OC)c(OC)cc2N[C@@H]2[C@@H]1CC[C@]21C=CCNC(=O)C1,138.7819558
714,O=C(CCCOc1cccc2cccnc12)N/N=C/c1cccc([N+](=O)[O-])c1,150.0324351
715,C[C@H]1CC[C@H]2[C@@H](C)CC[C@H]3[C@H](C)C(=O)O[C@@]23[C@H]1O,105.7172986
716,COc1cc(/C=N/O)ccc1O,92.88162069
717,O=C1C[C@@H]2CCC[C@@H](C2)O1,78.03063255
718,CC(=O)n1ncc2cc([N+](=O)[O-])ccc21,89.68861909
719,Nc1ccnc(Oc2ccccc2)n1,97.76760127
720,Cn1c(=O)c(-c2ccccc2)c(O)c2ccccc21,122.4237457
721,Cc1ccc(=O)n(-c2ccccc2)c1,101.1424018
722,COc1cccc2c1O[C@@]1(C)C[C@@H]2CO1,89.88216309
723,C[C](C)C1=[SH]c2sc(=S)sc2S1,126.5527009
724,Cc1cccc2c1ccc1ccc3ccccc3c12,106.9850596
725,COC(=O)[C@H]1[C@@H](C)O[C@]2(C)N1C(=O)O[C@@]2(C)OC,77.12091476
726,CC(=O)n1ccnc1,78.17204197
727,O=[N+]([O-])c1cccc([N+](=O)[O-])c1,68.76870672
728,CC(=O)OC[C@@]1(O)[C@@H](OC(C)=O)[C@@H](OC(C)=O)[C@H]2C[C@@H]1CO2,108.4198112
729,C(=N/Nc1ccccn1)\c1cccnc1,112.391377
730,Nc1nc2[nH]c(=O)cnc2c(=O)[nH]1,176.8699333
731,O=C1C[C@H]([C@H](O)c2cccc([N+](=O)[O-])c2)CO1,137.0069212
732,C1=CC2=C([C]3[C@H]4CCC[C@@H]3CCC4)c3ccsc3C2=[SH]1,126.6701893
733,C[C@@H]1CC=CC2=CC(=O)[C@@H]3O[C@H]2[C@]12CCC(=O)[C@@H]32,107.0521774
734,COc1ccc(O)c(/C(C)=N/N=C(\C)c2cc(OC)ccc2O)c1,142.4489168
735,CCOC(=O)c1[nH]c(C)c(C(=O)OCC)c1-c1ccc(C)cc1,124.3371515
736,CC1=C(/C=N/O)C(C)(C)CCC1,90.49159645
737,O=[N+]([O-])c1c[nH]cn1,107.8392935
738,CC(=O)C1=C(N)c2ccccc2C1,104.9201177
739,CCCCCCOc1ccc(C(C)=O)cc1O,129.5244542
740,COC(=O)[C@H]1N[C@@H](c2ccc(C)cc2)[C@H]2C(=O)N(c3ccccc3)C(=O)[C@@H]12,132.195594
741,N#CC(C#N)=C1SCC2(CS1)CSC(=C(C#N)C#N)SC2,201.9153451
742,c1ccc2cc3cc4cc5ccccc5cc4cc3cc2c1,141.7277541
743,N#CCCSC1=[SH]C(=S)[SH]=C1,132.0398551
744,C[C@@H]([NH3+])C([O])=O,141.886998
745,CC(C)Sc1ccccc1C(=O)O,112.6152864
746,CC1(C)OC(=O)C(=Cc2c[nH]c3ccccc23)C(=O)O1,120.7573897
747,O=C1O[C@@H]2CCCC[C@@]34O[C@@H]3CC=C1[C@H]24,101.2494413
748,O=C1C=C(Nc2cccc([N+](=O)[O-])c2)CCC1,140.658903
749,O=[N+]([O-])c1ccnc2c1ncn2Cc1ccccc1,128.2220148
750,O=C1CC[C@H](C(=O)Nc2ccccc2)N1,141.3918728
751,[O]N1[CH]CC[C@]12CCOC2=O,105.9575975
752,CSC(=O)[C@@H]1[C@@H](c2ccc(C)cc2)[C@@H]2C=C[C@H]1C2,115.6918014
753,OC[C@H](O)[C@@H](O)[C@H](O)CO,167.803375
754,O=C([CH]/C(=[NH+]/c1ccccc1O)c1ccccc1)c1ccccc1,146.5354606
755,CCOC(=O)Cn1c(C)nc2ccccc21,110.3247844
756,COC(=O)c1cc(-c2ccc(OC)cc2)oc(=O)c1C(=O)OC,115.5639808
757,CCN(CC)C(=S)Nc1ccccc1C,117.6271391
758,CC(C)Cc1ccc([C@@H](C)C(=O)O)cc1,112.2322036
759,O=S(=O)(Cc1ccccc1)Cc1ccccc1,130.4635718
760,O=c1[nH]cnc2cc([N+](=O)[O-])ccc12,113.2249704
761,N#C/C(=C\c1ccco1)C(N)=O,104.5533349
762,COC(=O)c1c(O)cc(OC(=O)c2c(OC)cc(OC)c(C)c2O)c(C)c1O,116.5373431
763,C/C=C/C=C/C=C/[C@@H]1C[C@H](O)CC(=O)[C@H]1C,120.2349227
764,OC[C@H]1O[C@H](CO)[C@H]2O[C@@H]12,119.2179027
765,C=C(C)[C@@H]1CCC2=Cc3c(cc(C)oc3=O)O[C@@H]2C1,111.931305
766,COc1ccc(Cn2ncc3c(-c4ccco4)ncnc32)cc1,128.897747
767,O=C1C=CC([N+](=O)[O-])=C[C]1/C=[NH+]/CCN1CCOCC1,150.2545347
768,CC1(C)O[C@H]2C[C@@]3(S(=O)(=O)c4ccccc4)O[C@H]3[C@H]2O1,106.2531908
769,CN1C(=O)c2ccccc2C1=O,79.99252371
770,COc1cc(OC)c(OC)cc1/C=N/c1onc(C)c1C,122.7085165
771,CC(C)(C)OC(=O)N1[C@@H]([C@H]2OCC=C2c2ccccc2)COC1(C)C,116.4772186
772,c1ccc2cc3cc4cc5ccccc5cc4cc3cc2c1,141.517042
773,O=c1cc(-c2ccccc2)oc2cc(OCc3ccccc3)cc(OCc3ccccc3)c12,164.2040168
774,O=C(O)c1cc([N+](=O)[O-])ccc1O,93.73104857
775,Cc1cccc2cn[nH]c12,88.65319611
776,CCOC(=O)c1ncc2[nH]c3ccc(OCc4ccccc4)cc3c2c1COC,174.8416492
777,O=c1ccc(O)n[nH]1,107.734672
778,CCO[C@H]1C/C(=C/c2ccc([N+](=O)[O-])cc2)CO1,109.1197896
779,NCCN,69.69829915
780,COCOc1ccc2ccccc2c1-c1c(OCOC)c(-c2ccc3c(c2)CC(C)(C)C3=O)cc2ccccc12,145.1904458
781,C[C@@H](NC(=O)OC(C)(C)C)C(=O)O[C@H](C)C(=O)OCc1ccccc1,120.2922162
782,Cc1ccc(-c2ccccc2C#N)cc1,98.99874693
783,COc1ccccc1[C@H]1C2=C(CCCC2=O)O[C@]2(O)CCCC(=O)[C@H]12,155.0739546
784,Cc1ccc([C@H]2c3cc4c(cc3CC[C@@H]2S(=O)(=O)c2ccccc2)OCO4)cc1,137.1030357
785,C/C([CH][C]1C(=O)OC(C)(C)OC1=O)=N\Nc1ccccc1,127.8644026
786,COc1ccccc1C1(c2ccccc2OC)C=C(C)c2ccc3ccccc3c2O1,138.8349991
787,CCOC(=O)C[C@@]1(O)O[C@@H](COC(C)=O)[C@H](OC(C)=O)[C@@H](OC(C)=O)[C@@H]1OC(C)=O,100.6581089
788,C1CNCCN1,69.61321643
789,O=C(C(=O)c1c([N+](=O)[O-])cc([N+](=O)[O-])c2nonc12)c1ccccc1,111.1759175
790,CO/C(=C1/C(=O)Oc2cc(OC)ccc21)c1ccccc1,122.800157
791,C[C@@H]([NH3+])C([O])=O,141.7351491
792,CN(C)c1ccc(/C=C/C(=O)c2cccc([N+](=O)[O-])c2)cc1,145.6136971
793,CO[C@H]1Oc2ccc(C)cc2[C@]23Oc4ccc5ccccc5c4[C@H](c4c(ccc5ccccc54)O2)[C@H]13,137.6955122
794,COc1ccc(C(=C(c2ccccc2)c2ccccc2)c2ccc(OC)cc2)cc1,131.5662585
795,CC(=O)CCC1=C2NC(=O)CC[C@H]2CCC1,130.4946681
796,CC[C@H](OC(C)=O)C(C)(C)[C@]1(O)Cc2ccccc21,97.61879251
797,O=C1CC[C@H]2C[C@@H](C(=O)O)CC[C@@H]2C1,112.9236167
798,O=[N+]([O-])c1ccc(Oc2ccc3ccccc3c2-c2c(Oc3ccc([N+](=O)[O-])cn3)ccc3ccccc23)nc1,129.2255698
799,Cc1nc([N+](=O)[O-])c(C#N)[nH]1,114.9356782
800,[O]c1c(O)cccc1/C=[NH+]/[C@H](Cc1c[nH]c2ccccc12)C(=O)O,185.4309918
801,O=C1O[C@H]2[C@H](Sc3ccccc3)O[C@H]3CO[C@H](c4ccccc4)O[C@@H]3[C@H]2O1,124.458316
802,COc1c2c(c(OC)c3ccccc13)[C@@H]1[C@@H]3C=C[C@@H](C3)[C@@H]1/C2=N\O,125.5422008
803,S=c1[nH]nc(-c2ccncc2)s1,125.4920774
804,CC1(C)OOC(C)(C)OO1,66.43908214
805,Fc1ccc(/C=N/c2cc(F)c(F)cc2F)cc1,61.09719782
806,C[C@@H](O)C(=O)O[C@H](C)C(=O)O[C@H](C)C(=O)O,96.44392434
807,COC(=O)[C@@H](Cc1c[nH]c2ccccc12)NC(=O)c1ncccc1C#N,149.1707304
808,CC(=O)Oc1cc2ccccc2cc1-c1ncnc2c1ncn2Cc1ccccc1,159.7038713
809,O=C1C[C@@H]2[C@H](O1)O[C@@H]1C[C@H]21,80.02322756
810,CC(C)/C(=C(/C(C)C)C(C)(C)C)C(C)(C)C,78.82844038
811,O=C(Nc1ccccc1)c1cc([N+](=O)[O-])ccc1O,149.4128511
812,O=C1CCC[C@H]1CCS(=O)(=O)c1ccccc1,131.0324801
813,Cc1cccc(Nc2ncccn2)c1,96.47292279
814,CC(C)/C=C1\N=C2[C@@H](OC1=O)[C@@H]1CC[C@@]2(C)C1(C)C,99.96624596
815,C/C1=N\NC2=C([N+](=O)[O-])[C@@H](C/C(C)=N/NC3=C([N+](=O)[O-])[C@H](C1)C([N+](=O)[O-])=CC3)C([N+](=O)[O-])=CC2,101.5306264
816,COC(=O)[C@]1(O)C(=O)C(C)=COc2oc3cccc(O)c3c(=O)c21,98.4634426
817,O=c1cccc[nH]1,87.77007013
818,Cc1ccc2c(c1)CC/C2=C1/CCc2cc(C)ccc21,132.2406559
819,CCCCN1CSC(=S)N(Cc2ccccc2)C1,129.7074572
820,C=C(C)[C@H]1C[C@H](C)[C@@](C)(C2OCCO2)[C@H]2CC(=O)CC[C@H]12,112.5678293
821,COC(=O)[C@@H]1[C@H]2C=C[C@]3(O2)[C@@H]1C(=O)N1CCCCC[C@@H]13,108.7576102
822,C[C@H]([NH3+])C([O])=O,134.6524017
823,COC1=C(N2C=CCC=C2)C(=O)C(C#N)=C(C#N)C1=O,160.8936491
824,CC1(C)C[C@]2(C)CC(=O)O[C@H]3OC(=O)[C@@H]4CC[C@@H]1[C@]342,103.0171319
825,c1ccc2ccccc2c1,69.61834085
826,COc1ccc(N2C(=O)[C@@H](Oc3ccccc3)[C@H]2c2ccc(C)cc2)cc1,141.6332591
827,CCOC(=O)/C(C#N)=C/c1cccc2cccc(N(C)C)c12,124.609609
828,CC(C)(C)c1nn(-c2ccccc2)c2nccc(-c3ccc([N+](=O)[O-])cc3)c12,129.7351963
829,C[C@@]12CC[C@H](O)[C@@H](O)[C@@H]1CC[C@H]1[C@H]2CC[C@@]2(C)C(=O)CC[C@H]12,116.470714
830,CCOC(=O)C1=C(N)Oc2c(c(=O)oc3ccccc23)[C@H]1c1ccc(OC)cc1,139.631672
831,COc1cc(-c2oc3c(OC)c(OCC=C(C)C)cc(O)c3c(=O)c2OC)ccc1O,157.8046496
832,Cc1cccc(C)c1NC(=O)[C@@H](C(C)C)N1C(=O)C(=O)c2ccccc21,129.0371572
833,C/C(C/C(C)=N/O)=N\O,93.67789919
834,CC(C)([N+](=O)[O-])[C@@](C)(COC(=O)[C@]12CC[C@](C)(C(=O)O1)C2(C)C)[N+](=O)[O-],120.6280792
835,COC(=O)C1=C(C)NC(=O)C[C@@H]1c1ccccc1[N+](=O)[O-],107.7785277
836,COc1ccc(-c2c3c(F)c(F)c(F)c(F)c3c(-c3ccc(OC)cc3)c3c(F)c(F)c(F)c(F)c23)cc1,54.53885124
837,COc1ccc(N/C(N)=N/C#N)cc1,133.6787521
838,Cc1ccc(S(=O)(=O)O[C@@H]2C[C@@H]3CC[C@@]2(C)C3(C)C)cc1,112.7804258
839,C#CCOC(=O)c1cc(=O)n(CC#C)c2ccccc12,132.5781134
840,Cc1ccc([O])c(/C=[NH+]/C(CO)(CO)CO)c1,164.4423975
841,Cc1cccc(S(=O)(=O)c2c(C)oc3ccc(C4CCCCC4)cc23)c1,139.7138451
842,CCOC(=O)[C@]1(O)C(=O)c2sccc2[C@@H]1c1ccccc1,109.5014498
843,O=[N+]([O-])c1ccc2c(cnn2[N+](=O)[O-])c1,77.30401839
844,[O][S@@H](c1ccccc1)c1c2ccccc2c(-c2ccccc2)c2cc3ccccc3cc12,157.2100094