smiles,log10_CO2_Bayesian
*/C(=C(\*)c1ccc(-c2ccc(C(C)(C)C)cc2)cc1)c1ccccc1,3.0641996345
*/C(=C(\*)c1ccc(-c2ccc([Si](C)(C)C)cc2)cc1)c1ccccc1,3.342422681
*/C(=C(\*)c1ccc(-c2ccccc2)cc1)c1ccccc1,3.113943352
*/C(=C(\*)c1ccc(C(C)(C)C)cc1)c1ccc(O)cc1,2.72427587
*/C(=C(\*)c1ccc(C(C)(C)C)cc1)c1ccc(O[Si](C)(C)C(C)(C)C)cc1,3.361727836
*/C(=C(\*)c1ccc(C(C)(C)C)cc1)c1ccccc1,3.7251245545
*/C(=C(\*)c1ccc(C(C)C)cc1)c1ccccc1,3.041392685
*/C(=C(\*)c1ccc(CCCC)cc1)c1ccccc1,2.204119983
*/C(=C(\*)c1ccc(C[Si](C)(C)C)cc1)c1ccccc1,2.806179974
*/C(=C(\*)c1ccc(O[Si](C)(C)C(C)(C)C)cc1)c1ccc(F)cc1,2.8875866930000003
*/C(=C(\*)c1ccc(S(=O)(=O)O)cc1)c1ccc(C(C)(C)C)cc1,2.531478917
*/C(=C(\*)c1ccc(S(=O)(=O)O)cc1)c1ccc(S(=O)(=O)O)cc1,1.322219295
*/C(=C(\*)c1ccc([Si](C)(C)C)cc1)c1ccc(-c2ccc(C(C)(C)C)cc2)cc1,3.51851394
*/C(=C(\*)c1ccc([Si](C)(C)C)cc1)c1ccc(O[Si](C)(C)C(C)(C)C)cc1,3.579783597
*/C(=C(\*)c1ccc([Si](C)(C)C)cc1)c1ccccc1,3.662757832
*/C(=C(\*)c1ccc([Si](C)(C)CCCCCCCC)cc1)c1ccc(C(C)(C)C)cc1,2.0
*/C(=C(\*)c1ccc([Si](C)(C)CCCCCCCC)cc1)c1ccc(C(C)C)cc1,2.079181246
*/C(=C(\*)c1ccc([Si](C)(C)CCCCCCCC)cc1)c1ccc(CCCC)cc1,2.041392685
*/C(=C(\*)c1ccc([Si](C)(C)CCCCCCCC)cc1)c1ccccc1,2.230448921
*/C(=C(\*)c1ccc2c(c1)C(C)(C)C(C)(C)C2(C)C)c1ccccc1,4.55320425
*/C(=C(\*)c1ccc2c(c1)C(C)(C)CC2(C)C)c1cc(F)cc(F)c1,4.557507202
*/C(=C(\*)c1ccc2c(c1)C(C)(C)CC2(C)C)c1ccc(Br)cc1,4.515873844
*/C(=C(\*)c1ccc2c(c1)C(C)(C)CC2(C)C)c1ccc(C)cc1,4.227886705
*/C(=C(\*)c1ccc2c(c1)C(C)(C)CC2(C)C)c1ccc(Cl)cc1,4.546542663
*/C(=C(\*)c1ccc2c(c1)C(C)(C)CC2(C)C)c1ccc(F)c(F)c1,4.645422269
*/C(=C(\*)c1ccc2c(c1)C(C)(C)CC2(C)C)c1ccc(F)cc1,4.672097858
*/C(=C(\*)c1ccc2c(c1)C(C)(C)CC2(C)C)c1cccc(F)c1,4.546542663
*/C(=C(\*)c1ccc2c(c1)C(C)(C)CC2(C)C)c1ccccc1,4.587710965
*/C(=C(\*)c1ccc2c(c1)C(C)(C)CCC2(C)C)c1ccccc1,4.056904851
*/C(=C(\*)c1ccc2c(c1)C(C)(C)c1cc(Br)ccc1-2)c1ccccc1,3.903089987
*/C(=C(\*)c1ccc2c(c1)C(C)(C)c1cc([Si](C)(C)C)ccc1-2)c1ccccc1,4.255272505
*/C(=C(\*)c1ccc2c(c1)C(C)(C)c1ccccc1-2)c1cc(F)cc(F)c1,3.963787827
*/C(=C(\*)c1ccc2c(c1)C(C)(C)c1ccccc1-2)c1ccc(Br)cc1,4.230448921
*/C(=C(\*)c1ccc2c(c1)C(C)(C)c1ccccc1-2)c1ccc(C(C)(C)C)cc1,4.041392685
*/C(=C(\*)c1ccc2c(c1)C(C)(C)c1ccccc1-2)c1ccc(F)c(F)c1,4.414973348
*/C(=C(\*)c1ccc2c(c1)C(C)(C)c1ccccc1-2)c1ccc(F)cc1,4.322219295
*/C(=C(\*)c1ccc2c(c1)C(C)(C)c1ccccc1-2)c1ccc([Si](C)(C)C)cc1,3.278753601
*/C(=C(\*)c1ccc2c(c1)C(C)(C)c1ccccc1-2)c1cccc(F)c1,4.255272505
*/C(=C(\*)c1ccc2c(c1)C(C)(C)c1ccccc1-2)c1ccccc1,4.09314700025
*/C(=C(\*)c1ccc2c(c1)C1(CC1)c1ccccc1-2)c1ccc([Si](C)(C)C)cc1,3.612783857
*/C(=C(\*)c1ccc2c(c1)C1(CC1)c1ccccc1-2)c1ccccc1,3.5668320120000003
*/C(=C(\*)c1ccc2c(c1)CCC2)c1ccc([Si](C)(C)C)cc1,3.301029996
*/C(=C(\*)c1ccc2c(c1)CCC2)c1ccccc1,2.591064607
*/C(=C(\*)c1cccc(O)c1)c1ccc(C(C)(C)C)cc1,3.477121255
*/C(=C(\*)c1cccc(O[Si](C)(C)C(C)(C)C)c1)c1ccc(C(C)(C)C)cc1,3.857332496
*/C(=C(\*)c1cccc(O[Si](C)(C)C(C)(C)C)c1)c1ccc([Si](C)(C)C)cc1,3.462397998
*/C(=C(\*)c1ccccc1)c1ccccc1,3.62324929
*/C=C/CC*,2.5785638255
*=CC1CC(C=*)C2C1C([Si](O[Si](C)(C)C)(O[Si](C)(C)C)O[Si](C)(C)C)C2[Si](O[Si](C)(C)C)(O[Si](C)(C)C)O[Si](C)(C)C,3.064457989
*C(*)(F)F,-0.28814560263636363
*C(=O)Nc1ccc(C(c2ccc(NC(=O)c3ccc(N4C(=O)c5ccc(*)cc5C4=O)cc3C)cc2)(C(F)(F)F)C(F)(F)F)cc1,1.176091259
*C(=O)Nc1ccc(C(c2ccc(NC(=O)c3ccc4c(c3)C(=O)N(c3c(C)cc(-c5cc(C)c(N6C(=O)c7ccc(*)cc7C6=O)c(C)c5)cc3C)C4=O)cc2)(C(F)(F)F)C(F)(F)F)cc1,1.748188027
*C(=O)Nc1ccc(Cc2ccc(NC(=O)c3ccc(N4C(=O)c5ccc(*)cc5C4=O)cc3)cc2)cc1,0.017033339
*C(=O)Nc1ccc(Cc2ccc(NC(=O)c3ccc4c(c3)C(=O)N(c3c(C)cc(-c5cc(C)c(N6C(=O)c7ccc(*)cc7C6=O)c(C)c5)cc3C)C4=O)c(C)c2)cc1C,0.740362689
*C(=O)Nc1ccc(NC(=O)c2ccc(N3C(=O)c4ccc(*)cc4C3=O)cc2)cc1,-0.142667504
*C(=O)Nc1ccc(Oc2ccc(NC(=O)c3ccc(N4C(=O)c5ccc(*)cc5C4=O)cc3)cc2)cc1,0.471879566
*C(=O)Nc1ccc(S(=O)(=O)c2ccc(NC(=O)c3ccc(N4C(=O)c5ccc(*)cc5C4=O)cc3)cc2)cc1,0.204119983
*C(=O)Oc1c(C)cc(C(c2cc(C)c(OC(=O)c3ccc4c(c3)C(=O)N(c3c(C)cc(-c5cc(C)c(N6C(=O)c7ccc(*)cc7C6=O)c(C)c5)cc3C)C4=O)c(C)c2)(C(F)(F)F)C(F)(F)F)cc1C,2.041392685
*C(=O)Oc1ccc(C(c2ccc(OC(=O)c3ccc4c(c3)C(=O)N(c3c(C)cc(-c5cc(C)c(N6C(=O)c7ccc(*)cc7C6=O)c(C)c5)cc3C)C4=O)cc2)(C(F)(F)F)C(F)(F)F)cc1,1.77815125
*C(=O)c1ccc2c(c1)C(=O)N(c1c(C)c(C)c(N3C(=O)c4ccc(*)cc4C3=O)c(C)c1C)C2=O,1.676376692
*C(C)=C(*)[Si](C)(C)C,4.361736349
*C(C)=C(*)[Si](C)(C)C(C)C,3.342422681
*C(C)=C(*)[Si](C)(C)CC,3.5080461465
*C(C)=C(*)[Si](C)(C)CCC,2.500771259
*C(C)=C(*)[Si](C)(C)CCCC,2.0
*C(C)=C(*)[Si](C)(C)CCCCCC,1.807020702
*C(C)=C(*)[Si](C)(C)CCCCCCCC,2.0
*C(C)=C(*)[Si](C)(C)c1ccccc1,1.575187845
*C(C)=C(*)c1ccc([Si](C)(C)C)cc1,2.977723605
*C(Cl)=C(*)c1ccccc1,1.785329835
*C(F)(F)C(*)(F)Cl,0.03514545424999996
*C*,1.2575472850499998
*C1C(*)C2CC1C1CC([Si](C)(C)C)C21,3.72427587
*C1C2CC(C1*)C([Si](C)(C)C)C2,3.032812121
*C1CCCCC1*,5.40756816
*C=C(*)C(C)(C)C,2.81397202125
*C=C(*)c1cc(C(F)(F)F)oc1C(F)(F)F,2.342422681
*C=C(*)c1cc(C(F)(F)F)sc1C(F)(F)F,2.255272505
*C=C(*)c1cccc(O[Si](C)(C)C(C)(C)C)c1,1.763427994
*C=CC1CC(*)C([Si](C)(C)C)C1,2.949390007
*C=CC1CC(*)C([Si](C)(C)C[Si](C)(C)C)C1,2.826074803
*C=CC1CCC(*)C1,1.187520721
*C=CCC*,2.399409005
*C=CCCC*,3.301029996
*C=Cc1ccc(*)cc1[Si](C)(C)C(C)(C)C,1.414973348
*C=Cc1ccc(*)cc1[Si](C)(C)CCCC,1.146128036
*C=Cc1ccc(*)cc1[Si](C)(C)CCCCCCCC,1.77815125
*C=Cc1ccc(*)cc1[Si](C)(C)CCCCCCCCCCCCCCCCCCC,1.785329835
*C=Cc1ccc(*)cc1[Si](CC)(CC)CC,1.380211242
*CC(*)(C)C,1.3477367938333333
*CC(*)(C)C#N,-2.620875854
*CC(*)(C)C(=O)OC,-0.11154440187499998
*CC(*)(C)C(=O)OCC,0.698970004
*CC(*)(C)C(=O)OCCCCCCOc1ccc(C(=O)Oc2ccc(OCCCCCC)cc2)cc1,2.955554054
*CC(*)(C)C(=O)OCCO,1.33168261
*CC(*)(Cl)Cl,-1.3540273965714285
*CC(*)(F)F,-0.5100139168
*CC(*)C,0.75594749103125
*CC(*)C#N,-2.7086810815
*CC(*)C(=O)OC,0.981365509
*CC(*)C(=O)OCC,2.245512668
*CC(*)C(=O)OCCCCCCCCCC,2.416640507
*CC(*)C(=O)OCCCCCCCCCCCCCC,2.472756449
*CC(*)C(=O)OCCCCCCCCCCCCCCCCCC,2.631443769
*CC(*)C(=O)OCCCCCCCCCCCCCCCCCCCCCC,2.606381365
*CC(*)C(C)=O,0.318461378
*CC(*)CC(C)C,2.105711497625
*CC(*)CCCC,5.490683108
*CC(*)Cl,-0.24466309666666666
*CC(*)F,-0.939412874
*CC(*)N1CCCC1=O,-1.112755823
*CC(*)O,0.7930913115384615
*CC(*)OC,1.195881834
*CC(*)OC(=O)C1CCCCC1,0.916980047
*CC(*)OC(=O)c1ccc(C(C)C)cc1,1.346352974
*CC(*)OC(=O)c1ccc(C)cc1,0.828015064
*CC(*)OC(=O)c1ccccc1,0.800717078
*CC(*)OC(C)=O,0.37114370175
*CC(*)OC1C2CC3CC(C2)CC1C3,1.401400541
*CC(*)OC1CC2CCC1C2,1.249155277
*CC(*)OC1CCCCC1,1.133538908
*CC(*)OCC,-1.125945595
*CC(*)OCC1CC2CC1C1CCCC21,0.45484486
*CC(*)OCC1CCCCC1,0.770115295
*CC(*)OCc1ccccc1,1.045322979
*CC(*)[Si](C)(C)C,2.25492720325
*CC(*)c1ccccc1,0.9653395533529412
*CC(=O)Nc1ccc(Cc2ccc(NC(=O)c3ccc4c(c3)C(=O)N(*)C4=O)cc2)cc1,-0.356547324
*CC(=O)Nc1ccc(NC(=O)c2ccc3c(c2)C(=O)N(*)C3=O)cc1,-0.113509275
*CC(=O)Nc1ccc(Oc2ccc(NC(=O)c3ccc4c(c3)C(=O)N(*)C4=O)cc2)cc1,-0.13076828
*CC(=O)Nc1ccc(Oc2ccc(Oc3ccc(NC(=O)c4ccc5c(c4)C(=O)N(*)C5=O)cc3)cc2)cc1,0.359835482
*CC(=O)Nc1ccc(Oc2cccc(Oc3ccc(NC(=O)c4ccc5c(c4)C(=O)N(*)C5=O)cc3)c2)cc1,-0.167491087
*CC(=O)Nc1ccc(S(=O)(=O)c2ccc(NC(=O)c3ccc4c(c3)C(=O)N(*)C4=O)cc2)cc1,0.139879086
*CC(C)(COC(=O)NCCCCCCNC(=O)O*)CN(C)C,-0.488454247
*CC(C)(COC(=O)Nc1ccc(Cc2ccc(NC(=O)O*)cc2)cc1)CN(C)C,-0.466355434
*CC(C)O*,0.18541916887499998
*CC(CCl)O*,0.721086548
*CC(CO*)(CS(C)(=O)=O)CS(C)(=O)=O,-1.175593457
*CC(COc1c(Cl)cc(C(C)(C)c2cc(Cl)c(O*)c(Cl)c2)cc1Cl)OC(C)=O,-0.289504466
*CC(COc1ccc(C(C)(C)c2ccc(O*)cc2)cc1)OC(=O)CC,0.064257108
*CC(COc1ccc(C(C)(C)c2ccc(O*)cc2)cc1)OC(=O)CCl,-0.713285341
*CC(COc1ccc(C(C)(C)c2ccc(O*)cc2)cc1)OC(=O)c1ccccc1,-0.132883378
*CC(COc1ccc(C(C)(C)c2ccc(O*)cc2)cc1)OC(=O)c1ccccc1Cl,-0.66156512
*CC(COc1ccc(C(C)(C)c2ccc(O*)cc2)cc1)OC(C)=O,0.00428483
*CC(COc1ccc(C(C)(c2ccccc2)c2ccc(O*)cc2)cc1)OC(=O)c1ccccc1,-0.310928927
*CC(COc1ccc(C(C)(c2ccccc2)c2ccc(O*)cc2)cc1)OC(C)=O,-0.212943391
*CC(COc1ccc(C2CCCC(CC)(c3ccc(O*)cc3)C2)cc1)OC(C)=O,0.00428483
*CC(COc1ccc(O*)cc1)OC(C)=O,-1.143981546
*CC(COc1ccc(S(=O)(=O)c2ccc(O*)cc2)cc1)OC(C)=O,-0.919670682
*CC(CS(=O)(=O)C(C)C)O*,-0.199643191
*CC(CS(=O)(=O)CC)O*,-1.346934841
*CC(CS(=O)(=O)CCC)O*,0.066519742
*CC(CS(=O)(=O)CCCC)O*,0.329038551
*CC(CS(=O)(=O)CCCCC)O*,0.350463012
*CC(CS(C)(=O)=O)O*,-2.154149751
*CC(O)COc1c(Cl)cc(C(C)(C)c2cc(Cl)c(O*)c(Cl)c2)cc1Cl,-1.0246268735
*CC(O)COc1ccc(C(C)(C)c2ccc(O*)c(Cl)c2)cc1Cl,-1.1532264
*CC(O)COc1ccc(C(C)(C)c2ccc(O*)cc2)cc1,-1.1192151565000001
*CC(O)COc1ccc(C(C)(CC)c2ccc(O*)cc2)cc1,-0.72722665
*CC(O)COc1ccc(C(C)(c2ccccc2)c2ccc(O*)cc2)cc1,-0.713285341
*CC(O)COc1ccc(C2CC(C(C)C)CCC2(C)c2ccc(O*)cc2)cc1,0.254586378
*CC(O)COc1ccc(C2CCCC(CC)(c3ccc(O*)cc3)C2)cc1,-0.437254255
*CC(O)COc1ccc(Cc2ccc(O*)cc2)cc1,-1.017656219
*CC(O)COc1ccc(O*)cc1,-1.944710159
*CC(O)COc1ccc(S(=O)(=O)c2ccc(O*)cc2)cc1,-1.3289977505000001
*CC/C=C(/*)C,2.40602825225
*CC1CC(*)OC(C)O1,-0.283996656
*CC1CC(*)OC(CCC)O1,0.5097664776666667
*CC1CC(*)OCO1,-0.795880017
*CC1CC(C*)C2C1C([Si](O[Si](C)(C)C)(O[Si](C)(C)C)O[Si](C)(C)C)C2[Si](O[Si](C)(C)C)(O[Si](C)(C)C)O[Si](C)(C)C,2.924279286
*CC1CCC(COC(=O)c2ccc(C(=O)O*)cc2)CC1,-0.014869611
*CCC1CC(=O)N(*)C1=O,1.068334313
*CCC=C(*)Cl,1.2770264828
*CCCCCC(=O)N*,-1.5171398024444445
*CCCCCC(=O)O*,1.5290160805000002
*CCCCCCCC(=O)N*,-2.658664415
*CCCCCCCCCCCC(=O)N*,-2.39184852
*CCCCCCCCCCOC(=O)O*,1.101575246
*CCCCCNC(=O)CCCCC(=O)N*,-0.769551079
*CCCCOC(=O)c1ccc(C(=O)O*)cc1,-0.553929064
*CCCS(=O)(=O)CCCCS(=O)(=O)CCCOC(=O)O*,-1.332080315
*CCCS(=O)(=O)CCCCS(=O)(=O)CCCOC(=O)c1cccc(C(=O)O*)c1,-1.762205007
*CCCS(=O)(=O)CCCCS(=O)(=O)CCCOC(=O)c1ccccc1C(=O)O*,-1.876148359
*CCCS(=O)(=O)CCCS(=O)(=O)CCCOC(=O)c1cccc(C(=O)O*)c1,-1.730020323
*CCCS(=O)(=O)CCCS(=O)(=O)CCCOC(=O)c1ccccc1C(=O)O*,-1.834755674
*CCC[Si](*)(C)C,1.808647121
*CCC[Si](C)(C)O[Si](C)(C)CCCN1C(=O)c2ccc(C(=O)c3ccc4c(c3)C(=O)N(*)C4=O)cc2C1=O,0.651101834
*CCOC(=O)c1ccc(C(=O)O*)cc1,-0.3496011959354839
*CCOC(=O)c1ccc(O*)cc1,-3.169430577
*CCOC(=O)c1ccc2cc(C(=O)O*)ccc2c1,-1.00885948825
*CCOC(=O)c1cccc(C(=O)O*)c1,-1.291043038
*CCOCCOC(=O)c1ccc(-c2ccc(C(=O)O*)cc2)cc1,-1.73442257
*CCOCCOC(=O)c1cccc(C(=O)O*)c1,-1.068168651
*CCc1cc(Cl)c(*)c(Cl)c1,-0.106829947
*CCc1ccc(*)c(Br)c1,-1.4508185875
*CCc1ccc(*)c(C#N)c1,-0.5214831639999999
*CCc1ccc(*)c(C)c1,-0.579034673
*CCc1ccc(*)c(CC)c1,0.275347645
*CCc1ccc(*)c(Cl)c1,-0.8963155460000001
*CCc1ccc(*)cc1,0.130644111
*CN1CN(*)Cc2cc(C3(c4cc(*)c(*)c(C)c4)C4CC5CC(C4)CC3C5)cc(C)c21,2.7883198300000003
*CN1CN(*)Cc2cc3c(cc21)C1(C)CCC3(C)c2cc(*)c(*)cc21,3.70832715725
*CN1CN(*)Cc2cc3c(cc21)C1(CC(C)(C)c2cc(*)c(*)cc21)CC3(C)C,3.448483451
*CN1CN(*)Cc2cc3c(cc21)C1c2ccccc2C3c2cc(*)c(*)cc21,3.7352746663333334
*CN1CN(*)Cc2cc3cc4c(cc3cc21)C1CC4c2cc3cc4c(cc3cc21)CN(*)CN4C*,3.07304485275
*CN1Cc2cc3c(cc2N(*)C1)C1c2cc(*)c(*)cc2C3c2cc3cc4c(cc3cc21)C(C)(C)CCC4(C)C,3.782472624
*CO*,-0.0992488195
*COC(=O)NCCCCCCNC(=O)OCc1cccc(*)n1,-1.573915191
*COC(=O)Nc1ccc(Cc2ccc(NC(=O)OCc3cccc(*)n3)cc2)cc1,-0.835478142
*C[Si](*)(C)C,2.832675082
*Cc1ccc(C*)c(Cl)c1,-1.337242168
*Cc1ccc(C*)cc1,0.113943352
*N=P(*)(Oc1ccccc1)Oc1ccccc1,0.674861141
*N=P(N=P(N=S(*)(=O)NCC)(NCC)NCC)(NCC)NCC,0.871279958
*N=P(N=P(N=S(*)(=O)NCCC)(NCCC)NCCC)(NCCC)NCCC,1.33541971
*N=P(N=P(N=S(*)(=O)NCCCC)(NCCCC)NCCCC)(NCCCC)NCCCC,1.771570822
*N=P(N=P(N=S(*)(=O)NCCCCCC)(NCCCCCC)NCCCCCC)(NCCCCCC)NCCCCCC,1.82148026
*N=P(N=P(N=S(*)(=O)NCCCCCCC)(NCCCCCCC)NCCCCCCC)(NCCCCCCC)NCCCCCCC,1.795312515
*NC(CC(C)C)C(*)=O,1.583198774
*NC(CCC(=O)O)C(*)=O,-2.22184875
*NC(CCC(=O)OC)C(*)=O,1.025305865
*NC(CCC(=O)OCc1ccccc1)C(*)=O,0.222716471
*NC(CCCCNC(=O)OCc1ccccc1)C(*)=O,-1.0
*NC(CCCCSC)C(*)=O,0.63447727
*Nc1ccc(*)cc1,-0.33587137549999996
*Nc1ccc(*)cc1OC,0.025305865
*Nc1ccc(*)cc1OCC,0.346352974
*OC(=O)C(*)C,-0.03607507100000001
*OC(C)CC(*)=O,-0.318758763
*OC1C(C)(C)C(OC(*)=O)C1(C)C,1.505149978
*OC1C(CO)OC(*)C(O)C1O,-2.8640778520000003
*OC1C(COC(C)=O)OC(*)C(OC(C)=O)C1OC(C)=O,0.7445949966666667
*OC1C(COC)OC(*)C(OC)C1OC,0.730515856
*OC1C(COCC)OC(*)C(OCC)C1OCC,1.838849091
*OC1OC(OC(C)=O)C(*)C(OC(C)=O)C1OC(C)=O,0.44660337650000004
*OC1OC(OCC)C(*)C(OCC)C1OCC,1.9678413546666667
*O[Si](*)(C)C,3.140130498
*Oc1c(-c2ccccc2)cc(*)cc1-c1ccccc1,1.505149978
*Oc1c(Br)cc(C2(c3cc(Br)c(OC(=O)c4cc(C(*)=O)cc(C(C)(C)C)c4)c(Br)c3)CC(C)CC(C)(C)C2)cc1Br,1.809710997
*Oc1c(C#N)c2c(c(C#N)c1O*)Oc1cc3c(cc1O2)-c1cc(C)c(C)cc1C31c2cc(*)c(*)cc2-c2cc(C)c(C)cc21,3.968007914
*Oc1c(C#N)c2c(c(C#N)c1O*)Oc1cc3c(cc1O2)-c1cc2c(cc1C31c3cc(*)c(*)cc3-c3cc4c(cc31)C(C)(C)CCC4(C)C)C(C)(C)CCC2(C)C,3.8586271565
*Oc1c(C#N)c2c(c(C#N)c1O*)Oc1cc3c(cc1O2)-c1ccc(C(C)(C)C)cc1C31c2cc(C(C)(C)C)ccc2-c2cc(*)c(*)cc21,4.1074219240000005
*Oc1c(C#N)c2c(c(C#N)c1O*)Oc1cc3c(cc1O2)-c1ccc(C)cc1C31c2cc(C)ccc2-c2cc(*)c(*)cc21,3.9160819475
*Oc1c(C#N)c2c(c(C#N)c1O*)Oc1cc3c(cc1O2)-c1ccccc1C31c2cc(*)c(*)cc2-c2cc(C)c(C)cc21,3.8615841185
*Oc1c(C#N)c2c(c(C#N)c1O*)Oc1cc3c(cc1O2)-c1ccccc1C31c2ccccc2-c2cc(*)c(*)cc21,3.87225211325
*Oc1c(C)cc(*)cc1C,1.6385545343333334
*Oc1c(C)cc(-c2cc(C)c(Oc3ccc(C(=O)c4ccc(*)c(S(=O)(=O)O)c4)cc3S(=O)(=O)O)c(C)c2)cc1C,1.2768645963333334
*Oc1c(C)cc(C(C)(C)c2cc(C)c(OC(*)=O)c(C)c2)cc1C,1.4403496445
*Oc1c(C)cc(C(C)(C)c2cc(C)c(OC(=O)c3ccc(C(*)=O)cc3)c(C)c2)cc1C,1.278753601
*Oc1c(C)cc(C(C)(C)c2cc(C)c(OC(=O)c3cccc(C(*)=O)c3)c(C)c2)cc1C,1.434806143
*Oc1c(C)cc(C2(c3cc(C)c(OC(=O)c4cc(C(*)=O)cc(C(C)(C)C)c4)c(C)c3)CC(C)CC(C)(C)C2)cc1C,2.163593108
*Oc1c(C)cc(C2CCC(C(C)(C)c3cc(C)c(OC(=O)c4ccc(C(*)=O)cc4)c(C)c3)CC2C)cc1C,1.919078092
*Oc1cc2c(cc1O*)C(=O)N(c1c(C)c(C)c(-n3c(=O)c4cc5oc6cc7c(cc6oc5cc4c3=O)C3(C(C)C)c4ccccc4C7(C(C)C)c4cc(*)c(*)cc43)c(C)c1C)C2=O,3.328563143
*Oc1cc2c(cc1O*)C(C)(C)CC1(CC(C)(C)c3cc4c(cc3O1)Oc1c(C#N)c(*)c(*)c(C#N)c1O4)O2,3.165206887
*Oc1cc2c(cc1O*)C1(C)c3cc4c(cc3C2(C)c2cc3cc5c(cc3cc21)C(C)(C)CCC5(C)C)Oc1c(C#N)c(*)c(*)c(C#N)c1O4,4.441522543666667
*Oc1cc2c(cc1O*)C1(CC2(C)C)CC(C)(C)c2cc3c(cc21)Oc1c(C#N)c(*)c(*)c(C#N)c1O3,3.777662681
*Oc1cc2c(cc1O*)C1(CC2(C)C)CC(C)(C)c2cc3c(cc21)Oc1c(CN)c(*)c(*)c(CN)c1O3,3.303216407
*Oc1cc2c(cc1O*)C1(CC2(C)C)CC(C)(C)c2cc3c(cc21)Oc1cc2nc4cc5c(cc4nc2cc1O3)C(C)(C)CC51CC(C)(C)c2cc3nc4cc(*)c(*)cc4nc3cc21,3.041392685
*Oc1cc2c(cc1O*)C1(CC2(C)C)CC(C)(C)c2cc3oc4cc5c(=O)n(-c6c(C)c(C)c(N7C(=O)c8cc(*)c(*)cc8C7=O)c(C)c6C)c(=O)c5cc4oc3cc21,3.041392685
*Oc1cc2c(cc1O*)C1(CC2(C)C)CC(C)(C)c2cc3oc4cc5c(=O)n(-c6c(C)cc(-c7cc(C)c(N8C(=O)c9cc(*)c(*)cc9C8=O)c8ccccc78)c7ccccc67)c(=O)c5cc4oc3cc21,3.568201724
*Oc1cc2c(cc1O*)C1(CC2(C)C)CC(C)(C)c2cc3oc4cc5c(=O)n(-c6ccc(C(c7ccc(N8C(=O)c9cc(*)c(*)cc9C8=O)cc7)(C(F)(F)F)C(F)(F)F)cc6)c(=O)c5cc4oc3cc21,2.716003344
*Oc1cc2c(cc1O*)C1(CC2(C)CC)c2cc3c(cc2C(C)(CC)C1C)Oc1c(C#N)c(*)c(*)c(C#N)c1O3,3.785329835
*Oc1ccc(*)cc1,1.8250098276666666
*Oc1ccc(-c2c(-c3ccc(Br)cc3)c(-c3ccc(Br)cc3)c(-c3ccc4c(c3)Oc3c(C#N)c(*)c(*)c(C#N)c3O4)c(-c3ccc(Br)cc3)c2-c2ccc(Br)cc2)cc1O*,2.920059148
*Oc1ccc(-c2c(-c3ccc(C#N)cc3)c(-c3ccc(C#N)cc3)c(-c3ccc4c(c3)Oc3c(C#N)c(*)c(*)c(C#N)c3O4)c(-c3ccc(C#N)cc3)c2-c2ccc(C#N)cc2)cc1O*,2.9500920333333336
*Oc1ccc(-c2c(-c3ccc(C)cc3)c(-c3ccc(C)cc3)c(-c3ccc4c(c3)Oc3c(C#N)c(*)c(*)c(C#N)c3O4)c(-c3ccc(C)cc3)c2-c2ccc(C)cc2)cc1O*,3.2087080300000004
*Oc1ccc(-c2c(-c3ccccc3)c(-c3ccccc3)c(-c3ccc4c(c3)Oc3c(C#N)c(*)c(*)c(C#N)c3O4)c(-c3ccccc3)c2-c2ccccc2)cc1O*,3.3910084486666663
*Oc1ccc(C(=C(Cl)Cl)c2ccc(OC(*)=O)cc2)cc1,0.875061263
*Oc1ccc(C(C)(C)c2ccc(OC(*)=O)c(C(C)C)c2)cc1C(C)C,0.936513742
*Oc1ccc(C(C)(C)c2ccc(OC(*)=O)c(C)c2)cc1C,0.037426498
*Oc1ccc(C(C)(C)c2ccc(OC(*)=O)c(CC)c2)cc1CC,0.525044807
*Oc1ccc(C(C)(C)c2ccc(OC(*)=O)cc2)cc1,1.0906001206428573
*Oc1ccc(C(C)(C)c2ccc(OC(=O)N(C)c3ccc(S(=O)(=O)c4ccc(N(C)C(*)=O)cc4)cc3)cc2)cc1,0.544033869
*Oc1ccc(C(CCC)(CCC)c2ccc(OC(*)=O)c(C)c2)cc1C,0.728080878
*Oc1ccc(C(CCCCC)(CCCCC)c2ccc(OC(*)=O)cc2)cc1,1.146121615
*Oc1ccc(C2(c3ccc(OC(*)=O)c(C)c3)CCCCC2)cc1C,-0.363077303
*Oc1ccc(C2(c3ccc(OC(=O)c4ccc(C(*)=O)cc4)c(C)c3)CCCCC2)cc1C,0.381857933
*Oc1ccc(C2(c3ccc4c(c3)Oc3cc5nc6cc7c(cc6nc5cc3O4)C(C)(C)CC73CC(C)(C)c4cc5nc6cc(*)c(*)cc6nc5cc43)c3ccccc3-c3ccccc32)cc1O*,2.633468456
*Oc1ccc(Oc2ccc(C(=O)c3ccc(*)cc3)cc2)cc1,2.4137947774
*Oc1ccc(S(=O)(=O)c2ccc(Oc3c(C(C)C)cc(C(C)(C)c4cc(C(C)C)c(*)c(C(C)C)c4)cc3C(C)C)cc2)cc1,1.991226076
*Oc1ccc(S(=O)(=O)c2ccc(Oc3c(C)cc(C(C)(C)c4cc(C)c(*)c(C)c4)cc3C)cc2)cc1,1.322219295
*Oc1ccc(S(=O)(=O)c2ccc(Oc3c(C)cc(C4CCC(C(C)(C)c5cc(C)c(*)c(C)c5)CC4C)cc3C)cc2)cc1,1.812913357
*Oc1ccc(S(=O)(=O)c2ccc(Oc3ccc(C(C)(C)c4ccc(*)cc4)cc3)cc2)cc1,0.658267872
*Oc1ccc2c(c1)C1(CC2(C)C)CC(C)(C)c2ccc(OC(*)=O)cc21,1.454327576
*c1c(C)c(C)c(N2C(=O)c3cc4c(cc3C2=O)C2(CC(C)(C)c3cc5c(cc32)C(=O)N(*)C5=O)CC4(C)C)c(C)c1C,3.547165675
*c1c(C)cc(-c2cc(C)c(N3C(=O)c4cc5c(cc4C3=O)C3(C(C)C)c4ccccc4C5(C(C)C)c4cc5c(cc43)C(=O)N(*)C5=O)c3ccccc23)c2ccccc12,3.462686475
*c1c(C)cc(-c2cc(C)c(N3C(=O)c4cc5c(cc4C3=O)C3(C)CCC5(C)c4cc5c(cc43)C(=O)N(*)C5=O)c3ccccc23)c2ccccc12,3.687449291
*c1c(C)cc(-c2cc(C)c(N3C(=O)c4cc5c(cc4C3=O)C3(C)c4ccccc4C5(C)c4cc5c(cc43)C(=O)N(*)C5=O)c3ccccc23)c2ccccc12,3.5226614895
*c1c(C)cc(-c2cc(C)c(N3C(=O)c4cc5c(cc4C3=O)C3(CC(C)(C)c4cc6c(cc43)C(=O)N(*)C6=O)CC5(C)C)c3ccccc23)c2ccccc12,3.55241659
*c1c(C)cc(C)c(-n2c(=O)c3cc4c(=O)n(*)c(=O)c4cc3c2=O)c1C,2.17449179
*c1c(C)cc(C)c(N2C(=O)c3ccc(Oc4ccc(Oc5ccc6c(c5)C(=O)N(*)C6=O)cc4)cc3C2=O)c1C,1.250898023
*c1cc(C(c2ccc(C)c(-n3c(=O)c4cc5oc6cc7c(cc6oc5cc4c3=O)C3(CC(C)(C)c4cc5oc6cc8c(=O)n(*)c(=O)c8cc6oc5cc43)CC7(C)C)c2)(C(F)(F)F)C(F)(F)F)ccc1C,2.322219295
*c1cc(C(c2ccc(O)c(N3C(=O)c4cc5c(cc4C3=O)C3(C)c4ccccc4C5(C)c4cc5c(cc43)C(=O)N(*)C5=O)c2)(C(F)(F)F)C(F)(F)F)ccc1O,1.539590623
*c1cc(CCCCCC)c(*)s1,1.984914372
*c1cc2c(cc1*)C1(C(C)C)c3ccccc3C2(C(C)C)c2cc3c(cc21)Oc1cc2nc(*)c(*)nc2cc1O3,2.682817048
*c1ccc(-c2ccc(-n3c(=O)c4cc5oc6cc7c(cc6oc5cc4c3=O)C3(CC(C)(C)c4cc5oc6cc8c(=O)n(*)c(=O)c8cc6oc5cc43)CC7(C)C)cc2C(F)(F)F)c(C(F)(F)F)c1,2.62324929
*c1ccc(-c2ccc(Oc3ccc(C4(c5ccc(Oc6ccc(-c7ccc(-n8c(=O)c9cc%10c(=O)n(*)c(=O)c%10cc9c8=O)cc7)cc6C(F)(F)F)cc5)c5ccccc5C(=O)N4c4ccccc4)cc3)c(C(F)(F)F)c2)cc1,1.59736605
*c1ccc(-c2ccc(Oc3ccc(C4(c5ccc(Oc6ccc(-c7ccc(N8C(=O)c9ccc(C(=O)c%10ccc%11c(c%10)C(=O)N(*)C%11=O)cc9C8=O)cc7)cc6C(F)(F)F)cc5)c5ccccc5C(=O)N4c4ccccc4)cc3)c(C(F)(F)F)c2)cc1,1.232742063
*c1ccc(-c2ccc(Oc3ccc(C4(c5ccc(Oc6ccc(-c7ccc(N8C(=O)c9ccc(C(c%10ccc%11c(c%10)C(=O)N(*)C%11=O)(C(F)(F)F)C(F)(F)F)cc9C8=O)cc7)cc6C(F)(F)F)cc5)c5ccccc5C(=O)N4c4ccccc4)cc3)c(C(F)(F)F)c2)cc1,1.731185708
*c1ccc(-c2ccc(Oc3ccc(C4(c5ccc(Oc6ccc(-c7ccc(N8C(=O)c9ccc(Oc%10ccc%11c(c%10)C(=O)N(*)C%11=O)cc9C8=O)cc7)cc6C(F)(F)F)cc5)c5ccccc5C(=O)N4c4ccccc4)cc3)c(C(F)(F)F)c2)cc1,1.164055292
*c1ccc(-c2ccc(Oc3ccc4c(c3)C3(CC4(C)C)CC(C)(C)c4ccc(Oc5ccc(-c6ccc(N7C(=O)c8ccc(C(c9ccc%10c(c9)C(=O)N(*)C%10=O)(C(F)(F)F)C(F)(F)F)cc8C7=O)cc6)cc5C(F)(F)F)cc43)c(C(F)(F)F)c2)cc1,1.724111954
*c1ccc(-c2ccc(Oc3ccc4c(c3)C3(CC4(C)C)CC(C)(C)c4ccc(Oc5ccc(-c6ccc(N7C(=O)c8ccc(Oc9ccc%10c(c9)C(=O)N(*)C%10=O)cc8C7=O)cc6)cc5C(F)(F)F)cc43)c(C(F)(F)F)c2)cc1,1.354876423
*c1ccc(-c2ccc(Oc3ccc4c(c3)C3(CC4(C)C)CC(C)(C)c4ccc(Oc5ccc(-c6ccc(N7C(=O)c8ccc(Oc9ccc(C(C)(C)c%10ccc(Oc%11ccc%12c(c%11)C(=O)N(*)C%12=O)cc%10)cc9)cc8C7=O)cc6)cc5C(F)(F)F)cc43)c(C(F)(F)F)c2)cc1,1.377852419
*c1ccc(C(C#N)(C(=O)OCCCC)C(*)(C#N)C(=O)OCCCC)cc1,1.7192489095
*c1ccc(NC(=O)c2ccc3c(c2)C(=O)N(c2ccc(Oc4ccc(NC(=O)c5ccc6c(c5)C(=O)N(*)C6=O)cc4)cc2)C3=O)cc1,-0.080921908
*c1ccc(Oc2ccc(-c3cc(-c4ccccc4)c4cc(Oc5ccc6nc(*)cc(-c7ccccc7)c6c5)ccc4n3)cc2)cc1,0.829380501
*c1ccc(Oc2ccc(-c3ccc(-c4ccc(-c5ccc(Oc6ccc(N7C(=O)c8ccc(C(c9ccc%10c(c9)C(=O)N(*)C%10=O)(C(F)(F)F)C(F)(F)F)cc8C7=O)cc6)c(C(F)(F)F)c5)cc4)cc3)cc2C(F)(F)F)cc1,1.563599729
*c1ccc(Oc2ccc(-c3ccc(-c4ccc(Oc5ccc(N6C(=O)c7ccc(C(c8ccc9c(c8)C(=O)N(*)C9=O)(C(F)(F)F)C(F)(F)F)cc7C6=O)cc5)c(C(F)(F)F)c4)cc3)cc2C(F)(F)F)cc1,1.520090328
*c1ccc(Oc2ccc(-c3ccc(-c4ccc(Oc5ccc(N6C(=O)c7ccc(C(c8ccc9c(c8)C(=O)N(*)C9=O)(C(F)(F)F)C(F)(F)F)cc7C6=O)cc5)c(C(F)(F)F)c4)s3)cc2C(F)(F)F)cc1,1.656194062
*c1ccc(Oc2ccc(-c3ccc(Oc4ccc(N5C(=O)c6ccc(Oc7cccc(C(C)(C)c8cccc(Oc9ccc%10c(c9)C(=O)N(*)C%10=O)c8)c7)cc6C5=O)cc4)cc3C)c(C)c2)cc1,-0.396233753
*c1ccc(Oc2ccc(-c3cccc(-c4ccc(Oc5ccc(N6C(=O)c7ccc(C(c8ccc9c(c8)C(=O)N(*)C9=O)(C(F)(F)F)C(F)(F)F)cc7C6=O)cc5)c(C(F)(F)F)c4)n3)cc2C(F)(F)F)cc1,1.715334684
*c1ccc(Oc2ccc(-n3c(=O)c4cc5c(=O)n(*)c(=O)c5cc4c3=O)cc2)cc1,-0.21447262806666664
*c1ccc(Oc2ccc(C(=O)c3ccc(Oc4ccc(C5(*)OC(=O)c6ccccc65)cc4)cc3)cc2)cc1,0.40659026649999996
*c1ccc(Oc2ccc(N3C(=O)c4ccc(-c5ccc6c(c5)C(=O)N(*)C6=O)cc4C3=O)cc2)cc1,0.16917462
*c1ccc(Oc2ccc(N3C(=O)c4ccc(Oc5ccc(C(C)(C)c6ccc(Oc7ccc8c(c7)C(=O)N(*)C8=O)cc6)cc5)cc4C3=O)cc2)cc1,-0.155074139
*c1ccc(Oc2ccc(S(=O)(=O)c3ccc(Oc4ccc(C5(*)OC(=O)c6ccccc65)cc4)cc3)cc2)cc1,0.698970004
*c1ccc2c(c1)C(=O)N(c1c(C(C)C)cc(C(c3ccccc3)(c3cc(C(C)C)c(N4C(=O)c5ccc(C(*)(C(F)(F)F)C(F)(F)F)cc5C4=O)c(C(C)C)c3)C(F)(F)F)cc1C(C)C)C2=O,2.530379597
*c1ccc2c(c1)C(=O)N(c1c(C(C)C)cc(Cc3cc(C(C)C)c(N4C(=O)c5ccc(C(*)(C(F)(F)F)C(F)(F)F)cc5C4=O)c(C(C)C)c3)cc1C(C)C)C2=O,2.297757172
*c1ccc2c(c1)C(=O)N(c1c(C)c(C)c(N3C(=O)c4ccc(C(*)(C(F)(F)F)C(F)(F)F)cc4C3=O)c(C)c1C)C2=O,2.561681382
*c1ccc2c(c1)C(=O)N(c1c(C)cc(-c3cc(C)c(-c4cc(C)c(N5C(=O)c6ccc(C(*)(C(F)(F)F)C(F)(F)F)cc6C5=O)c(C)c4)cc3C)cc1C)C2=O,2.369215857
*c1ccc2c(c1)C(=O)N(c1c(C)cc(-c3cc(C)c(N4C(=O)c5ccc(C(*)(C(F)(F)F)C(F)(F)F)cc5C4=O)c(C(C)C)c3)cc1C(C)C)C2=O,2.553890117
*c1ccc2c(c1)C(=O)N(c1c(C)cc(-c3cc(C)c(N4C(=O)c5ccc(C(*)(C(F)(F)F)C(F)(F)F)cc5C4=O)c(C)c3)cc1C)C2=O,2.356159586
*c1ccc2c(c1)C(=O)N(c1c(C)cc(-c3cc(C)c(N4C(=O)c5ccc(C(*)(C(F)(F)F)C(F)(F)F)cc5C4=O)c4ccccc34)c3ccccc13)C2=O,2.981365509
*c1ccc2c(c1)C(=O)N(c1c(C)cc(C(c3ccccc3)(c3cc(C)c(N4C(=O)c5ccc(C(*)(C(F)(F)F)C(F)(F)F)cc5C4=O)c(C(C)C)c3)C(F)(F)F)cc1C(C)C)C2=O,2.343742707
*c1ccc2c(c1)C(=O)N(c1c(C)cc(C(c3ccccc3)(c3cc(C)c(N4C(=O)c5ccc(C(*)(C(F)(F)F)C(F)(F)F)cc5C4=O)c(C)c3)C(F)(F)F)cc1C)C2=O,2.028318997
*c1ccc2c(c1)C(=O)N(c1c(C)cc(C)c(N3C(=O)c4ccc(C(*)(C(F)(F)F)C(F)(F)F)cc4C3=O)c1C)C2=O,2.415183887
*c1ccc2c(c1)C(=O)N(c1c(C)cc(C3(c4cc(C)c(N5C(=O)c6ccc(C(*)(C(F)(F)F)C(F)(F)F)cc6C5=O)c(C(C)C)c4)c4ccccc4-c4ccccc43)cc1C(C)C)C2=O,2.553890117
*c1ccc2c(c1)C(=O)N(c1c(C)cc(C3(c4cc(C)c(N5C(=O)c6ccc(C(*)(C(F)(F)F)C(F)(F)F)cc6C5=O)c(C)c4)c4ccccc4-c4ccccc43)cc1C)C2=O,2.404785518
*c1ccc2c(c1)C(=O)N(c1c(C)cc(Cc3cc(C)c(N4C(=O)c5ccc(C(*)(C(F)(F)F)C(F)(F)F)cc5C4=O)c(C(C)C)c3)cc1C(C)C)C2=O,2.101144673
*c1ccc2c(c1)C(=O)N(c1c(C)cc(Cc3cc(C)c(N4C(=O)c5ccc(C(*)(C(F)(F)F)C(F)(F)F)cc5C4=O)c(C)c3)cc1C)C2=O,1.659119034
*c1ccc2c(c1)C(=O)N(c1c(CC)cc(Cc3cc(CC)c(N4C(=O)c5ccc(C(*)(C(F)(F)F)C(F)(F)F)cc5C4=O)c(CC)c3)cc1CC)C2=O,1.885023781
*c1ccc2c(c1)C(=O)N(c1cc(C(=O)Nc3ccc(C(c4ccc(NC(=O)c5ccc(C)c(N6C(=O)c7ccc(C(*)(C(F)(F)F)C(F)(F)F)cc7C6=O)c5)cc4)(C(F)(F)F)C(F)(F)F)cc3)ccc1C)C2=O,1.643452676
*c1ccc2c(c1)C(=O)N(c1cc(C(=O)Oc3ccc(C(c4ccc(OC(=O)c5ccc(C)c(N6C(=O)c7ccc(C(*)(C(F)(F)F)C(F)(F)F)cc7C6=O)c5)cc4)(C(F)(F)F)C(F)(F)F)cc3)ccc1C)C2=O,1.672097858
*c1ccc2c(c1)C(=O)N(c1ccc(-c3ccc(N4C(=O)c5ccc(C(*)(C(F)(F)F)C(F)(F)F)cc5C4=O)c(C)c3)cc1C)C2=O,1.346690786
*c1ccc2c(c1)C(=O)N(c1ccc(C(=O)Nc3ccc(C(c4ccc(NC(=O)c5ccc(N6C(=O)c7ccc(C(*)(C(F)(F)F)C(F)(F)F)cc7C6=O)c(C)c5)cc4)(C(F)(F)F)C(F)(F)F)cc3)cc1C)C2=O,1.531478917
*c1ccc2c(c1)C(=O)N(c1ccc(C(=O)Nc3ccc(C(c4ccc(NC(=O)c5ccc(N6C(=O)c7ccc(C(*)(C(F)(F)F)C(F)(F)F)cc7C6=O)cc5)cc4)(C(F)(F)F)C(F)(F)F)cc3)cc1)C2=O,1.397940009
*c1ccc2c(c1)C(=O)N(c1ccc(C(C)(C)c3ccc(N4C(=O)c5ccc(C(*)(C(F)(F)F)C(F)(F)F)cc5C4=O)cc3)cc1)C2=O,1.477121255
*c1ccc2c(c1)C(=O)N(c1ccc(C(c3ccccc3)(c3ccc(N4C(=O)c5ccc(C(*)(C(F)(F)F)C(F)(F)F)cc5C4=O)cc3)C(F)(F)F)cc1)C2=O,1.19238693
*c1ccc2c(c1)C(=O)N(c1ccc(C3(c4ccc(N5C(=O)c6ccc(C(*)(C(F)(F)F)C(F)(F)F)cc6C5=O)c(C(C)C)c4)c4ccccc4-c4ccccc43)cc1C(C)C)C2=O,1.845076768
*c1ccc2c(c1)C(=O)N(c1ccc(C3(c4ccc(N5C(=O)c6ccc(C(*)(C(F)(F)F)C(F)(F)F)cc6C5=O)c(F)c4)c4ccccc4-c4ccccc43)cc1F)C2=O,1.708169859
*c1ccc2c(c1)C(=O)N(c1ccc(C3(c4ccc(N5C(=O)c6ccc(C(*)(C(F)(F)F)C(F)(F)F)cc6C5=O)cc4)c4ccccc4-c4ccccc43)cc1)C2=O,1.686209565
*c1ccc2c(c1)C(=O)N(c1ccc(Cc3ccc(N4C(=O)c5ccc(C(*)(C(F)(F)F)C(F)(F)F)cc5C4=O)c(C(C)(C)C)c3)cc1C(C)(C)C)C2=O,1.899114221
*c1ccc2c(c1)C(=O)N(c1ccc(Cc3ccc(N4C(=O)c5ccc(C(*)(C(F)(F)F)C(F)(F)F)cc5C4=O)c(C(C)C)c3)cc1C(C)C)C2=O,1.530124309
*c1ccc2c(c1)C(=O)N(c1ccc(Cc3ccc(N4C(=O)c5ccc(C(*)(C(F)(F)F)C(F)(F)F)cc5C4=O)c(C(F)(F)F)c3)cc1C(F)(F)F)C2=O,1.330118466
*c1ccc2c(c1)C(=O)N(c1ccc(Cc3ccc(N4C(=O)c5ccc(C(*)(C(F)(F)F)C(F)(F)F)cc5C4=O)cc3)cc1)C2=O,1.058289464
*c1ccc2c(c1)C(=O)N(c1ccc(S(=O)(=O)c3ccc(N4C(=O)c5ccc(C(*)(C(F)(F)F)C(F)(F)F)cc5C4=O)cc3)cc1)C2=O,1.204119983
*c1ccc2c(c1)C(=O)N(c1cccc(C(=O)Nc3ccc(C(c4ccc(NC(=O)c5cccc(N6C(=O)c7ccc(C(*)(C(F)(F)F)C(F)(F)F)cc7C6=O)c5)cc4)(C(F)(F)F)C(F)(F)F)cc3)c1)C2=O,1.041392685
*c1ccc2c(c1)C(=O)N(c1cccc(S(=O)(=O)c3cccc(N4C(=O)c5ccc(C(*)(C(F)(F)F)C(F)(F)F)cc5C4=O)c3)c1)C2=O,0.361727836
*c1ccc2c(c1)C1(CC2(C)C)CC(C)(C)c2ccc(N3C(=O)c4cc5c(cc4C3=O)C3(CC(C)(C)c4cc6c(cc43)C(=O)N(*)C6=O)CC5(C)C)cc21,3.182699903
*c1cccc(N2C(=O)c3ccc(Oc4ccc(C(C)(C)c5ccc(Oc6ccc7c(c6)C(=O)N(*)C7=O)cc5)cc4)cc3C2=O)c1,0.1215953825
*c1cccc(N2C(=O)c3ccc(Oc4ccc(C5(c6ccc(Oc7ccc8c(c7)C(=O)N(*)C8=O)c(C)c6)CCCCC5)cc4C)cc3C2=O)c1,0.077487056
*c1cccc(N2C(=O)c3ccc(Oc4ccc5c(c4)C4(CC(C)(C)c6ccc(Oc7ccc8c(c7)C(=O)N(*)C8=O)cc64)CC5(C)C)cc3C2=O)c1,1.061414846
*c1cccc2c(-n3c(=O)c4cc5oc6cc7c(cc6oc5cc4c3=O)C3(CC(C)(C)c4cc5oc6cc8c(=O)n(*)c(=O)c8cc6oc5cc43)CC7(C)C)cccc12,2.707570176
